index,repeat_id,batch_size,target_output_tokens,prompt_token_count,enable_chunked_prefill,max_num_batched_tokens,max_num_seqs,queue_seed,sampling_seed,scheduler_signature,avg_generated_tokens,min_generated_tokens,max_generated_tokens,avg_ttft_ms,mean_ttft_ms,p50_ttft_ms,p95_ttft_ms,p99_ttft_ms,max_ttft_ms,avg_tbt_ms,mean_tbt_ms,p50_tbt_ms,p95_tbt_ms,p99_tbt_ms,avg_e2e_ms,mean_e2e_ms,p50_e2e_ms,p95_e2e_ms,p99_e2e_ms,batch_start_time,batch_end_time,decode_start_time,decode_end_time,final_context_len_per_request,avg_active_context_len_per_request,context_total_tokens,approx_kv_pressure,normalized_kv_blocks,total_kv_blocks,avg_power_w,peak_power_w,min_power_w,total_energy_j,dynamic_power_w,dynamic_energy_j,idle_baseline_w
0,1,32,300,1,True,2048,64,20260329,20260329,cp1_mbt2048_mns64,300,300,300,233.93475060220223,233.93475060220223,240.24106498109177,244.91583519265987,245.1373887830414,245.14173495117572,67.56503367862243,67.56503367862243,67.56924271733845,67.660740516569,67.66819820570352,20435.87982051031,20435.87982051031,20443.39467852842,20473.1708907173,20473.961312278407,1774770010.3952394,1774770030.8734915,1774770010.500321,1774770030.8734915,301,151.0,9632,4832.0,19,608,216.9176015070552,226.988,49.5,4419.2993564527,159.8472681737219,3256.595704834378,57.07033333333333
1,1,50,20,1,True,2048,64,20260329,20260329,cp1_mbt2048_mns64,20,20,20,267.1374532021582,267.1374532021582,272.63649948872626,312.3294653254561,314.1734595235903,315.09801698848605,69.10504027907001,69.10504027907001,69.09815376428398,70.50952009556471,70.73496181150212,1580.1332185044885,1580.1332185044885,1585.931061941665,1636.647534900112,1644.232651918428,1774770031.8439355,1774770033.4975748,1774770031.9657245,1774770033.4975748,21,11.0,1050,550.0,2,100,140.39301627272397,229.578,63.792,215.0610894277096,83.32268293939063,127.63788002228738,57.07033333333333
2,5,16,100,1,True,2048,64,20260329,20260329,cp1_mbt2048_mns64,100,100,100,219.90006582200292,219.90006582200292,228.33828651346263,230.92914500739425,230.97798496019092,230.99019494839013,67.99642360721293,67.99642360721293,68.00488582306608,68.15898331026828,68.1847141408291,6951.546002936084,6951.546002936084,6959.151890012436,6975.162424234441,6977.571981603978,1774770034.3862772,1774770041.3676083,1774770034.4801588,1774770041.3676083,101,51.0,1616,816.0,7,112,206.55579423216312,224.074,98.272,1422.6426023147103,149.4854608988298,1029.5735633651416,57.07033333333333
3,5,64,200,1,True,2048,64,20260329,20260329,cp1_mbt2048_mns64,200,200,200,300.3136772185826,300.3136772185826,298.0566180194728,380.7571640354581,390.97334887017496,391.6348299244419,68.90637928912993,68.90637928912993,68.90325491455846,69.08101273750906,69.14427277571218,14012.68315575544,14012.68315575544,14012.708021502476,14097.61154440348,14129.921267380703,1774770042.3032658,1774770056.446873,1774770042.4883535,1774770056.446873,201,101.0,12864,6464.0,13,832,223.7030468246457,234.917,80.142,3122.563278753159,166.63271349131236,2325.94593400792,57.07033333333333
4,3,4,10,1,True,2048,64,20260329,20260329,cp1_mbt2048_mns64,10,10,10,162.57616601069458,162.57616601069458,162.66739001730457,229.11291028140116,229.1373252286576,229.14342896547168,67.2040025852362,67.2040025852362,67.21365549472264,67.27787238907896,67.28359395068966,767.4121892778203,767.4121892778203,767.5182660459541,833.9261376764625,834.0460859518498,1774770057.316655,1774770058.1511438,1774770057.4130769,1774770058.1511438,11,6.0,44,24.0,1,4,102.7127466725372,132.318,86.964,75.80887972855567,45.64241333920388,33.687155055681856,57.07033333333333
5,5,1,300,1,True,2048,64,20260329,20260329,cp1_mbt2048_mns64,300,300,300,89.48153001256287,89.48153001256287,89.48153001256287,89.48153001256287,89.48153001256287,89.48153001256287,66.47124517020647,66.47124517020647,66.47124517020647,66.47124517020647,66.47124517020647,19964.3838359043,19964.3838359043,19964.3838359043,19964.3838359043,19964.3838359043,1774770059.0411422,1774770079.0055256,1774770059.130623,1774770079.0055256,301,151.0,301,151.0,19,19,223.5376485731968,230.444,100.821,4442.788914225581,166.46731523986344,3308.521617942972,57.07033333333333
6,3,8,100,1,True,2048,64,20260329,20260329,cp1_mbt2048_mns64,100,100,100,180.49034211435355,180.49034211435355,230.41401494992897,231.7035313870292,231.84827909222804,231.88446601852772,67.71482393966348,67.71482393966348,67.7083561871897,67.76045906308079,67.76383735641667,6884.257912141038,6884.257912141038,6931.500163511373,6939.589142840123,6940.388210219098,1774770079.8701422,1774770086.8111932,1774770079.966637,1774770086.8111932,101,51.0,808,408.0,7,56,209.36946644536505,226.296,111.423,1433.0411072095649,152.2991331120317,1042.4199958444055,57.07033333333333
7,1,50,50,1,True,2048,64,20260329,20260329,cp1_mbt2048_mns64,50,50,50,297.9476022487506,297.9476022487506,303.4185060532764,312.53131486009806,313.2198468234856,313.396999030374,68.87471963931826,68.87471963931826,68.87033465318382,69.83360524030346,69.87082886561865,3672.808864575345,3672.808864575345,3678.47329453798,3720.379481988493,3728.564938940108,1774770087.7169335,1774770091.45284,1774770087.8278446,1774770091.45284,51,26.0,2550,1300.0,4,200,203.3066459776632,235.393,88.433,736.9856706994776,146.23631264432987,530.1059708920722,57.07033333333333
8,2,32,200,1,True,2048,64,20260329,20260329,cp1_mbt2048_mns64,200,200,200,295.6378608614614,295.6378608614614,316.31861603818834,322.36072758678347,324.03934361529537,324.47144796606153,67.71260680635629,67.71260680635629,67.71291847236631,67.85970122091842,67.86918188706767,13770.446615326364,13770.446615326364,13788.042973959818,13823.050767579116,13827.212582505308,1774770092.3482134,1774770106.1769068,1774770092.5297663,1774770106.1769068,201,101.0,6432,3232.0,13,416,224.3052408980664,233.762,88.365,3061.125138079403,167.2349075647331,2282.2782805303714,57.07033333333333
9,3,8,150,1,True,2048,64,20260329,20260329,cp1_mbt2048_mns64,150,150,150,211.14691560796928,211.14691560796928,227.9342504334636,229.17155698523857,229.175661803456,229.1766880080104,67.71757334412932,67.71757334412932,67.71600758070876,67.75822534371206,67.76240344735913,10301.065343883238,10301.065343883238,10317.832603002898,10324.24859124585,10324.481854176847,1774770107.0454972,1774770117.3714018,1774770107.1392038,1774770117.3714018,151,76.0,1208,608.0,10,80,216.71840348154768,227.873,113.703,2217.5056146571646,159.64807014821437,1633.5506640671106,57.07033333333333
10,3,16,50,1,True,2048,64,20260329,20260329,cp1_mbt2048_mns64,50,50,50,229.3864359962754,229.3864359962754,236.63745500380173,241.7374804790597,241.9468480569776,241.99918995145708,68.05784687383827,68.05784687383827,68.1431438270196,68.38279695972345,68.4341161597368,3564.220932814351,3564.220932814351,3573.8305005361326,3588.5529287625104,3589.18856815435,1774770118.252446,1774770121.8434367,1774770118.3826134,1774770121.8434367,51,26.0,816,416.0,4,64,198.77090360312195,229.66,92.818,687.9109740549325,141.7005702697886,490.4006348588068,57.07033333333333
11,1,64,40,1,True,2048,64,20260329,20260329,cp1_mbt2048_mns64,40,40,40,302.9237997761811,302.9237997761811,319.86264750594273,338.1965361186303,341.05921777896583,342.34048589132726,69.54644129030221,69.54644129030221,69.49274594752262,70.76375532375936,70.95223613059483,3015.2350100979675,3015.2350100979675,3026.7513840226457,3086.5919979056343,3097.2722196171526,1774770122.7842865,1774770125.8864796,1774770122.9096158,1774770125.8864796,41,21.0,2624,1344.0,3,192,194.2800836948176,236.709,77.968,578.3453600794743,137.20975036148425,408.4547472394576,57.07033333333333
12,4,64,200,1,True,2048,64,20260329,20260329,cp1_mbt2048_mns64,200,200,200,273.4665275493171,273.4665275493171,268.638922017999,328.1006639881525,333.1278222275432,333.63248489331454,69.07564850169264,69.07564850169264,69.06627473624975,69.29236725739077,69.33125118990593,14019.520579386151,14019.520579386151,14021.730154985562,14082.254498824475,14114.494619270554,1774770126.8471134,1774770140.9836652,1774770126.9866586,1774770140.9836652,201,101.0,12864,6464.0,13,832,228.52603185484992,238.284,96.472,3198.6803886535176,171.45569852151655,2399.866553198656,57.07033333333333
13,1,16,300,1,True,2048,64,20260329,20260329,cp1_mbt2048_mns64,300,300,300,209.1747701269924,209.1747701269924,229.6442099614069,233.28785272315145,233.30477215349677,233.30900201108307,68.04750890846374,68.04750890846374,68.04356456015502,68.09851239816157,68.10019511101069,20555.37993375765,20555.37993375765,20574.06093896134,20590.459073486272,20591.540550638456,1774770141.8712523,1774770162.466495,1774770141.9664466,1774770162.466495,301,151.0,4816,2416.0,19,304,224.76931309688916,231.321,67.729,4607.781797089819,167.6989797635558,3437.8372016110457,57.07033333333333
14,2,50,200,1,True,2048,64,20260329,20260329,cp1_mbt2048_mns64,200,200,200,287.8083245595917,287.8083245595917,289.676962478552,358.1576226220932,360.0510111008771,360.5179130099714,68.44646321808517,68.44646321808517,68.42976738962031,68.69078967907471,68.72720881027108,13908.65450495854,13908.65450495854,13911.962834536098,13967.082424031105,13978.503756327556,1774770163.3950174,1774770177.3834114,1774770163.558436,1774770177.3834114,201,101.0,10050,5050.0,13,650,228.751333724208,238.223,92.713,3162.48158217239,171.68100039087466,2373.4856226003926,57.07033333333333
15,4,8,75,1,True,2048,64,20260329,20260329,cp1_mbt2048_mns64,75,75,75,216.07034001499412,216.07034001499412,232.49098198721185,234.27482647821307,234.2762124724686,234.2765589710325,67.8956481821621,67.8956481821621,67.89452966846954,67.99428505812003,68.00603128146895,5240.34830549499,5240.34830549499,5258.052253455389,5263.712655456038,5264.479108747328,1774770178.25853,1774770183.524927,1774770178.356995,1774770183.524927,76,38.5,608,308.0,5,40,207.07638145060432,228.551,90.721,1070.1565663461683,150.00604811727098,775.2209897613524,57.07033333333333
16,5,16,300,1,True,2048,64,20260329,20260329,cp1_mbt2048_mns64,300,300,300,215.81893836992091,215.81893836992091,235.5954514350742,240.8756679506041,242.5798551295884,243.00590192433447,68.27800383425436,68.27800383425436,68.27040539624599,68.31944508794976,68.3265060344851,20630.942084811977,20630.942084811977,20648.470605548937,20666.94664975512,20669.101575523386,1774770184.5051978,1774770205.179672,1774770184.6134193,1774770205.179672,301,151.0,4816,2416.0,19,304,225.00303928522092,230.966,103.377,4627.469366105795,167.93270595188764,3453.7464686178373,57.07033333333333
17,2,4,300,1,True,2048,64,20260329,20260329,cp1_mbt2048_mns64,300,300,300,158.68814155692235,158.68814155692235,158.99635100504383,215.96068704384376,223.98442309699016,225.9903571102768,67.59153287863612,67.59153287863612,67.59135409185888,67.59691700270403,67.59768199307585,20368.55647226912,20368.55647226912,20369.76427497575,20424.592857301468,20432.174438714283,1774770206.043304,1774770226.4777946,1774770206.134701,1774770226.4777946,301,151.0,1204,604.0,19,76,224.3223779130037,230.142,111.27,4563.411138007643,167.25204457967033,3402.4240033039277,57.07033333333333
18,5,4,200,1,True,2048,64,20260329,20260329,cp1_mbt2048_mns64,200,200,200,160.03858999465592,160.03858999465592,160.05183750530705,227.2974345833063,227.33932370319965,227.34979598317292,67.58466703380252,67.58466703380252,67.58238980897595,67.59610912448437,67.59791321773434,13609.387329721358,13609.387329721358,13609.65271195164,13676.147125824356,13676.375418747775,1774770227.341685,1774770241.0184956,1774770227.434787,1774770241.0184956,201,101.0,804,404.0,13,52,221.29722905353307,229.967,100.837,3006.0370567878463,164.22689572019974,2230.8102833801486,57.07033333333333
19,1,16,10,1,True,2048,64,20260329,20260329,cp1_mbt2048_mns64,10,10,10,227.0959919987945,227.0959919987945,234.6256254822947,243.13155174604617,243.3101879141759,243.35484695620835,69.53675288888108,69.53675288888108,69.51913294485874,71.45587063536772,72.04377936496813,852.9267679987242,852.9267679987242,862.0938385138288,879.6088075032458,881.1681798426434,1774770241.8961737,1774770242.777868,1774770242.001009,1774770242.777868,11,6.0,176,96.0,1,16,118.6015065389796,131.451,107.075,92.1366531088352,61.53117320564626,47.80104845603306,57.07033333333333
20,3,32,10,1,True,2048,64,20260329,20260329,cp1_mbt2048_mns64,10,10,10,222.77308163029372,222.77308163029372,233.3346840459853,244.9916252924595,246.53075736481696,247.099930071272,71.96025190326812,71.96025190326812,71.97323500359845,76.6157080186531,76.89823302893072,870.4153487597068,870.4153487597068,883.4688399801962,923.0498070421164,927.6482562941964,1774770244.092214,1774770245.03946,1774770244.2057118,1774770245.03946,11,6.0,352,192.0,1,32,109.0803879563099,165.541,96.334,90.9455664445162,52.01005462297657,43.36328433660667,57.07033333333333
21,1,8,150,1,True,2048,64,20260329,20260329,cp1_mbt2048_mns64,150,150,150,216.89868037356064,216.89868037356064,242.71373549709097,243.45734549569897,243.62308116978969,243.66451508831236,67.937035197271,67.937035197271,67.90139641254927,68.10505699863245,68.17591329495853,10339.51692476694,10339.51692476694,10357.092865044253,10365.561003651235,10366.08612711425,1774770245.9091246,1774770256.2765727,1774770246.0182254,1774770256.2765727,151,76.0,1208,608.0,10,80,216.71955175190695,228.366,101.182,2223.1844226924177,159.64921841857364,1637.737124380469,57.07033333333333
22,4,50,10,1,True,2048,64,20260329,20260329,cp1_mbt2048_mns64,10,10,10,275.05743488436565,275.05743488436565,296.1478454526514,310.52930584410205,312.41171100060456,312.5855668913573,71.82783824391663,71.82783824391663,71.51776132458407,75.81336088413892,76.14358039676316,921.5079790796152,921.5079790796152,941.2528529646806,986.061183566926,994.658723048633,1774770257.200851,1774770258.1985335,1774770257.304376,1774770258.1985335,11,6.0,550,300.0,1,50,116.38967143450988,160.221,86.684,104.07068712198736,59.31933810117657,53.040825699766486,57.07033333333333
23,1,64,150,1,True,2048,64,20260329,20260329,cp1_mbt2048_mns64,150,150,150,392.8068607983733,392.8068607983733,417.9728005547077,429.876238811994,435.0017778901383,437.3483150266111,69.11451948162843,69.11451948162843,69.09995146631732,69.39952783286572,69.42283265595793,10690.87026356101,10690.87026356101,10695.57266694028,10762.100887775889,10766.461912423838,1774770259.1252415,1774770269.900222,1774770259.3487968,1774770269.900222,151,76.0,9664,4864.0,10,640,225.4203781564872,238.718,78.262,2378.5062628626843,168.35004482315384,1776.3329084964612,57.07033333333333
24,2,16,150,1,True,2048,64,20260329,20260329,cp1_mbt2048_mns64,150,150,150,285.1911143734469,285.1911143734469,295.972645515576,297.1830032183789,298.2825757819228,298.5574689228088,68.24969148000424,68.24969148000424,68.26004883916673,68.35043057076626,68.35767813569916,10454.39514489408,10454.39514489408,10465.467379544862,10480.893137748351,10481.993412296288,1774770270.7801037,1774770281.2630975,1774770270.9031289,1774770281.2630975,151,76.0,2416,1216.0,10,160,218.61204599954365,230.4,83.375,2264.813945748243,161.54171266621032,1673.5670808700654,57.07033333333333
25,3,64,200,1,True,2048,64,20260329,20260329,cp1_mbt2048_mns64,200,200,200,313.04297156566463,313.04297156566463,305.881017469801,380.1396342169028,384.801841143053,385.3565820027143,69.19602995277735,69.19602995277735,69.1732184522102,69.49358385558774,69.5687341524274,14083.052932168355,14083.052932168355,14097.098666999957,14149.303078313824,14162.723033465443,1774770282.2022643,1774770296.368259,1774770282.3214283,1774770296.368259,201,101.0,12864,6464.0,13,832,229.5812769534206,239.607,82.904,3224.8893187268977,172.51094362008726,2423.2320110179985,57.07033333333333
26,1,64,75,1,True,2048,64,20260329,20260329,cp1_mbt2048_mns64,75,75,75,268.3663064362918,268.3663064362918,268.331611470785,317.0623651356436,328.2955613138619,337.0867589255795,69.23011968528708,69.23011968528708,69.23502393859766,69.70736278060548,69.79146556784022,5391.395163147536,5391.395163147536,5391.668992466293,5458.217280707322,5484.520302057499,1774770297.4158554,1774770302.91554,1774770297.538854,1774770302.91554,76,38.5,4864,2464.0,5,320,214.02765979555747,238.013,96.8,1150.7595426231585,156.95732646222413,843.910274884816,57.07033333333333
27,4,8,10,1,True,2048,64,20260329,20260329,cp1_mbt2048_mns64,10,10,10,207.5048151018564,207.5048151018564,224.0048149833456,226.12056304351427,226.2877661373932,226.32956691086287,68.79286120885,68.79286120885,68.74614371918142,69.75025573176228,69.82198946022739,826.6405659815064,826.6405659815064,844.2355434526689,852.4462226079777,853.2734100567177,1774770303.788502,1774770304.642551,1774770303.879115,1774770304.642551,11,6.0,88,48.0,1,8,105.45998139398051,159.554,84.979,80.51192954587934,48.389648060647175,36.94239164384204,57.07033333333333
28,5,50,10,1,True,2048,64,20260329,20260329,cp1_mbt2048_mns64,10,10,10,320.5573159153573,320.5573159153573,304.10780501551926,377.8657407208812,381.2651580036618,381.68729399330914,70.74422277924087,70.74422277924087,70.82554688935892,73.96399650929703,74.4811765024335,957.2553209285252,957.2553209285252,962.7351799863392,1015.7242997025604,1020.0069223251194,1774770305.5591578,1774770306.5878413,1774770305.6786752,1774770306.5878413,11,6.0,550,300.0,1,50,123.21649824811402,179.459,103.059,112.02426287722584,66.14616491478068,60.13785062948861,57.07033333333333
29,4,50,40,1,True,2048,64,20260329,20260329,cp1_mbt2048_mns64,40,40,40,364.2340421956033,364.2340421956033,356.4884709776379,426.6611589177046,433.18651420180686,434.0533110080287,69.13311789994343,69.13311789994343,69.02098494808739,70.50383280849275,70.69282617787113,3060.425640293397,3060.425640293397,3059.541131427977,3112.019211857114,3119.3473695241846,1774770307.494025,1774770310.6161978,1774770307.7255447,1774770310.6161978,41,21.0,2050,1050.0,3,150,192.512995996339,236.293,95.046,556.4882950955631,135.44266266300565,391.51775722181816,57.07033333333333
30,3,16,10,1,True,2048,64,20260329,20260329,cp1_mbt2048_mns64,10,10,10,216.12830043159192,216.12830043159192,228.85999199934304,231.8471104954369,232.05703009152785,232.10950999055055,69.71614872842717,69.71614872842717,69.78255705649241,71.43382163808889,71.72689863105512,843.5736389874364,843.5736389874364,855.2988569717854,871.7171372263692,873.3352729934268,1774770311.5119886,1774770312.3884416,1774770311.6068554,1774770312.3884416,11,6.0,176,96.0,1,16,113.87402395850174,119.687,110.313,89.00236227059364,56.8036906251684,44.39697900875409,57.07033333333333
31,2,1,100,1,True,2048,64,20260329,20260329,cp1_mbt2048_mns64,100,100,100,87.59277500212193,87.59277500212193,87.59277500212193,87.59277500212193,87.59277500212193,87.59277500212193,66.70672497994295,66.70672497994295,66.70672497994295,66.70672497994295,66.70672497994295,6691.558548016474,6691.558548016474,6691.558548016474,6691.558548016474,6691.558548016474,1774770313.2451634,1774770319.936721,1774770313.3327563,1774770319.936721,101,51.0,101,51.0,7,7,213.7993763277178,231.793,96.07,1411.9235567281253,156.72904299438446,1035.0330839507587,57.07033333333333
32,2,64,10,1,True,2048,64,20260329,20260329,cp1_mbt2048_mns64,10,10,10,294.3274379467766,294.3274379467766,302.8594344505109,324.3687265785411,329.5423762081191,332.362649962306,76.83615719825967,76.83615719825967,76.55492416557132,85.0031198539202,85.84248881179116,985.8528527311136,985.8528527311136,990.693908999674,1073.554529086687,1090.9597853431478,1774770320.9465752,1774770322.0512693,1774770321.070916,1774770322.0512693,11,6.0,704,384.0,1,64,118.374820838785,193.382,98.682,116.04915280508996,61.30448750545167,60.10006002751987,57.07033333333333
33,2,32,150,1,True,2048,64,20260329,20260329,cp1_mbt2048_mns64,150,150,150,250.88797551143216,250.88797551143216,235.0740569527261,362.17547524138354,369.4088337931316,372.266570921056,67.63388057349812,67.63388057349812,67.60465099332517,67.84120494204467,67.87408029989516,10328.336180962651,10328.336180962651,10326.630910974927,10417.588315205649,10424.771869773977,1774770322.951578,1774770333.3796625,1774770323.0978844,1774770333.3796625,151,76.0,4832,2432.0,10,320,222.33542042459615,234.747,93.18,2286.003402933957,165.26508709126284,1699.218913276714,57.07033333333333
34,5,32,10,1,True,2048,64,20260329,20260329,cp1_mbt2048_mns64,10,10,10,224.21163668695957,224.21163668695957,233.18564757937563,237.27888512657955,238.00676495186053,238.26607095543292,72.42250545095885,72.42250545095885,72.68432055004976,76.29612695503359,76.5510101206342,876.0141857455892,876.0141857455892,887.3640469973907,922.7381128468552,926.396714784205,1774770334.2795963,1774770335.207202,1774770334.3771431,1774770335.207202,11,6.0,352,192.0,1,32,114.72803741714463,166.156,92.071,95.23101856720449,57.6577040838113,47.859285417596496,57.07033333333333
35,5,50,40,1,True,2048,64,20260329,20260329,cp1_mbt2048_mns64,40,40,40,250.2141316398047,250.2141316398047,250.57959399418905,296.0746999597177,308.56330283451825,312.3790220124647,69.08852481832488,69.08852481832488,68.96187043569695,70.5899247916069,71.00163898845682,2944.6665995544754,2944.6665995544754,2954.931937449146,2998.3798527508043,3031.4936902094632,1774770336.2063515,1774770339.2489326,1774770336.3391647,1774770339.2489326,41,21.0,2050,1050.0,3,150,190.7078201750737,236.712,75.409,554.9154869660135,133.63748684174035,388.8540649230874,57.07033333333333
36,2,16,50,1,True,2048,64,20260329,20260329,cp1_mbt2048_mns64,50,50,50,291.5201562063885,291.5201562063885,318.40534700313583,321.13242021296173,322.4763944046572,322.81238795258105,68.36935544397791,68.36935544397791,68.34293100080092,68.65911963348258,68.72083097933887,3641.618572961306,3641.618572961306,3665.666571527254,3686.212204018375,3687.083149625687,1774770340.1400652,1774770343.8284807,1774770340.3233817,1774770343.8284807,51,26.0,816,416.0,4,64,194.3930474285497,229.698,77.095,681.3668874529599,137.32271409521638,481.3297158379156,57.07033333333333
37,3,64,150,1,True,2048,64,20260329,20260329,cp1_mbt2048_mns64,150,150,150,335.8775307842734,335.8775307842734,351.4321390539408,372.338552220026,374.0181773900986,374.22377604525536,69.16675325472829,69.16675325472829,69.13979209439154,69.47881029629706,69.5265198014239,10641.723765738789,10641.723765738789,10651.802990003487,10710.50332656596,10714.232718048152,1774770344.7764037,1774770355.5052783,1774770344.940255,1774770355.5052783,151,76.0,9664,4864.0,10,640,223.96263987565035,237.952,67.971,2366.17053599322,166.89230654231702,1763.2211276114394,57.07033333333333
38,4,32,40,1,True,2048,64,20260329,20260329,cp1_mbt2048_mns64,40,40,40,302.1546132367803,302.1546132367803,325.83088043611497,332.7213351149112,332.9005172709003,332.93369004968554,68.41575623650733,68.41575623650733,68.36094521732332,69.15409622806459,69.18070507635817,2970.3691064605664,2970.3691064605664,2984.927838493604,3022.664087533485,3026.175479413941,1774770356.4165976,1774770359.4455974,1774770356.606713,1774770359.4455974,41,21.0,1312,672.0,3,96,190.39039328427535,233.18,96.58,540.4963085776567,133.32005995094204,378.48023222076887,57.07033333333333
39,5,16,40,1,True,2048,64,20260329,20260329,cp1_mbt2048_mns64,40,40,40,213.9582375966711,213.9582375966711,230.6834710179828,233.61182349617596,233.872683061054,233.9378979522735,68.41196634363419,68.41196634363419,68.39476000123585,68.80366655800921,68.81278555643243,2882.0249249984045,2882.0249249984045,2898.4436470200308,2914.5983327180147,2916.752209700644,1774770360.3751905,1774770363.292765,1774770360.470225,1774770363.292765,41,21.0,656,336.0,3,48,188.2689229655664,229.572,81.934,531.3964844851497,131.19858963223302,370.3132104958696,57.07033333333333
40,4,4,200,1,True,2048,64,20260329,20260329,cp1_mbt2048_mns64,200,200,200,157.49533296911977,157.49533296911977,157.4503959272988,224.70909442054108,224.7832189151086,224.80175003875047,67.35634015833294,67.35634015833294,67.35615451772225,67.36621897452366,67.36747990310866,13561.407024477376,13561.407024477376,13561.180051940028,13628.450163040545,13628.81158624892,1774770364.1543963,1774770377.7834957,1774770364.245113,1774770377.7834957,201,101.0,804,404.0,13,52,221.14671037299976,229.449,101.84,2993.9688130532463,164.07637703966645,2221.32879565322,57.07033333333333
41,2,50,150,1,True,2048,64,20260329,20260329,cp1_mbt2048_mns64,150,150,150,239.2748789605685,239.2748789605685,242.78523697284984,259.3638181919232,262.0700655179098,262.3989060521126,68.54620022846123,68.54620022846123,68.55479967092857,68.80205769084813,68.83216592126163,10452.658713001292,10452.658713001292,10453.486972022802,10495.197108580032,10508.959633348277,1774770378.7509856,1774770389.2742655,1774770378.878863,1774770389.2742655,151,76.0,7550,3800.0,10,500,224.94895627393555,237.219,82.443,2338.434873378755,167.8786229406022,1745.1658050862168,57.07033333333333
42,1,32,75,1,True,2048,64,20260329,20260329,cp1_mbt2048_mns64,75,75,75,229.24827108363388,229.24827108363388,233.76893304521215,238.07391953887415,238.40559659409337,238.5407460387796,68.12150160245388,68.12150160245388,68.11186231081248,68.53518245326404,68.55661325087468,5270.239389665221,5270.239389665221,5274.631889013108,5305.030663352227,5306.214030731935,1774770390.177667,1774770395.4886098,1774770390.275367,1774770395.4886098,76,38.5,2432,1232.0,5,160,212.0429646014288,234.164,97.058,1105.4314519768948,154.9726312680955,807.9099493887022,57.07033333333333
43,4,64,75,1,True,2048,64,20260329,20260329,cp1_mbt2048_mns64,75,75,75,278.98741030003293,278.98741030003293,283.14871195470914,327.0579142030328,332.9150456225034,335.56443999987096,69.32872185429792,69.32872185429792,69.3233753239887,69.92520177595291,70.02516446238685,5409.312827518079,5409.312827518079,5408.314488537144,5474.731418577721,5498.86864879285,1774770396.4665558,1774770401.9855394,1774770396.6020596,1774770401.9855394,76,38.5,4864,2464.0,5,320,214.78173136668943,237.83,85.092,1156.2731194388891,157.71139803335612,849.0361308418935,57.07033333333333
44,2,1,75,1,True,2048,64,20260329,20260329,cp1_mbt2048_mns64,75,75,75,91.15887305233628,91.15887305233628,91.15887305233628,91.15887305233628,91.15887305233628,91.15887305233628,66.70302267475809,66.70302267475809,66.70302267475809,66.70302267475809,66.70302267475809,5027.182550984435,5027.182550984435,5027.182550984435,5027.182550984435,5027.182550984435,1774770402.8515985,1774770407.87878,1774770402.9427564,1774770407.87878,76,38.5,76,38.5,5,5,207.9945640743504,232.157,85.187,1026.6660506812336,150.924230741017,744.9655456937553,57.07033333333333
45,1,32,100,1,True,2048,64,20260329,20260329,cp1_mbt2048_mns64,100,100,100,241.37392493867085,241.37392493867085,244.3156645167619,254.8564961354714,256.0855103773065,256.31239998620003,67.9286097995396,67.9286097995396,67.96270888827911,68.25754226925031,68.2804420547715,6966.306295093091,6966.306295093091,6972.094215045217,7000.729010632495,7001.628276320407,1774770408.7785022,1774770415.7875168,1774770408.971836,1774770415.7875168,101,51.0,3232,1632.0,7,224,218.45840405354676,233.98,92.902,1488.9427895779834,161.3880707202134,1099.96960411678,57.07033333333333
46,2,64,20,1,True,2048,64,20260329,20260329,cp1_mbt2048_mns64,20,20,20,306.3037182782864,306.3037182782864,318.83049505995587,332.72965226206,337.4615124799311,338.1648879731074,71.56277519329467,71.56277519329467,71.16651142285647,74.43684891454484,74.94036813793508,1665.996446950885,1665.996446950885,1671.2977785500698,1739.3395289662294,1751.0218860546593,1774770416.744754,1774770418.501208,1774770416.8643467,1774770418.501208,21,11.0,1344,704.0,2,128,165.96536921137795,235.669,83.129,271.66229403698446,108.8950358780446,178.24607263815403,57.07033333333333
47,1,4,75,1,True,2048,64,20260329,20260329,cp1_mbt2048_mns64,75,75,75,144.70025428454392,144.70025428454392,127.68575601512566,219.11569480434989,227.2970670473296,229.34241010807452,67.5564171487585,67.5564171487585,67.55279883824139,67.58792058083328,67.59176941371422,5143.875123292673,5143.875123292673,5127.719539043028,5216.33416680852,5224.359247807879,1774770419.3732245,1774770424.5995886,1774770419.4675944,1774770424.5995886,76,38.5,304,154.0,5,20,204.3789213972273,228.793,68.034,1048.8714489078518,147.30858806389395,755.9868265419002,57.07033333333333
48,4,50,20,1,True,2048,64,20260329,20260329,cp1_mbt2048_mns64,20,20,20,279.20818395679817,279.20818395679817,273.3947474625893,338.2485885056667,407.8055128711276,409.0780840488151,70.07123994028294,70.07123994028294,70.04144550362406,71.82014318409767,72.14293890565291,1610.561742822174,1610.561742822174,1616.4996194420382,1695.7316791871565,1721.1198018409775,1774770425.5131564,1774770427.2939267,1774770425.7226813,1774770427.2939267,21,11.0,1050,550.0,2,100,160.50642361570016,235.688,104.141,252.19498489677903,103.43609028236683,162.5234843497674,57.07033333333333
49,2,64,50,1,True,2048,64,20260329,20260329,cp1_mbt2048_mns64,50,50,50,281.2105971952405,281.2105971952405,281.45845799008384,326.08383893966675,338.7361645011697,345.39967705495656,69.62655059285272,69.62655059285272,69.51438588783981,70.6689785101584,70.84468154376847,3692.911576245024,3692.911576245024,3696.512933995109,3768.102963169804,3773.333412149223,1774770428.3459024,1774770432.158373,1774770428.4810474,1774770432.158373,51,26.0,3264,1664.0,4,256,199.4521763598777,236.93,68.181,733.450619146195,142.3818430265444,523.5844142135053,57.07033333333333
50,2,4,20,1,True,2048,64,20260329,20260329,cp1_mbt2048_mns64,20,20,20,175.41373998392373,175.41373998392373,191.7321354849264,226.1129535268992,226.15912904031572,226.17067291866988,67.47229846108607,67.47229846108607,67.47392489342019,67.51303054808983,67.51698526823404,1457.387410744559,1457.387410744559,1473.3618220197968,1508.6848376027774,1508.9467098691966,1774770433.0284772,1774770434.53772,1774770433.120497,1774770434.53772,21,11.0,84,44.0,2,8,150.0716689750825,228.007,106.191,212.6850174208879,93.00133564174917,131.80362973384058,57.07033333333333
51,1,50,100,1,True,2048,64,20260329,20260329,cp1_mbt2048_mns64,100,100,100,305.1376695651561,305.1376695651561,309.6114789368585,378.2321753562428,386.4623318100348,390.4257119866088,68.3881556869936,68.3881556869936,68.33120976278389,68.83775811093257,68.87547796634448,7075.565082577523,7075.565082577523,7088.598235044628,7137.835965619888,7140.355149189709,1774770435.451612,1774770442.6071186,1774770435.566382,1774770442.6071186,101,51.0,5050,2550.0,7,350,219.5109888491378,236.986,103.071,1545.5190698132517,162.44065551580448,1143.7018808437983,57.07033333333333
52,4,32,200,1,True,2048,64,20260329,20260329,cp1_mbt2048_mns64,200,200,200,269.4082772140973,269.4082772140973,297.92453144909814,304.7547787602525,343.03487903438514,360.0939939497039,67.8734491042788,67.8734491042788,67.878300726271,67.98592067996961,68.00945749899475,13776.22464896558,13776.22464896558,13799.277985002846,13829.803596239071,13842.84938207944,1774770443.5175793,1774770457.3741271,1774770443.6401677,1774770457.3741271,201,101.0,6432,3232.0,13,416,225.7307221764057,234.611,111.561,3100.1766357421848,168.66038884307235,2316.374979112781,57.07033333333333
53,1,8,50,1,True,2048,64,20260329,20260329,cp1_mbt2048_mns64,50,50,50,199.8946461098967,199.8946461098967,233.06309705367312,234.85572956269607,235.00204746378583,235.0386269390583,67.9713932551415,67.9713932551415,67.95487091852809,68.06118502958715,68.07115516038516,3530.4929156118305,3530.4929156118305,3561.570624995511,3569.4026765064336,3569.980375275481,1774770458.2524164,1774770461.8235068,1774770458.3512976,1774770461.8235068,51,26.0,408,208.0,4,32,196.7942420588978,227.928,96.18,683.3107807681561,139.72390872556446,485.1506434556644,57.07033333333333
54,5,16,75,1,True,2048,64,20260329,20260329,cp1_mbt2048_mns64,75,75,75,213.90078238619023,213.90078238619023,230.69268598919732,233.71497381594963,234.11059161298908,234.20949606224892,68.30450162502726,68.30450162502726,68.28989310825646,68.50799774032124,68.52054288854659,5268.433902638208,5268.433902638208,5285.378889006097,5300.079183041817,5303.985240653856,1774770462.7090845,1774770468.0156844,1774770462.8063548,1774770468.0156844,76,38.5,1216,616.0,5,80,208.30249023902667,229.909,92.842,1085.1163292187443,151.23215690569333,787.8181522123407,57.07033333333333
55,4,50,300,1,True,2048,64,20260329,20260329,cp1_mbt2048_mns64,300,300,300,456.442637576256,456.442637576256,321.2299335282296,815.8814628841355,847.614139902871,876.0796090355143,68.65871179732883,68.65871179732883,68.62684100185736,68.87978777662387,68.88571525070066,20985.397464977577,20985.397464977577,20843.89140002895,21387.071994686263,21392.59169274592,1774770468.987172,1774770490.4043264,1774770469.6684978,1774770490.4043264,301,151.0,15050,7550.0,19,950,230.77342122183853,238.859,82.641,4785.278116678755,173.70308788850517,3601.877464360834,57.07033333333333
56,3,8,300,1,True,2048,64,20260329,20260329,cp1_mbt2048_mns64,300,300,300,308.86571113660466,308.86571113660466,356.49352153996006,358.22783915209584,358.4821886231657,358.5457759909332,67.99342090871932,67.99342090871932,67.9901063593687,68.01669748856634,68.01760953101937,20638.89856284368,20638.89856284368,20685.10265246732,20694.95236454532,20695.69383366033,1774770491.2783685,1774770511.9744368,1774770491.5004752,1774770511.9744368,301,151.0,2408,1208.0,19,152,223.07861309191225,229.533,94.263,4567.3029563781065,166.00827975857888,3398.8471436847494,57.07033333333333
57,5,64,300,1,True,2048,64,20260329,20260329,cp1_mbt2048_mns64,300,300,300,336.90233751440246,336.90233751440246,357.97009500674903,378.1748230510857,381.6128778050188,382.4377229902893,69.39438731730895,69.39438731730895,69.38967566230929,69.51571250555142,69.540578307939,21085.82414538978,21085.82414538978,21092.59035094874,21151.189073675778,21156.28621609765,1774770512.9418209,1774770534.1088295,1774770513.12242,1774770534.1088295,301,151.0,19264,9664.0,19,1216,233.4715459395548,240.643,96.639,4899.72950801086,176.40121260622146,3702.0281130077,57.07033333333333
58,3,64,75,1,True,2048,64,20260329,20260329,cp1_mbt2048_mns64,75,75,75,283.58780273993034,283.58780273993034,292.8680169861764,331.37191304704174,336.8275097431615,340.4571810970083,69.22260312598695,69.22260312598695,69.18443464894301,69.7262754405037,69.78016612672158,5406.060434062965,5406.060434062965,5407.378597010393,5470.894412993221,5480.382547618356,1774770535.1362166,1774770540.640798,1774770535.2675946,1774770540.640798,76,38.5,4864,2464.0,5,320,214.90262605961465,239.231,93.13,1154.7155459425448,157.83229272628128,848.065030216217,57.07033333333333
59,4,4,10,1,True,2048,64,20260329,20260329,cp1_mbt2048_mns64,10,10,10,159.80179602047428,159.80179602047428,159.88658252172172,226.805163588142,226.8583566963207,226.87165497336537,67.46994139070415,67.46994139070415,67.45714984006352,67.57627197593037,67.59286248176876,767.0312685368117,767.0312685368117,767.2311789938249,833.7874888558872,833.9347370178439,1774770541.5096035,1774770542.343782,1774770541.6027727,1774770542.343782,11,6.0,44,24.0,1,4,115.0288240505686,115.658,114.186,85.23742095661166,57.95849071723526,42.947776890277886,57.07033333333333
60,2,50,10,1,True,2048,64,20260329,20260329,cp1_mbt2048_mns64,10,10,10,342.25235464517027,342.25235464517027,366.153827519156,383.2242938922718,383.55804152437486,383.73520399909467,71.39121514382876,71.39121514382876,71.32572827524402,75.74225359971427,76.14636353579246,984.7732909396292,984.7732909396292,1000.0966964871624,1055.2802639082074,1061.890615632292,1774770543.2481132,1774770544.3182075,1774770543.4048188,1774770544.3182075,11,6.0,550,300.0,1,50,119.83301229029468,154.697,91.462,109.4541513699293,62.762678956961366,57.32673853091399,57.07033333333333
61,5,64,50,1,True,2048,64,20260329,20260329,cp1_mbt2048_mns64,50,50,50,369.0153865736647,369.0153865736647,349.2998599540442,426.9364154606592,432.1516051376239,432.3545640800148,69.44305570026216,69.44305570026216,69.39096996864798,70.16350028499467,70.43926543743844,3771.725115886511,3771.725115886511,3763.3407159592025,3857.867829606402,3859.924206392607,1774770545.2662394,1774770549.1409097,1774770545.4894283,1774770549.1409097,51,26.0,3264,1664.0,4,256,198.79311091591205,238.531,68.999,725.8892975735663,141.72277758257871,517.4980510924656,57.07033333333333
62,2,50,100,1,True,2048,64,20260329,20260329,cp1_mbt2048_mns64,100,100,100,274.1802585590631,274.1802585590631,282.8444974729791,316.7233016109094,324.2010441911407,326.18457393255085,68.3559959182384,68.3559959182384,68.36715124246447,68.56822166974054,68.65119337011365,7041.423854464665,7041.423854464665,7040.419857483357,7094.300938106608,7100.1368811458815,1774770550.149586,1774770557.2749283,1774770550.2977817,1774770557.2749283,101,51.0,5050,2550.0,7,350,219.73729197499335,237.741,90.886,1533.1393575934171,162.66695864166007,1134.9512603528897,57.07033333333333
63,3,4,300,1,True,2048,64,20260329,20260329,cp1_mbt2048_mns64,300,300,300,193.45587995485403,193.45587995485403,226.80727747501803,227.07126158638857,227.0871122542303,227.09107492119077,67.5840866956377,67.5840866956377,67.58304154029253,67.59090112132117,67.59163572635956,20401.097801950527,20401.097801950527,20434.202742471825,20436.65823463234,20436.86203087098,1774770558.140832,1774770578.5784154,1774770558.233951,1774770578.5784154,301,151.0,1204,604.0,19,76,224.10431543006572,230.127,95.471,4559.282191774604,167.03398209673244,3398.216846174397,57.07033333333333
64,1,4,20,1,True,2048,64,20260329,20260329,cp1_mbt2048_mns64,20,20,20,126.41425349283963,126.41425349283963,126.36163149727508,159.9788261926733,160.0475483830087,160.06472893059254,67.5794230927223,67.5794230927223,67.56494771137736,67.66585751228328,67.67553718552287,1410.4232922545634,1410.4232922545634,1410.645702504553,1444.0781542856712,1444.3462700361852,1774770579.4569626,1774770580.9017718,1774770579.550024,1774770580.9017718,21,11.0,84,44.0,2,8,145.31054346668515,194.326,116.555,196.42320036196716,88.24021013335181,119.27850561634703,57.07033333333333
65,5,50,20,1,True,2048,64,20260329,20260329,cp1_mbt2048_mns64,20,20,20,281.5365435066633,281.5365435066633,299.88817701814696,312.95676940935664,314.04912165831774,314.2406949773431,69.79338254473221,69.79338254473221,69.63494865799714,71.87736773538697,72.19168389700107,1607.6108118565753,1607.6108118565753,1618.6661334941164,1668.1657941138835,1674.0177156031132,1774770581.8150475,1774770583.498242,1774770581.923114,1774770583.498242,21,11.0,1050,550.0,2,100,153.98841559149977,236.696,90.724,242.55147715584573,96.91808225816646,152.65839267540116,57.07033333333333
66,5,1,10,1,True,2048,64,20260329,20260329,cp1_mbt2048_mns64,10,10,10,87.54707500338554,87.54707500338554,87.54707500338554,87.54707500338554,87.54707500338554,87.54707500338554,66.4851287793782,66.4851287793782,66.4851287793782,66.4851287793782,66.4851287793782,685.9132340177894,685.9132340177894,685.9132340177894,685.9132340177894,685.9132340177894,1774770584.3604774,1774770585.0463898,1774770584.448024,1774770585.0463898,11,6.0,11,6.0,1,1,104.1822579444864,136.753,95.418,62.33909842169284,47.11192461115307,28.190163691163058,57.07033333333333
67,1,50,300,1,True,2048,64,20260329,20260329,cp1_mbt2048_mns64,300,300,300,323.25298823881894,323.25298823881894,356.3809695187956,371.1895048152656,376.0102316795383,377.6698700385168,68.55392745041124,68.55392745041124,68.54769814215183,68.63647777776788,68.64788689357025,20820.877295911778,20820.877295911778,20841.72775241313,20886.797868355643,20891.79082825198,1774770585.9573932,1774770606.8561044,1774770586.069043,1774770606.8561044,301,151.0,15050,7550.0,19,950,231.7915271881025,239.093,113.052,4818.264719912654,174.72119385476915,3631.94019377713,57.07033333333333
68,3,1,10,1,True,2048,64,20260329,20260329,cp1_mbt2048_mns64,10,10,10,91.20517899282277,91.20517899282277,91.20517899282277,91.20517899282277,91.20517899282277,91.20517899282277,66.65847422037687,66.65847422037687,66.65847422037687,66.65847422037687,66.65847422037687,691.1314469762146,691.1314469762146,691.1314469762146,691.1314469762146,691.1314469762146,1774770607.7169795,1774770608.40811,1774770607.8081844,1774770608.40811,11,6.0,11,6.0,1,1,105.08887197106353,156.911,93.142,63.045521012187,48.0185386377302,28.807558116078376,57.07033333333333
69,4,64,300,1,True,2048,64,20260329,20260329,cp1_mbt2048_mns64,300,300,300,314.78742452054576,314.78742452054576,317.6653195405379,396.31046673166566,402.2141433891375,403.9969129953533,69.41538346866561,69.41538346866561,69.40295922910221,69.57526774370317,69.58286885832854,21069.98708165156,21069.98708165156,21063.5331950034,21186.89532481949,21198.43092548661,1774770609.3331735,1774770630.5394702,1774770609.526136,1774770630.5394702,301,151.0,19264,9664.0,19,1216,232.52187286386572,239.941,93.705,4886.059840572835,175.4515395305324,3686.821849094233,57.07033333333333
70,2,32,10,1,True,2048,64,20260329,20260329,cp1_mbt2048_mns64,10,10,10,228.65858378645495,228.65858378645495,237.5215819920413,245.3847782162484,246.68183502508327,247.12710198946297,70.17594708506496,70.17594708506496,70.31192366654673,72.64118201888374,72.85114531935606,860.2421075520397,860.2421075520397,868.9420235459693,896.1901962640695,896.5441547369119,1774770631.5357635,1774770632.4416497,1774770631.644308,1774770632.4416497,11,6.0,352,192.0,1,32,108.2275698995427,189.655,85.679,86.29436794510394,51.15723656620937,40.789804292906425,57.07033333333333
71,3,50,200,1,True,2048,64,20260329,20260329,cp1_mbt2048_mns64,200,200,200,277.903503885027,277.903503885027,287.94137947261333,336.65854323189694,362.1776646247599,363.0989190423861,68.42579460226645,68.42579460226645,68.43426398729353,68.55022948675195,68.57560007760989,13894.636629736053,13894.636629736053,13898.780282994268,13951.637980516534,13984.39010875416,1774770633.3779542,1774770647.380623,1774770633.5288894,1774770647.380623,201,101.0,10050,5050.0,13,650,229.18877093921824,238.553,92.083,3174.661873179906,172.11843760588494,2384.1388009520306,57.07033333333333
72,4,8,200,1,True,2048,64,20260329,20260329,cp1_mbt2048_mns64,200,200,200,182.21741725574248,182.21741725574248,198.6079420312308,233.54776334017515,233.57633424922824,233.5834769764915,67.93392471935198,67.93392471935198,67.93165397999958,67.9503066641344,67.95440531673901,13701.068436406786,13701.068436406786,13716.570868040437,13755.001213838112,13755.518198007485,1774770648.2534103,1774770662.0097313,1774770648.351361,1774770662.0097313,201,101.0,1608,808.0,13,104,220.50937677483523,229.23,88.594,3011.798713003992,163.4390434415019,2232.3109696797915,57.07033333333333
73,5,8,150,1,True,2048,64,20260329,20260329,cp1_mbt2048_mns64,150,150,150,207.2404612263199,207.2404612263199,223.6194359138608,225.1740099978633,225.1800747984089,225.1815909985453,67.96962174756106,67.96962174756106,67.96759239947986,68.01224218055624,68.01512863476847,10334.714101612915,10334.714101612915,10351.425152039155,10358.569685119435,10359.348559422651,1774770662.9078226,1774770673.2681923,1774770662.9979231,1774770673.2681923,151,76.0,1208,608.0,10,80,217.5556323529454,229.093,95.06,2234.3549005602576,160.48529901961206,1648.2272164326885,57.07033333333333
74,1,50,10,1,True,2048,64,20260329,20260329,cp1_mbt2048_mns64,10,10,10,287.8936531418003,287.8936531418003,304.1279735043645,315.7793135207612,317.3697446240112,318.5254620620981,72.42285742113988,72.42285742113988,71.79594988701865,77.41742952817327,77.83478124571653,939.6993699320592,939.6993699320592,958.7525990209542,999.3947797745932,1009.9051450146362,1774770674.1712427,1774770675.1871068,1774770674.285498,1774770675.1871068,11,6.0,550,300.0,1,50,125.6610861693739,175.772,99.261,113.29715919542316,68.59075283604058,61.84203622849785,57.07033333333333
75,2,32,75,1,True,2048,64,20260329,20260329,cp1_mbt2048_mns64,75,75,75,232.63596701144704,232.63596701144704,239.06485945917663,246.4667093125172,248.7180127343163,249.55500091891736,68.00154254169438,68.00154254169438,68.02401846633418,68.437709433508,68.44329828929747,5264.750115096831,5264.750115096831,5273.073499440216,5303.248511155834,5308.428710297449,1774770676.1011312,1774770681.413721,1774770676.263482,1774770681.413721,76,38.5,2432,1232.0,5,160,213.4697798364428,234.357,110.106,1099.4204343628194,156.39944650310943,805.494564805836,57.07033333333333
76,1,4,300,1,True,2048,64,20260329,20260329,cp1_mbt2048_mns64,300,300,300,127.8741102432832,127.8741102432832,127.89442500798032,161.6842394694686,161.7189335078001,161.72760701738298,67.58892514466862,67.58892514466862,67.58834663050462,67.59404700232302,67.59478597034293,20336.9627284992,20336.9627284992,20336.970830976497,20370.28813964571,20370.46075676917,1774770682.279357,1774770702.6502588,1774770682.373707,1774770702.6502588,301,151.0,1204,604.0,19,76,224.1055438462662,230.073,88.613,4544.087651317482,167.03521051293285,3386.8980856078906,57.07033333333333
77,5,1,50,1,True,2048,64,20260329,20260329,cp1_mbt2048_mns64,50,50,50,88.57876795809716,88.57876795809716,88.57876795809716,88.57876795809716,88.57876795809716,88.57876795809716,66.7094257541419,66.7094257541419,66.7094257541419,66.7094257541419,66.7094257541419,3357.34062991105,3357.34062991105,3357.34062991105,3357.34062991105,3357.34062991105,1774770703.5060446,1774770706.8633838,1774770703.594622,1774770706.8633838,51,26.0,51,26.0,4,4,198.8350254030581,232.583,118.581,649.9443026973007,141.7646920697248,463.3949866105317,57.07033333333333
78,1,8,200,1,True,2048,64,20260329,20260329,cp1_mbt2048_mns64,200,200,200,208.9220848720288,208.9220848720288,225.69012845633551,226.8219222431071,226.872190090362,226.8847570521757,67.97167459554296,67.97167459554296,67.97236132923392,68.00535248677906,68.00978587019543,13735.28532938508,13735.28532938508,13752.646463515704,13758.457545167768,13759.167494713329,1774770707.733743,1774770721.49398,1774770707.8250637,1774770721.49398,201,101.0,1608,808.0,13,104,221.0807250365683,229.231,100.053,3021.93396229267,164.01039170323497,2241.8443433951525,57.07033333333333
79,3,16,100,1,True,2048,64,20260329,20260329,cp1_mbt2048_mns64,100,100,100,208.1782065652078,208.1782065652078,229.18566002044827,231.7125577828847,231.84502999065444,231.87814804259688,68.2355638838466,68.2355638838466,68.22147436917412,68.36964862128353,68.39015726370482,6963.499031066021,6963.499031066021,6982.3069454869255,6999.589155748254,7000.323631957872,1774770722.3722086,1774770729.3744354,1774770722.46643,1774770729.3744354,101,51.0,1616,816.0,7,112,214.0727648717526,230.799,96.374,1478.8158319960833,157.0024315384193,1084.5736568123898,57.07033333333333
80,3,64,100,1,True,2048,64,20260329,20260329,cp1_mbt2048_mns64,100,100,100,280.26909050640825,280.26909050640825,288.15815004054457,324.255072127562,336.04926230967976,341.32818097714335,69.1683858074777,69.1683858074777,69.13797124735822,69.59533558969123,69.66342568652695,7127.9392854467005,7127.9392854467005,7130.710539466236,7201.298366405536,7213.703142455779,1774770730.3774185,1774770737.612574,1774770730.5126753,1774770737.612574,101,51.0,6464,3264.0,7,448,220.6947484162652,238.97,90.308,1566.91033017385,163.62441508293185,1161.716751766642,57.07033333333333
81,5,8,100,1,True,2048,64,20260329,20260329,cp1_mbt2048_mns64,100,100,100,209.46671486308333,209.46671486308333,225.95045249909165,227.1119033335708,227.13916941313076,227.1459859330207,67.97638638656483,67.97638638656483,67.97738208063888,68.04496615535975,68.05482372753275,6939.128967133001,6939.128967133001,6956.227353948634,6963.342173333513,6964.4445394782815,1774770738.4858043,1774770745.450704,1774770738.5776134,1774770745.450704,101,51.0,808,408.0,7,56,211.81573178607368,228.421,103.881,1455.8287455763798,154.74539845274035,1063.579165784993,57.07033333333333
82,1,1,50,1,True,2048,64,20260329,20260329,cp1_mbt2048_mns64,50,50,50,88.4839299833402,88.4839299833402,88.4839299833402,88.4839299833402,88.4839299833402,88.4839299833402,66.70005142698254,66.70005142698254,66.70005142698254,66.70005142698254,66.70005142698254,3356.786449905485,3356.786449905485,3356.786449905485,3356.786449905485,3356.786449905485,1774770746.3267996,1774770749.6835847,1774770746.415283,1774770749.6835847,51,26.0,51,26.0,4,4,197.01860875668973,232.511,95.322,643.9162589329483,139.9482754233564,457.393190031171,57.07033333333333
83,4,64,150,1,True,2048,64,20260329,20260329,cp1_mbt2048_mns64,150,150,150,274.4334479848476,274.4334479848476,274.8125430662185,322.8042823902797,361.908167283982,380.49348804634064,69.15357302176861,69.15357302176861,69.11972260115131,69.53502861293026,69.58078227316079,10578.31582822837,10578.31582822837,10582.030418561772,10652.754236402689,10662.63873770251,1774770750.6920578,1774770761.389752,1774770750.8455148,1774770761.389752,151,76.0,9664,4864.0,10,640,227.36902128264205,239.662,90.108,2397.432877975585,170.29868794930874,1795.6697498303674,57.07033333333333
84,1,8,100,1,True,2048,64,20260329,20260329,cp1_mbt2048_mns64,100,100,100,184.2654523643432,184.2654523643432,225.9990379679948,227.42133961291984,227.5964695052244,227.6402519783005,67.93436592440662,67.93436592440662,67.92827819196526,67.98692513216108,67.99636892966146,6909.767678880598,6909.767678880598,6949.802080460358,6957.705589424586,6958.364725102438,1774770762.2640536,1774770769.2229748,1774770762.3558617,1774770769.2229748,101,51.0,808,408.0,7,56,212.38101950130823,228.701,90.835,1458.4444840554002,155.31068616797492,1066.5360496357682,57.07033333333333
85,4,32,150,1,True,2048,64,20260329,20260329,cp1_mbt2048_mns64,150,150,150,224.0699895810394,224.0699895810394,230.39988544769585,236.55187053373083,238.10570334317163,238.77902305684984,67.98097384793644,67.98097384793644,67.97397838930456,68.1948310632693,68.22455067275055,10353.235092923567,10353.235092923567,10360.391326947138,10393.559754441958,10398.30107859918,1774770770.137525,1774770780.5409472,1774770770.235326,1774770780.5409472,151,76.0,4832,2432.0,10,320,223.06881124061613,235.017,100.519,2298.8626583921905,165.9984779072828,1710.717424316962,57.07033333333333
86,3,4,20,1,True,2048,64,20260329,20260329,cp1_mbt2048_mns64,20,20,20,150.7588712265715,150.7588712265715,167.5647979718633,167.9275498026982,167.96552597079426,167.97502001281828,67.63650671009121,67.63650671009121,67.6126916568089,67.76883631889513,67.78644659084661,1435.8524987183046,1435.8524987183046,1451.9687529536895,1455.1545304595493,1455.4286485048942,1774770781.4058857,1774770782.8619552,1774770781.505816,1774770782.8619552,21,11.0,84,44.0,2,8,144.85712100610755,206.1,97.165,196.4464177393913,87.78678767277421,119.05110251665116,57.07033333333333
87,2,64,300,1,True,2048,64,20260329,20260329,cp1_mbt2048_mns64,300,300,300,317.11076383362524,317.11076383362524,330.97504300531,346.9833717099391,350.9103524137754,351.5987149439752,69.44033151118725,69.44033151118725,69.42205480942316,69.61125102506196,69.62277043269742,21079.769885678616,21079.769885678616,21083.93996750237,21140.52586724283,21152.95508019859,1774770783.7978652,1774770804.962091,1774770783.933074,1774770804.962091,301,151.0,19264,9664.0,19,1216,232.92123730921443,240.385,82.197,4898.104652418778,175.8509039758811,3697.971644177919,57.07033333333333
88,4,8,40,1,True,2048,64,20260329,20260329,cp1_mbt2048_mns64,40,40,40,211.1438188730972,211.1438188730972,226.3808815041557,295.92698588967323,296.31295634433627,296.40944895800203,67.90994278764208,67.90994278764208,67.92284474105168,68.01031021735608,68.02522481204224,2859.6315875911387,2859.6315875911387,2876.6365299234167,2943.0808911507484,2943.709745396627,1774770805.8379846,1774770808.7827313,1774770805.9371116,1774770808.7827313,41,21.0,328,168.0,3,24,185.89900954145293,228.88,81.496,528.9978797643184,128.8286762081196,366.5974161725839,57.07033333333333
89,4,32,20,1,True,2048,64,20260329,20260329,cp1_mbt2048_mns64,20,20,20,225.0973253212578,225.0973253212578,231.63626552559435,237.43033859645948,237.50983338570225,237.51841695047915,69.7613710096783,69.7613710096783,69.75667237144846,71.78133384287847,71.92603013037066,1550.5633745051457,1550.5633745051457,1558.256843010895,1596.070117119234,1602.7787471970078,1774770809.748131,1774770811.3524358,1774770809.8464782,1774770811.3524358,21,11.0,672,352.0,2,64,157.09074198504723,232.938,83.267,236.57199732470505,100.02040865171392,150.6264949096838,57.07033333333333
90,3,4,75,1,True,2048,64,20260329,20260329,cp1_mbt2048_mns64,75,75,75,142.40413400693797,142.40413400693797,125.991687993519,216.2535929935984,224.22811703523615,226.22174804564565,67.54776274996206,67.54776274996206,67.54030823012235,67.58825139070207,67.59252179178057,5140.93857750413,5140.93857750413,5125.291204021778,5212.564165331423,5220.487464237958,1774770812.218359,1774770817.441188,1774770812.3103805,1774770817.441188,76,38.5,304,154.0,5,20,206.2858595850928,229.622,86.872,1058.413014822933,149.21552625175943,765.5961262500813,57.07033333333333
91,2,16,40,1,True,2048,64,20260329,20260329,cp1_mbt2048_mns64,40,40,40,216.2382576134405,216.2382576134405,233.2512349821627,235.70593041949903,236.39704047818668,236.5698179928586,68.55124246701449,68.55124246701449,68.55385552775354,69.0159275851702,69.0458899069852,2889.7367138270056,2889.7367138270056,2903.9978435612284,2925.9074759902437,2927.0037431502715,1774770818.3225844,1774770821.2517047,1774770818.421706,1774770821.2517047,41,21.0,656,336.0,3,48,188.8131370870796,230.318,95.769,534.3409384683368,131.74280375374627,372.8319675222633,57.07033333333333
92,3,50,75,1,True,2048,64,20260329,20260329,cp1_mbt2048_mns64,75,75,75,270.0558115169406,270.0558115169406,294.5688330219127,311.80731048225425,313.923174807569,314.2101550474763,68.47413148847409,68.47413148847409,68.45690531033166,68.82994634412367,68.88420441895849,5337.141541664023,5337.141541664023,5340.890487481374,5390.90117700398,5398.96525057964,1774770822.179288,1774770827.5855772,1774770822.2902927,1774770827.5855772,76,38.5,3800,1925.0,5,250,213.62628916364056,237.377,90.744,1131.2119798641204,156.55595583030723,829.0083278030554,57.07033333333333
93,1,32,50,1,True,2048,64,20260329,20260329,cp1_mbt2048_mns64,50,50,50,222.81844717872443,222.81844717872443,227.3268279968761,231.25200815848075,232.1976854058448,232.55061695817855,68.40471094085156,68.40471094085156,68.38952490884088,68.99733156528876,69.0059051012896,3574.6492832804506,3574.6492832804506,3579.1345214820467,3609.725151024759,3611.140828860225,1774770828.4838746,1774770832.0992303,1774770828.5748584,1774770832.0992303,51,26.0,1632,832.0,4,128,199.7118460927934,234.206,107.264,703.8588109596969,142.64151275946006,502.7217339812519,57.07033333333333
94,3,8,50,1,True,2048,64,20260329,20260329,cp1_mbt2048_mns64,50,50,50,187.06421363458503,187.06421363458503,228.85901853442192,229.7921383462381,229.8048388713505,229.80801400262865,67.95450975781078,67.95450975781078,67.92520168261146,68.0643226317016,68.07831443755944,3516.835191767313,3516.835191767313,3556.3080344581977,3564.930339594139,3565.603237556061,1774770832.9684856,1774770836.535213,1774770833.0625527,1774770836.535213,51,26.0,408,208.0,4,32,194.7227585458559,227.85,108.729,676.2059937154054,137.6524252125226,478.0201126631498,57.07033333333333
95,3,32,100,1,True,2048,64,20260329,20260329,cp1_mbt2048_mns64,100,100,100,224.2292594564788,224.2292594564788,230.41323851794004,235.44437965611,237.34590225853023,238.1485929945484,68.03242208597378,68.03242208597378,68.0462339642514,68.36353119196973,68.37646601681664,6959.439045967883,6959.439045967883,6967.846407438628,6997.420994663844,7001.815095400671,1774770837.4336362,1774770844.4408295,1774770837.528927,1774770844.4408295,101,51.0,3232,1632.0,7,224,216.1235295699965,234.026,105.364,1493.824697184325,159.05319623666318,1099.360135276159,57.07033333333333
96,2,1,50,1,True,2048,64,20260329,20260329,cp1_mbt2048_mns64,50,50,50,89.220185065642,89.220185065642,89.220185065642,89.220185065642,89.220185065642,89.220185065642,66.6946208375335,66.6946208375335,66.6946208375335,66.6946208375335,66.6946208375335,3357.256606104784,3357.256606104784,3357.256606104784,3357.256606104784,3357.256606104784,1774770845.300398,1774770848.657653,1774770845.3896167,1774770848.657653,51,26.0,51,26.0,4,4,194.9086220317836,231.975,90.352,636.9684647511239,137.83828869845024,450.4605400260682,57.07033333333333
97,3,16,200,1,True,2048,64,20260329,20260329,cp1_mbt2048_mns64,200,200,200,216.60751005401835,216.60751005401835,223.66512048756704,231.37567396042868,231.38178199296817,231.38330900110304,68.27210957692216,68.27210957692216,68.2780442539434,68.35648561032235,68.3585567926361,13802.757315861529,13802.757315861529,13811.002581496725,13828.416948701488,13832.648016145686,1774770849.5867689,1774770863.4225004,1774770849.6814847,1774770863.4225004,201,101.0,3216,1616.0,13,208,221.57191098922925,230.346,103.915,3044.62310152948,164.50157765589591,2260.418756750863,57.07033333333333
98,5,64,100,1,True,2048,64,20260329,20260329,cp1_mbt2048_mns64,100,100,100,325.2453107070324,325.2453107070324,303.59801347367465,376.4753953553736,379.8832379514352,380.3932910086587,69.15520179673611,69.15520179673611,69.12790646016917,69.555111045801,69.61668478463767,7171.610288583906,7171.610288583906,7163.174462970346,7254.305387695786,7261.455946356291,1774770864.357923,1774770871.6265757,1774770864.5264375,1774770871.6265757,101,51.0,6464,3264.0,7,448,219.115176213108,238.449,87.431,1555.7479778302902,162.04484287977468,1150.5407383687889,57.07033333333333
99,3,8,200,1,True,2048,64,20260329,20260329,cp1_mbt2048_mns64,200,200,200,199.77312350238208,199.77312350238208,238.2059870287776,240.17223212867972,240.2851936593652,240.31343404203653,67.92453835297425,67.92453835297425,67.9287592586172,67.96214179303755,67.96663239080549,13716.756255744258,13716.756255744258,13756.571865000296,13764.252423931612,13765.245087196818,1774770872.5019417,1774770886.267434,1774770872.6147852,1774770886.267434,201,101.0,1608,808.0,13,104,219.8224521486072,228.954,113.035,3001.1587127795256,162.7521188152739,2221.9975013088424,57.07033333333333
100,3,50,100,1,True,2048,64,20260329,20260329,cp1_mbt2048_mns64,100,100,100,281.9848973490298,281.9848973490298,300.6729109911248,315.4933338460978,317.1280327916611,317.73371202871203,68.41113725917019,68.41113725917019,68.38713135838395,68.78906490835078,68.83376520675031,7054.687486006878,7054.687486006878,7068.88609752059,7116.965722566238,7123.014561103191,1774770887.2167726,1774770894.3480394,1774770887.3250427,1774770894.3480394,101,51.0,5050,2550.0,7,350,218.88135793056864,237.757,83.154,1537.2030465685136,161.81102459723527,1136.3982859524494,57.07033333333333
101,2,8,200,1,True,2048,64,20260329,20260329,cp1_mbt2048_mns64,200,200,200,187.32653438928537,187.32653438928537,228.5522465244867,230.96571173518896,231.06787672266364,231.0934179695323,67.93889289582323,67.93889289582323,67.93861071129876,67.9610407153664,67.96265222386097,13707.16622065811,13707.16622065811,13747.685986047143,13754.188831342615,13755.4308727209,1774770895.2229226,1774770908.9788673,1774770895.3177545,1774770908.9788673,201,101.0,1608,808.0,13,104,220.5874809784,228.987,96.447,3013.470509271976,163.51714764506667,2233.826235301769,57.07033333333333
102,3,16,20,1,True,2048,64,20260329,20260329,cp1_mbt2048_mns64,20,20,20,216.80829716933656,216.80829716933656,229.695288464427,231.72257567057383,231.82835989864543,231.85480595566327,69.15264360883923,69.15264360883923,69.04998734152238,70.21914929225059,70.30001040915714,1530.708525737282,1530.708525737282,1542.8826149436643,1562.1637182484849,1566.3228732941209,1774770909.871833,1774770911.439431,1774770909.9661806,1774770911.439431,21,11.0,336,176.0,2,32,154.43453087852353,223.39,92.8,227.520732707125,97.3641975451902,143.44184191777515,57.07033333333333
103,3,64,300,1,True,2048,64,20260329,20260329,cp1_mbt2048_mns64,300,300,300,280.07495653582737,280.07495653582737,283.4476084681228,328.16297330427915,339.2811673413962,341.30661794915795,69.40956965093127,69.40956965093127,69.39861509033221,69.54049880234415,69.55663143032632,21033.53628216428,21033.53628216428,21041.378543013707,21095.611650438517,21121.84744636412,1774770912.883486,1774770934.0609612,1774770913.067238,1774770934.0609612,301,151.0,19264,9664.0,19,1216,231.97758545749352,240.028,90.635,4870.073207043768,174.90725212416018,3671.9544287333897,57.07033333333333
104,2,50,75,1,True,2048,64,20260329,20260329,cp1_mbt2048_mns64,75,75,75,325.17732901964337,325.17732901964337,349.1459359647706,420.3921105596237,425.5032779963221,426.5765240415931,68.50691452493413,68.50691452493413,68.45256930446831,69.1162205539562,69.19379111939438,5394.689003864769,5394.689003864769,5406.193590024486,5483.838947396725,5494.569298891584,1774770934.9845114,1774770940.4846742,1774770935.2020755,1774770940.4846742,76,38.5,3800,1925.0,5,250,214.47691331626643,237.936,88.966,1132.9954196004323,157.4065799829331,831.5157625970296,57.07033333333333
105,4,1,200,1,True,2048,64,20260329,20260329,cp1_mbt2048_mns64,200,200,200,88.45146594103426,88.45146594103426,88.45146594103426,88.45146594103426,88.45146594103426,88.45146594103426,66.71638859332955,66.71638859332955,66.71638859332955,66.71638859332955,66.71638859332955,13365.012796013616,13365.012796013616,13365.012796013616,13365.012796013616,13365.012796013616,1774770941.3536663,1774770954.7186787,1774770941.4421177,1774770954.7186787,201,101.0,201,101.0,13,13,224.40463295730896,233.348,93.367,2979.3218030334237,167.33429962397565,2221.6240399986823,57.07033333333333
106,3,8,20,1,True,2048,64,20260329,20260329,cp1_mbt2048_mns64,20,20,20,185.3216838790104,185.3216838790104,226.47988650714976,228.8918742618989,229.188434885582,229.2625750415027,68.08419532209977,68.08419532209977,68.04885668373716,68.34440431435053,68.383942379028,1478.9213949989062,1478.9213949989062,1518.9657610026188,1527.1178127091844,1527.5724753143732,1774770955.5854173,1774770957.1139767,1774770955.678107,1774770957.1139767,21,11.0,168,88.0,2,16,155.92727501945217,228.706,114.324,223.89124863040453,98.85694168611884,141.94568658451246,57.07033333333333
107,2,4,75,1,True,2048,64,20260329,20260329,cp1_mbt2048_mns64,75,75,75,174.6886647597421,174.6886647597421,191.1315509933047,225.24861789424904,225.32353882328607,225.34226905554533,67.55408610813508,67.55408610813508,67.5546734387722,67.5669522368431,67.5683167504581,5173.691036761738,5173.691036761738,5189.669735496864,5224.992768879747,5225.336915449007,1774770957.9741476,1774770963.1997328,1774770958.0652971,1774770963.1997328,76,38.5,304,154.0,5,20,208.42090523530933,229.578,108.757,1070.1237268137925,151.350571901976,777.0997725793513,57.07033333333333
108,2,1,200,1,True,2048,64,20260329,20260329,cp1_mbt2048_mns64,200,200,200,88.34187500178814,88.34187500178814,88.34187500178814,88.34187500178814,88.34187500178814,88.34187500178814,66.71673358808829,66.71673358808829,66.71673358808829,66.71673358808829,66.71673358808829,13364.971859031357,13364.971859031357,13364.971859031357,13364.971859031357,13364.971859031357,1774770964.0554483,1774770977.4204218,1774770964.14379,1774770977.4204218,201,101.0,201,101.0,13,13,224.2506484008884,232.675,119.474,2977.293296933413,167.18031506755503,2219.5914927302206,57.07033333333333
109,5,1,200,1,True,2048,64,20260329,20260329,cp1_mbt2048_mns64,200,200,200,88.11404695734382,88.11404695734382,88.11404695734382,88.11404695734382,88.11404695734382,88.11404695734382,66.71807255792483,66.71807255792483,66.71807255792483,66.71807255792483,66.71807255792483,13365.010485984383,13365.010485984383,13365.010485984383,13365.010485984383,13365.010485984383,1774770978.2750762,1774770991.6400845,1774770978.3631892,1774770991.6400845,201,101.0,201,101.0,13,13,224.6294460886121,233.08,101.377,2982.381633568044,167.55911275527876,2224.664794041152,57.07033333333333
110,2,64,75,1,True,2048,64,20260329,20260329,cp1_mbt2048_mns64,75,75,75,300.20889685329166,300.20889685329166,318.13338794745505,339.5065806573257,340.938603709219,341.1833429709077,69.24199924349129,69.24199924349129,69.2432264583437,69.74089551525115,69.7876360377838,5424.116840871648,5424.116840871648,5432.969596527983,5488.097654597368,5491.27476901398,1774770992.5609112,1774770998.0654266,1774770992.6990852,1774770998.0654266,76,38.5,4864,2464.0,5,320,216.6610460020845,238.748,112.766,1162.6771306288242,159.59071266875117,856.4182408633233,57.07033333333333
111,1,32,20,1,True,2048,64,20260329,20260329,cp1_mbt2048_mns64,20,20,20,327.9599143679661,327.9599143679661,358.87137352256104,365.9340735583101,367.0723758148961,367.54942801781,68.47024215810387,68.47024215810387,68.36641715888521,69.68750971688056,69.83503633233914,1628.8945153719396,1628.8945153719396,1657.916953554377,1686.999912612373,1688.5262165463064,1774770998.9582782,1774771000.6503513,1774770999.0884793,1774771000.6503513,21,11.0,672,352.0,2,64,160.76879411845522,234.368,94.18,251.10027888560296,103.69846078512188,161.96372290984792,57.07033333333333
112,5,1,150,1,True,2048,64,20260329,20260329,cp1_mbt2048_mns64,150,150,150,88.65518495440483,88.65518495440483,88.65518495440483,88.65518495440483,88.65518495440483,88.65518495440483,66.71084487895112,66.71084487895112,66.71084487895112,66.71084487895112,66.71084487895112,10028.571071918122,10028.571071918122,10028.571071918122,10028.571071918122,10028.571071918122,1774771001.5100996,1774771011.53867,1774771001.5987544,1774771011.53867,151,76.0,151,76.0,10,10,221.2309931412223,232.692,112.446,2199.017412547709,164.16065980788898,1631.74311269502,57.07033333333333
113,5,8,40,1,True,2048,64,20260329,20260329,cp1_mbt2048_mns64,40,40,40,203.9985041483305,203.9985041483305,237.2622905531898,238.65163990994915,238.7801271188073,238.81224892102185,68.02600964968009,68.02600964968009,67.9940367819001,68.20401277285642,68.22525205078702,2857.012880485854,2857.012880485854,2890.3502419707365,2897.419558849652,2897.8805973217823,1774771012.403137,1774771015.3021915,1774771012.506425,1774771015.3021915,41,21.0,328,168.0,3,24,188.1118887410825,228.018,102.491,525.9169789545539,131.0415554077492,366.3616340188188,57.07033333333333
114,2,1,150,1,True,2048,64,20260329,20260329,cp1_mbt2048_mns64,150,150,150,87.70019898656756,87.70019898656756,87.70019898656756,87.70019898656756,87.70019898656756,87.70019898656756,66.7438354904157,66.7438354904157,66.7438354904157,66.7438354904157,66.7438354904157,10032.531687058508,10032.531687058508,10032.531687058508,10032.531687058508,10032.531687058508,1774771016.1575506,1774771026.190081,1774771016.2452495,1774771026.190081,151,76.0,151,76.0,10,10,221.07884005343115,232.861,101.927,2198.591731386304,164.0085067200978,1631.0369036886298,57.07033333333333
115,3,8,40,1,True,2048,64,20260329,20260329,cp1_mbt2048_mns64,40,40,40,194.28024752414785,194.28024752414785,227.5945795117877,228.10484938672744,228.1243595376145,228.12923707533628,68.00149212843583,68.00149212843583,67.99396508946441,68.12447777528388,68.15079654062478,2846.3384405331453,2846.3384405331453,2878.075187036302,2884.87165622646,2885.8497496997006,1774771027.0539267,1774771029.940962,1774771027.1474466,1774771029.940962,41,21.0,328,168.0,3,24,190.60493668155104,228.044,120.901,532.4578342847923,133.5346033482177,373.0309767352044,57.07033333333333
116,4,1,300,1,True,2048,64,20260329,20260329,cp1_mbt2048_mns64,300,300,300,87.55272894632071,87.55272894632071,87.55272894632071,87.55272894632071,87.55272894632071,87.55272894632071,66.72180980953223,66.72180980953223,66.72180980953223,66.72180980953223,66.72180980953223,20037.373861996457,20037.373861996457,20037.373861996457,20037.373861996457,20037.373861996457,1774771030.7964847,1774771050.8338575,1774771030.8840363,1774771050.8338575,301,151.0,301,151.0,19,19,227.02414329179564,233.155,99.036,4529.091020289655,169.9538099584623,3390.5480861457936,57.07033333333333
117,4,4,300,1,True,2048,64,20260329,20260329,cp1_mbt2048_mns64,300,300,300,190.8788892615121,190.8788892615121,224.7402530629188,224.9714980192948,224.97810761095025,224.9797600088641,67.59419953929459,67.59419953929459,67.59294420737697,67.60188993309892,67.6027417324217,20401.5445515106,20401.5445515106,20434.72005956573,20437.936588015877,20438.19788560504,1774771051.6944797,1774771072.1327412,1774771051.7841852,1774771072.1327412,301,151.0,1204,604.0,19,76,225.13124212400132,230.44,98.528,4581.095697101719,168.060908790668,3419.7968209488863,57.07033333333333
118,1,16,100,1,True,2048,64,20260329,20260329,cp1_mbt2048_mns64,100,100,100,208.8317373782047,208.8317373782047,230.0412419717759,231.83130702818744,232.8496126399841,233.10418904293329,68.24361604782153,68.24361604782153,68.24530121244754,68.37511160075806,68.37517857061219,6964.949726112536,6964.949726112536,6985.880643478595,6999.75913198432,7000.384065590333,1774771073.0090518,1774771080.0108073,1774771073.1035595,1774771080.0108073,101,51.0,1616,816.0,7,112,214.73898712168207,231.445,118.317,1483.2553924522406,157.66865378834876,1089.0564591316388,57.07033333333333
119,2,8,20,1,True,2048,64,20260329,20260329,cp1_mbt2048_mns64,20,20,20,219.73022373276763,219.73022373276763,245.7679429790005,246.59752539591864,246.8217995413579,246.8778680777177,68.17753340031854,68.17753340031854,68.14801105371627,68.50996389525551,68.55493863168368,1515.1033583388198,1515.1033583388198,1538.444998441264,1547.6652153185569,1548.1311957794242,1774771080.8788283,1774771082.428375,1774771080.990542,1774771082.428375,21,11.0,168,88.0,2,16,147.51428537266514,208.508,98.182,212.1009179176092,90.4439520393318,130.04330529193084,57.07033333333333
120,5,8,20,1,True,2048,64,20260329,20260329,cp1_mbt2048_mns64,20,20,20,205.9236615168629,205.9236615168629,223.68709050351757,224.57673968747255,224.75078796967864,224.79430004023013,68.25090040020817,68.25090040020817,68.22539489458953,68.67246089570568,68.72172665923196,1502.690769120818,1502.690769120818,1520.5842250143178,1528.466850798577,1529.3028548918664,1774771083.2976525,1774771084.8277292,1774771083.386423,1774771084.8277292,21,11.0,168,88.0,2,16,151.75052314873628,223.186,96.595,218.7189568468332,94.68018981540294,136.4631364742517,57.07033333333333
121,1,1,200,1,True,2048,64,20260329,20260329,cp1_mbt2048_mns64,200,200,200,87.71834895014763,87.71834895014763,87.71834895014763,87.71834895014763,87.71834895014763,87.71834895014763,66.71529614551451,66.71529614551451,66.71529614551451,66.71529614551451,66.71529614551451,13364.062281907536,13364.062281907536,13364.062281907536,13364.062281907536,13364.062281907536,1774771085.683166,1774771099.0472271,1774771085.770884,1774771099.0472271,201,101.0,201,101.0,13,13,223.81121847258396,232.843,98.411,2971.394527687785,166.7408851392506,2213.7092011108366,57.07033333333333
122,2,1,20,1,True,2048,64,20260329,20260329,cp1_mbt2048_mns64,20,20,20,88.29331898596138,88.29331898596138,88.29331898596138,88.29331898596138,88.29331898596138,88.29331898596138,66.69046583977577,66.69046583977577,66.69046583977577,66.69046583977577,66.69046583977577,1355.412169941701,1355.412169941701,1355.412169941701,1355.412169941701,1355.412169941701,1774771099.9035308,1774771101.2589417,1774771099.9918237,1774771101.2589417,21,11.0,21,11.0,2,2,143.032569172582,210.261,108.23,181.23913971543308,85.96223583924869,108.92429438726104,57.07033333333333
123,4,1,100,1,True,2048,64,20260329,20260329,cp1_mbt2048_mns64,100,100,100,89.49347399175167,89.49347399175167,89.49347399175167,89.49347399175167,89.49347399175167,89.49347399175167,66.70826746414255,66.70826746414255,66.70826746414255,66.70826746414255,66.70826746414255,6693.611952941865,6693.611952941865,6693.611952941865,6693.611952941865,6693.611952941865,1774771102.1142528,1774771108.8078628,1774771102.2037454,1774771108.8078628,101,51.0,101,51.0,7,7,215.15697642587944,232.796,104.0,1420.9219303456543,158.08664309254615,1044.0227493265072,57.07033333333333
124,1,8,20,1,True,2048,64,20260329,20260329,cp1_mbt2048_mns64,20,20,20,220.77073222317267,220.77073222317267,243.7055354821496,245.0821208884008,245.21577134961265,245.2491839649156,68.25854709160538,68.25854709160538,68.22059276256417,68.71378353557941,68.74101228209359,1517.683126963675,1517.683126963675,1536.6101179388352,1546.816470235353,1547.7570476278197,1774771109.6714275,1774771111.2228904,1774771109.7814012,1774771111.2228904,21,11.0,168,88.0,2,16,150.68952718281574,228.183,96.641,217.21732895052435,93.61919384948244,134.95105868780615,57.07033333333333
125,2,4,50,1,True,2048,64,20260329,20260329,cp1_mbt2048_mns64,50,50,50,132.40217525162734,132.40217525162734,132.34852603636682,166.210529464297,166.23892589937896,166.24602500814945,67.5733573978282,67.5733573978282,67.57343872402775,67.61102787568234,67.61361511003663,3443.49668774521,3443.49668774521,3443.4280334971845,3477.8088856022805,3478.1925011146814,1774771112.082425,1774771115.5608842,1774771112.181435,1774771115.5608842,51,26.0,204,104.0,4,16,201.25628083406627,229.24,106.256,680.1353150082824,144.18594750073294,487.2690403338668,57.07033333333333
126,1,32,10,1,True,2048,64,20260329,20260329,cp1_mbt2048_mns64,10,10,10,222.7425953533384,222.7425953533384,227.2335220477544,232.17032470856796,232.783753068652,232.96266398392615,72.53200627261928,72.53200627261928,72.49534932715403,76.42782135517336,76.70300971069891,875.5306518069119,875.5306518069119,881.9047809811309,916.1890748422592,919.8461799952202,1774771116.45741,1774771117.379546,1774771116.549472,1774771117.379546,11,6.0,352,192.0,1,32,118.72807697561711,127.583,109.526,98.55309830212592,61.6577436422838,51.1804943283399,57.07033333333333
127,1,4,150,1,True,2048,64,20260329,20260329,cp1_mbt2048_mns64,150,150,150,160.01717347535305,160.01717347535305,160.15296895056963,226.63152940222065,226.684819489019,226.69814201071856,67.55080007406534,67.55080007406534,67.55029298318237,67.55782694297206,67.55816667754009,10225.086384511089,10225.086384511089,10225.297736527864,10292.142041196348,10292.39304422983,1774771118.2431948,1774771128.535848,1774771118.336918,1774771128.535848,151,76.0,604,304.0,10,40,217.5046345437604,229.422,86.154,2218.3145478469146,160.4343012104271,1636.2582116710755,57.07033333333333
128,3,32,50,1,True,2048,64,20260329,20260329,cp1_mbt2048_mns64,50,50,50,227.74092133477097,227.74092133477097,233.35362604120743,240.76893510646187,241.9851355184801,242.11140593979508,68.44713805511842,68.44713805511842,68.43282052135208,69.0621319717528,69.1336974867249,3581.650686035573,3581.650686035573,3586.424642999191,3616.354929027148,3618.305028163595,1774771129.49131,1774771133.122872,1774771129.5951514,1774771133.122872,51,26.0,1632,832.0,4,128,198.94071539782868,234.029,106.765,701.8072777472736,141.87038206449537,500.479082075,57.07033333333333
129,5,50,150,1,True,2048,64,20260329,20260329,cp1_mbt2048_mns64,150,150,150,272.2804810572416,272.2804810572416,259.0648024925031,327.3320840089582,380.4155190102756,383.07465391699225,68.40656331313724,68.40656331313724,68.38053960357823,68.71428098775691,68.82588378570962,10464.85841471469,10464.85841471469,10465.432702971157,10536.852335272124,10556.939971611137,1774771134.0628908,1774771144.6351967,1774771134.2380166,1774771144.6351967,151,76.0,7550,3800.0,10,500,225.1585021483441,237.993,98.825,2341.013493472575,168.08816881501076,1747.642960556665,57.07033333333333
130,4,32,50,1,True,2048,64,20260329,20260329,cp1_mbt2048_mns64,50,50,50,232.2104777231289,232.2104777231289,236.79823597194627,250.49097884329967,253.1314763170667,253.49400390405208,68.41565871619255,68.41565871619255,68.43460043916022,69.07660232438724,69.13834446891477,3584.5777548165643,3584.5777548165643,3589.47243046714,3622.021336545004,3630.7280289381742,1774771145.5475886,1774771149.1867156,1774771145.661873,1774771149.1867156,51,26.0,1632,832.0,4,128,200.31766710088985,234.399,114.859,706.0881788761619,143.24733376755648,504.9242560211026,57.07033333333333
131,3,32,20,1,True,2048,64,20260329,20260329,cp1_mbt2048_mns64,20,20,20,284.5323810179252,284.5323810179252,299.2677570437081,308.14182402100414,309.0722063125577,309.29505603853613,69.00659576077535,69.00659576077535,68.84658663215018,70.57812893977633,70.86768051076338,1595.6577004726569,1595.6577004726569,1608.5419470327906,1645.3936391626485,1646.4562160614878,1774771150.1174629,1774771151.7699704,1774771150.228474,1774771151.7699704,21,11.0,672,352.0,2,64,154.4485410963258,233.539,99.429,238.0818878891468,97.37820776299247,150.10816793028513,57.07033333333333
132,1,16,75,1,True,2048,64,20260329,20260329,cp1_mbt2048_mns64,75,75,75,209.87240418617148,209.87240418617148,231.02820297935975,233.00582100637257,233.2145466003567,233.26672799885276,68.25905118662254,68.25905118662254,68.22860177065171,68.45283067810374,68.46560458904383,5261.042191996239,5261.042191996239,5279.799607058521,5297.379476978676,5299.046536168316,1774771152.669523,1774771157.9721816,1774771152.7656343,1774771157.9721816,76,38.5,1216,616.0,5,80,207.02147889099615,230.241,92.051,1077.867064382179,149.95114555766284,780.7276903286213,57.07033333333333
133,2,64,40,1,True,2048,64,20260329,20260329,cp1_mbt2048_mns64,40,40,40,315.5575460041291,315.5575460041291,313.3849014993757,396.3178208621685,398.9205146103632,400.45381302479655,69.73037380521419,69.73037380521419,69.70246150068795,70.77560803258959,70.9661897036056,3035.0421244074823,3035.0421244074823,3028.93352805404,3126.2322115537245,3154.04170922935,1774771158.9162614,1774771162.0843558,1774771159.115389,1774771162.0843558,41,21.0,2624,1344.0,3,192,193.47670853927184,237.232,96.356,574.4258631012441,136.40637520593853,404.9859561998845,57.07033333333333
134,5,1,75,1,True,2048,64,20260329,20260329,cp1_mbt2048_mns64,75,75,75,88.5093390243128,88.5093390243128,88.5093390243128,88.5093390243128,88.5093390243128,88.5093390243128,66.69933955355019,66.69933955355019,66.69933955355019,66.69933955355019,66.69933955355019,5024.260465987027,5024.260465987027,5024.260465987027,5024.260465987027,5024.260465987027,1774771162.94871,1774771167.9729695,1774771163.0372186,1774771167.9729695,76,38.5,76,38.5,5,5,208.54583563380697,231.975,87.805,1029.3303087054485,151.47550230047364,747.6453560935253,57.07033333333333
135,2,16,300,1,True,2048,64,20260329,20260329,cp1_mbt2048_mns64,300,300,300,241.51611149136443,241.51611149136443,223.90696400543675,296.8535472464282,297.3091638239566,297.4230679683387,68.29496173854461,68.29496173854461,68.29292551177495,68.33959405600908,68.3409307738003,20661.709671316203,20661.709671316203,20649.202586442698,20722.893076221226,20726.45598486415,1774771168.8514328,1774771189.5838685,1774771169.0120964,1774771189.5838685,301,151.0,4816,2416.0,19,304,224.73266844857872,230.974,86.691,4623.149238421195,167.66233511524538,3449.11134750008,57.07033333333333
136,1,64,100,1,True,2048,64,20260329,20260329,cp1_mbt2048_mns64,100,100,100,320.5946915295499,320.5946915295499,298.0129380011931,379.9713526968844,381.5118124859873,382.4220490641892,69.14579913649908,69.14579913649908,69.13795427835518,69.5447452809671,69.55722077538005,7166.028806042959,7166.028806042959,7159.89156300202,7245.997442596126,7262.612022870453,1774771190.5156531,1774771197.7817748,1774771190.6862118,1774771197.7817748,101,51.0,6464,3264.0,7,448,221.1996752224256,238.476,97.822,1569.5362167147389,164.12934188909227,1164.59007483375,57.07033333333333
137,3,1,150,1,True,2048,64,20260329,20260329,cp1_mbt2048_mns64,150,150,150,89.33702495414764,89.33702495414764,89.33702495414764,89.33702495414764,89.33702495414764,89.33702495414764,66.72131279858466,66.72131279858466,66.72131279858466,66.72131279858466,66.72131279858466,10030.812631943263,10030.812631943263,10030.812631943263,10030.812631943263,10030.812631943263,1774771198.646847,1774771208.6776578,1774771198.7361825,1774771208.6776578,151,76.0,151,76.0,10,10,221.34994269883123,232.998,109.447,2200.545008225561,164.2796093654979,1633.181693813921,57.07033333333333
138,5,32,20,1,True,2048,64,20260329,20260329,cp1_mbt2048_mns64,20,20,20,231.38008796740905,231.38008796740905,234.18181558372453,247.8745068772696,249.2833150574006,249.57572191488,69.67719810487132,69.67719810487132,69.78800629057284,71.32627638485772,71.41564822314601,1555.2468519599645,1555.2468519599645,1559.8801434971392,1592.5646130926907,1601.7416206386406,1774771209.6682243,1774771211.2764816,1774771209.7780542,1774771211.2764816,21,11.0,672,352.0,2,64,157.64932746170956,233.66,102.924,236.22607044959065,100.57899412837622,150.71031976644196,57.07033333333333
139,2,64,100,1,True,2048,64,20260329,20260329,cp1_mbt2048_mns64,100,100,100,268.52070119457494,268.52070119457494,270.9257589885965,322.9973705019802,334.0346898743883,334.4537350349128,69.15534954521607,69.15534954521607,69.17501654066709,69.48348513658564,69.55586747587377,7114.900306170966,7114.900306170966,7105.537541967351,7176.527080772212,7200.952415623469,1774771212.2582958,1774771219.479073,1774771212.3809085,1774771219.479073,101,51.0,6464,3264.0,7,448,220.6970253026876,238.619,87.526,1566.5438557684656,163.62669196935423,1161.4492247584894,57.07033333333333
140,4,16,300,1,True,2048,64,20260329,20260329,cp1_mbt2048_mns64,300,300,300,222.0070933617535,222.0070933617535,230.36542849149555,234.25118473824116,235.8382777078077,236.23505095019937,68.3201319115808,68.3201319115808,68.32614362362094,68.37716899599248,68.37791370823247,20649.72653492441,20649.72653492441,20662.566956481896,20675.648461445235,20675.715444306843,1774771220.4719036,1774771241.1529305,1774771220.5712738,1774771241.1529305,301,151.0,4816,2416.0,19,304,225.3113450365172,231.384,93.716,4637.280752897858,168.24101170318386,3462.6787447955207,57.07033333333333
141,5,1,40,1,True,2048,64,20260329,20260329,cp1_mbt2048_mns64,40,40,40,88.69509096257389,88.69509096257389,88.69509096257389,88.69509096257389,88.69509096257389,88.69509096257389,66.71156087376846,66.71156087376846,66.71156087376846,66.71156087376846,66.71156087376846,2690.445965039544,2690.445965039544,2690.445965039544,2690.445965039544,2690.445965039544,1774771242.0394297,1774771244.729874,1774771242.1281242,1774771244.729874,41,21.0,41,21.0,3,3,189.67326181380483,232.514,111.204,493.4823893883228,132.6029284804715,344.999655516386,57.07033333333333
142,5,64,150,1,True,2048,64,20260329,20260329,cp1_mbt2048_mns64,150,150,150,313.1343300501612,313.1343300501612,309.98740199720487,362.9291367367841,363.78060119459406,364.3850779626519,69.16180420662782,69.16180420662782,69.1411478219135,69.4919562523547,69.51913126484153,10618.243156837709,10618.243156837709,10623.204553499818,10703.984273225067,10710.786087337185,1774771245.659619,1774771256.3786106,1774771245.81869,1774771256.3786106,151,76.0,9664,4864.0,10,640,227.0166847190284,239.165,96.67,2397.278154019472,169.9463513856951,1794.6199682921142,57.07033333333333
143,3,16,150,1,True,2048,64,20260329,20260329,cp1_mbt2048_mns64,150,150,150,275.03082245675614,275.03082245675614,309.1355000506155,311.98993045836687,312.56691329181194,312.7111590001732,68.253783268345,68.253783268345,68.25457376837355,68.36768715281426,68.38213129933212,10444.84452944016,10444.84452944016,10469.0273864544,10498.17989949952,10500.616083102068,1774771257.265074,1774771267.766537,1774771257.438776,1774771267.766537,151,76.0,2416,1216.0,10,160,219.21169405600037,231.1,76.634,2263.965970329403,162.141360722667,1674.5572111916929,57.07033333333333
144,3,4,40,1,True,2048,64,20260329,20260329,cp1_mbt2048_mns64,40,40,40,176.56432595686056,176.56432595686056,192.8899799240753,227.08049637149088,227.12870805873536,227.14076098054647,67.55735962248693,67.55735962248693,67.5514514113251,67.5832296451494,67.58616447290524,2811.301351233851,2811.301351233851,2827.380515926052,2862.693050334929,2862.9624420625623,1774771268.659511,1774771271.5227203,1774771268.752848,1774771271.5227203,41,21.0,164,84.0,3,12,189.5946943183268,229.679,103.694,525.1531160953042,132.52436098499345,367.0755733963646,57.07033333333333
145,5,4,100,1,True,2048,64,20260329,20260329,cp1_mbt2048_mns64,100,100,100,189.57668071379885,189.57668071379885,222.82821097178385,223.17214372451417,223.2193295226898,223.2311259722337,67.58464740429338,67.58464740429338,67.58272372752974,67.6045372034423,67.6068235379926,6880.4567737388425,6880.4567737388425,6913.724167505279,6915.729586349335,6915.906419667881,1774771272.3831325,1774771279.2996674,1774771272.472551,1774771279.2996674,101,51.0,404,204.0,7,28,213.0403864087723,229.923,99.666,1454.4514841689063,155.97005307543895,1064.8256840193862,57.07033333333333
146,1,8,40,1,True,2048,64,20260329,20260329,cp1_mbt2048_mns64,40,40,40,195.52123452012893,195.52123452012893,228.59215451171625,229.87278467044237,230.05573695525527,230.1014750264585,68.03552188704579,68.03552188704579,67.98137388287637,68.26032202463979,68.27552805690524,2848.9065881149145,2848.9065881149145,2880.413199483882,2890.7194298983086,2891.2652691511903,1774771280.165213,1774771283.0581224,1774771280.2602649,1774771283.0581224,41,21.0,328,168.0,3,24,189.75988397806051,228.576,101.67,530.9211189448831,132.6895506447272,371.2464574901261,57.07033333333333
147,5,4,20,1,True,2048,64,20260329,20260329,cp1_mbt2048_mns64,20,20,20,158.58032924006693,158.58032924006693,158.5450549609959,225.3250133595429,225.40452188579368,225.42439901735636,67.5196066578409,67.5196066578409,67.51165215514209,67.6105603453164,67.62013729318583,1441.452855739044,1441.452855739044,1441.5687170112506,1508.3228837582285,1508.6534951603971,1774771283.919066,1774771285.4282217,1774771284.0110698,1774771285.4282217,21,11.0,84,44.0,2,8,152.73432120714037,211.175,100.321,216.44770134782792,95.66398787380702,135.57038204248747,57.07033333333333
148,4,16,150,1,True,2048,64,20260329,20260329,cp1_mbt2048_mns64,150,150,150,219.34965236869172,219.34965236869172,229.5505529618822,237.3351052810904,237.59189627016892,237.6560940174386,68.21314005736706,68.21314005736706,68.22229075462764,68.31152265248414,68.32198261368501,10383.107520916385,10383.107520916385,10394.816918938886,10409.940305486089,10412.03916191007,1774771286.308929,1774771296.7223573,1774771286.4159436,1774771296.7223573,151,76.0,2416,1216.0,10,160,219.7409251091047,230.892,95.977,2264.7408701207646,162.67059177577136,1676.550407614788,57.07033333333333
149,1,16,150,1,True,2048,64,20260329,20260329,cp1_mbt2048_mns64,150,150,150,207.27507874835285,207.27507874835285,227.88020048756152,230.8527447166853,231.36908015003428,231.49816400837156,68.24021421051772,68.24021421051772,68.22693969815307,68.34146628861828,68.35932198270449,10375.066996115493,10375.066996115493,10393.438328523189,10413.127314473968,10414.854770933744,1774771297.5978782,1774771308.0145984,1774771297.690866,1774771308.0145984,151,76.0,2416,1216.0,10,160,219.8102910364948,230.879,111.043,2269.2626181731243,162.73995770316145,1680.08377022505,57.07033333333333
150,1,64,50,1,True,2048,64,20260329,20260329,cp1_mbt2048_mns64,50,50,50,280.8200630825013,280.8200630825013,292.1546360012144,325.40578514453955,328.1244495557621,330.6078900350258,69.52421204543349,69.52421204543349,69.48672408090752,70.32748172582336,70.42818261472013,3687.5064533087434,3687.5064533087434,3695.262952998746,3760.0903420709074,3769.0275094285607,1774771308.9350662,1774771312.7216966,1774771309.0649002,1774771312.7216966,51,26.0,3264,1664.0,4,256,203.3449523073056,238.301,93.645,743.5911008174415,146.27461897397228,534.8965081765648,57.07033333333333
151,1,1,75,1,True,2048,64,20260329,20260329,cp1_mbt2048_mns64,75,75,75,87.49111508950591,87.49111508950591,87.49111508950591,87.49111508950591,87.49111508950591,87.49111508950591,66.69739650002353,66.69739650002353,66.69739650002353,66.69739650002353,66.69739650002353,5023.098456091248,5023.098456091248,5023.098456091248,5023.098456091248,5023.098456091248,1774771313.5864656,1774771318.6095634,1774771313.6739566,1774771318.6095634,76,38.5,76,38.5,5,5,209.392042703199,232.812,113.358,1033.4767726749178,152.3217093698657,751.8000520728028,57.07033333333333
152,3,1,100,1,True,2048,64,20260329,20260329,cp1_mbt2048_mns64,100,100,100,87.48730702791363,87.48730702791363,87.48730702791363,87.48730702791363,87.48730702791363,87.48730702791363,66.70229340376652,66.70229340376652,66.70229340376652,66.70229340376652,66.70229340376652,6691.014354000799,6691.014354000799,6691.014354000799,6691.014354000799,6691.014354000799,1774771319.4642613,1774771326.1552742,1774771319.5517478,1774771326.1552742,101,51.0,101,51.0,7,7,215.3561139661355,232.529,112.87,1422.1097740350976,158.28578063280216,1045.2443238462224,57.07033333333333
153,5,1,20,1,True,2048,64,20260329,20260329,cp1_mbt2048_mns64,20,20,20,88.21273106150329,88.21273106150329,88.21273106150329,88.21273106150329,88.21273106150329,88.21273106150329,66.6925247366491,66.6925247366491,66.6925247366491,66.6925247366491,66.6925247366491,1355.3707010578364,1355.3707010578364,1355.3707010578364,1355.3707010578364,1355.3707010578364,1774771327.0101166,1774771328.365486,1774771327.0983286,1774771328.365486,21,11.0,21,11.0,2,2,146.40390345238734,198.354,119.992,185.5168122864962,89.33357011905402,113.19970825811232,57.07033333333333
154,1,50,200,1,True,2048,64,20260329,20260329,cp1_mbt2048_mns64,200,200,200,268.78456831676885,268.78456831676885,267.9252720554359,313.0731272744015,315.4734126024414,316.42543605994433,68.4318145373415,68.4318145373415,68.42820380929034,68.5654597731024,68.57558335577741,13886.715661247728,13886.715661247728,13887.724059517495,13937.73920290987,13942.825639110524,1774771329.2943208,1774771343.24813,1774771329.4024909,1774771343.24813,201,101.0,10050,5050.0,13,650,228.71724536388112,238.57,88.688,3166.7364647179847,171.64691203054778,2376.561218716105,57.07033333333333
155,4,4,20,1,True,2048,64,20260329,20260329,cp1_mbt2048_mns64,20,20,20,127.90503300493585,127.90503300493585,127.98680400010198,161.79632227285765,161.85303008067422,161.86720703262836,67.59775975124764,67.59775975124764,67.59792039673286,67.66136112886383,67.66964570122869,1412.2624682786409,1412.2624682786409,1412.341187009588,1445.8678113122005,1446.0833910817746,1774771344.1159585,1774771345.5625026,1774771344.210359,1774771345.5625026,21,11.0,84,44.0,2,8,147.1210088288384,229.32,110.697,198.9287196378708,90.05067549550508,121.7614378901323,57.07033333333333
156,4,32,10,1,True,2048,64,20260329,20260329,cp1_mbt2048_mns64,10,10,10,222.66852662505696,222.66852662505696,227.12917398894209,232.3996848950628,233.14320607460104,233.33705589175224,72.47398299700257,72.47398299700257,72.56390683404686,76.09479864412504,76.54704457420544,874.9343735980801,874.9343735980801,877.0887604914606,911.7579267418478,916.7704104841688,1774771346.482306,1774771347.4044917,1774771346.575048,1774771347.4044917,11,6.0,352,192.0,1,32,117.10145486626814,127.349,106.151,97.12906319880486,60.0311215329348,49.79243514887492,57.07033333333333
157,2,8,40,1,True,2048,64,20260329,20260329,cp1_mbt2048_mns64,40,40,40,200.9709421399748,200.9709421399748,225.77705752337351,227.61937765753828,227.8165931336116,227.86589700262996,68.0321925058543,68.0321925058543,68.02471864144675,68.19272633038986,68.20030863032653,2854.2264498682925,2854.2264498682925,2878.384394512977,2886.6541101655457,2887.5323108409066,1774771348.2704177,1774771351.1585214,1774771348.3621716,1774771351.1585214,41,21.0,328,168.0,3,24,186.38229606485464,227.919,85.93,521.1900895905493,129.3119627315213,361.6014764498868,57.07033333333333
158,2,16,75,1,True,2048,64,20260329,20260329,cp1_mbt2048_mns64,75,75,75,208.65980399685213,208.65980399685213,229.2964964872226,232.3082784714643,232.59698285837655,232.66915895510465,68.30203925081248,68.30203925081248,68.28791246595289,68.52942041233118,68.56020302252178,5263.010708556976,5263.010708556976,5282.514510501642,5300.598615751369,5303.624755976489,1774771352.0418415,1774771357.347067,1774771352.1370904,1774771357.347067,76,38.5,1216,616.0,5,80,208.08357996851203,230.284,116.035,1084.1105976965423,151.01324663517872,786.7754923023379,57.07033333333333
159,2,32,100,1,True,2048,64,20260329,20260329,cp1_mbt2048_mns64,100,100,100,266.71302894465043,266.71302894465043,290.73168005561456,300.1712719036732,302.8614539804403,303.91501006670296,67.90122423251776,67.90122423251776,67.88610302045885,68.13683328900787,68.16622593163777,6988.9342279639095,6988.9342279639095,7003.594018518925,7040.708282764535,7041.528137049172,1774771358.2518845,1774771365.30199,1774771358.3534791,1774771365.30199,101,51.0,3232,1632.0,7,224,216.50006968974256,234.076,87.183,1504.353090894102,159.42973635640922,1107.7992585032373,57.07033333333333
160,2,32,40,1,True,2048,64,20260329,20260329,cp1_mbt2048_mns64,40,40,40,230.00511738064236,230.00511738064236,236.81135551305488,248.41150347492655,249.1381962236483,249.266552971676,68.08987005103681,68.08987005103681,68.09174746143609,68.8344991468908,68.94729389346396,2885.510049371078,2885.510049371078,2894.9077194556594,2923.835920821876,2928.203122211853,1774771366.2046006,1774771369.1352365,1774771366.349397,1774771369.1352365,41,21.0,1312,672.0,3,96,191.5153358461442,233.874,91.47,533.5309528355598,134.44500251281087,374.5421742740472,57.07033333333333
161,5,4,300,1,True,2048,64,20260329,20260329,cp1_mbt2048_mns64,300,300,300,159.11988451262005,159.11988451262005,159.11920700455084,226.0881492169574,226.10198030713943,226.10543807968497,67.57860750173698,67.57860750173698,67.57778677595687,67.58355826367608,67.58426127426581,20365.123527531978,20365.123527531978,20365.31197250588,20431.89661311335,20432.05967548187,1774771369.9972727,1774771390.429704,1774771370.089694,1774771390.429704,301,151.0,1204,604.0,19,76,223.52340665861516,229.744,110.36,4546.46831052065,166.45307332528182,3385.6571639406698,57.07033333333333
162,1,64,20,1,True,2048,64,20260329,20260329,cp1_mbt2048_mns64,20,20,20,305.77740352600813,305.77740352600813,290.1617115130648,363.5982260806486,367.2873678000178,367.6617220044136,70.96597973634887,70.96597973634887,70.827312157857,74.17123529839475,75.80589355422967,1654.1310185166367,1654.1310185166367,1662.7158835181035,1728.8715885428246,1736.7121379764285,1774771391.354051,1774771393.095111,1774771391.5107827,1774771393.095111,21,11.0,1344,704.0,2,128,152.4218392398189,237.32,88.66,241.48617799043652,95.35150590648551,151.06805456376077,57.07033333333333
163,4,32,75,1,True,2048,64,20260329,20260329,cp1_mbt2048_mns64,75,75,75,305.1590436771221,305.1590436771221,327.3985569830984,330.655407870654,332.27377139381133,332.6456709764898,68.08351167121539,68.08351167121539,68.06284369667992,68.45078549726955,68.48819805439751,5343.338907347061,5343.338907347061,5362.034344987478,5395.306726999115,5397.311285308097,1774771394.0047245,1774771399.4049969,1774771394.1966753,1774771399.4049969,76,38.5,2432,1232.0,5,160,209.9986578508889,233.93,102.775,1093.7405396393533,152.92832451755558,796.4998914552127,57.07033333333333
164,1,50,150,1,True,2048,64,20260329,20260329,cp1_mbt2048_mns64,150,150,150,329.95566302677616,329.95566302677616,310.6260464992374,378.1083140871488,382.4332052352838,385.6713300338015,68.38121885440043,68.38121885440043,68.38624521147698,68.59930635058015,68.61485706924323,10518.75727233244,10518.75727233244,10519.098338496406,10567.197872087128,10571.14232446882,1774771400.3342135,1774771410.91791,1774771400.5128748,1774771410.91791,151,76.0,7550,3800.0,10,500,223.40806477043404,237.55,68.177,2324.5687374457143,166.3377314371007,1730.7499205708923,57.07033333333333
165,2,1,40,1,True,2048,64,20260329,20260329,cp1_mbt2048_mns64,40,40,40,88.1471789907664,88.1471789907664,88.1471789907664,88.1471789907664,88.1471789907664,88.1471789907664,66.70544707837205,66.70544707837205,66.70544707837205,66.70544707837205,66.70544707837205,2689.659615047276,2689.659615047276,2689.659615047276,2689.659615047276,2689.659615047276,1774771411.7808375,1774771414.4704957,1774771411.8689833,1774771414.4704957,41,21.0,41,21.0,3,3,186.64258100755163,232.102,94.385,485.5529948500762,129.5722476742183,337.0838131794104,57.07033333333333
166,3,64,50,1,True,2048,64,20260329,20260329,cp1_mbt2048_mns64,50,50,50,298.0954966733407,298.0954966733407,303.4217015374452,352.6437513937708,362.0955848903395,363.1616570055485,69.53223834831562,69.53223834831562,69.55425836720826,70.29570758387884,70.45034370173663,3705.1751757408056,3705.1751757408056,3705.440077988897,3784.410670673242,3795.3716096119024,1774771415.4792554,1774771419.2889264,1774771415.631448,1774771419.2889264,51,26.0,3264,1664.0,4,256,201.17504604347985,237.495,96.354,735.7933719476465,144.1047127101465,527.0598643513126,57.07033333333333
167,1,4,100,1,True,2048,64,20260329,20260329,cp1_mbt2048_mns64,100,100,100,170.5749875109177,170.5749875109177,171.3360280264169,226.0211415879894,226.0688339045737,226.08075698371977,67.44495954780811,67.44495954780811,67.44536183859137,67.55766902310594,67.55892717823941,6847.625982743921,6847.625982743921,6848.026925465092,6913.952169695403,6914.029034737032,1774771420.1570425,1774771427.0720773,1774771420.2710166,1774771427.0720773,101,51.0,404,204.0,7,28,211.9876440494781,229.358,96.084,1441.740829864622,154.9173107161448,1053.602030032278,57.07033333333333
168,5,4,150,1,True,2048,64,20260329,20260329,cp1_mbt2048_mns64,150,150,150,190.12873052270152,190.12873052270152,223.47324952716008,223.94179899129085,223.96370223141275,223.96917804144323,67.58530948474385,67.58530948474385,67.5821417447292,67.60451780536819,67.60655223221626,10260.339843749534,10260.339843749534,10293.617034505589,10296.327021467732,10296.55493470491,1774771427.9319272,1774771438.2288468,1774771428.0215256,1774771438.2288468,151,76.0,604,304.0,10,40,217.6896443635368,229.439,111.491,2222.028114746931,160.6193110302035,1639.492893306298,57.07033333333333
169,4,50,200,1,True,2048,64,20260329,20260329,cp1_mbt2048_mns64,200,200,200,273.86686999583617,273.86686999583617,293.7132245278917,308.9964533224702,311.3737046311144,311.73003802541643,68.46833703197052,68.46833703197052,68.45015733141274,68.66434948394853,68.68438676777109,13899.06593935797,13899.06593935797,13911.865625937937,13963.863931957168,13972.401329934364,1774771439.15045,1774771453.1284175,1774771439.2553892,1774771453.1284175,201,101.0,10050,5050.0,13,650,229.44339063785617,238.45,111.078,3183.074701303242,172.37305730452283,2391.336339508373,57.07033333333333
170,3,4,200,1,True,2048,64,20260329,20260329,cp1_mbt2048_mns64,200,200,200,145.61739173950627,145.61739173950627,128.81534750340506,219.72639558371156,227.903826306574,229.94818398728967,67.57952001378123,67.57952001378123,67.57965978397637,67.58984219219685,67.59091594375802,13593.94187448197,13593.94187448197,13578.057963517494,13665.9578248451,13673.908228158252,1774771453.9959705,1774771467.6720698,1774771454.0916123,1774771467.6720698,201,101.0,804,404.0,13,52,221.48851426853784,230.137,94.457,3007.915343457104,164.41818093520448,2232.874110025844,57.07033333333333
171,4,8,50,1,True,2048,64,20260329,20260329,cp1_mbt2048_mns64,50,50,50,195.53521487978287,195.53521487978287,228.92796102678403,230.1456043554936,230.16358567518185,230.1680810051039,67.9896166937174,67.9896166937174,67.98032916398073,68.06475299907069,68.07739793087774,3527.026432871935,3527.026432871935,3558.161486987956,3565.0743511039764,3565.907254246995,1774771468.562624,1774771472.129387,1774771468.6566916,1774771472.129387,51,26.0,408,208.0,4,32,197.8976169408755,228.463,114.073,687.2381342546939,140.82728360754217,489.0502530281543,57.07033333333333
172,5,64,10,1,True,2048,64,20260329,20260329,cp1_mbt2048_mns64,10,10,10,280.06847688266134,280.06847688266134,282.5172459706664,336.111325857928,343.44134377548465,351.43502696882933,75.37562937836304,75.37562937836304,74.50454971856541,82.8288653432133,83.6300206633233,958.4491412879288,958.4491412879288,962.9041440202856,1052.1970062400214,1080.763138234615,1774771473.1242838,1774771474.2262323,1774771473.278606,1774771474.2262323,11,6.0,704,384.0,1,64,130.43742364817078,185.139,105.687,123.60593997645375,73.36709031483744,69.52458817466099,57.07033333333333
173,1,4,40,1,True,2048,64,20260329,20260329,cp1_mbt2048_mns64,40,40,40,173.37515577673912,173.37515577673912,189.83859254512936,223.89866423909552,223.9820464758668,224.00289203505963,67.51049876822015,67.51049876822015,67.50536356300401,67.54265249220248,67.54668690744812,2806.284607737325,2806.284607737325,2822.640151018277,2857.397272804519,2857.6139865617733,1774771475.096254,1774771477.9545531,1774771475.1860745,1774771477.9545531,41,21.0,164,84.0,3,12,188.88251364783457,229.15,103.524,522.9172480205294,131.81218031450123,364.9192360609767,57.07033333333333
174,2,16,10,1,True,2048,64,20260329,20260329,cp1_mbt2048_mns64,10,10,10,209.72943377273623,209.72943377273623,225.87112052133307,229.98786525567996,230.89772992534563,231.12519609276205,69.52200662959108,69.52200662959108,69.39342328243785,71.26549010475478,71.42657010505596,835.427493439056,835.427493439056,852.3914454854093,870.289101760136,870.37311308668,1774771478.8390422,1774771479.7127438,1774771478.9317224,1774771479.7127438,11,6.0,176,96.0,1,16,117.85212275015787,155.346,95.468,92.04502478647233,60.78178941682455,47.47187562584876,57.07033333333333
175,1,32,200,1,True,2048,64,20260329,20260329,cp1_mbt2048_mns64,200,200,200,237.95386865458568,237.95386865458568,226.91244893940168,294.3814620433841,297.38709642435424,298.3571400400251,67.90595609129754,67.90595609129754,67.89001635943853,68.04231275147968,68.05309758841614,13751.239130822796,13751.239130822796,13752.758432470728,13798.831947235158,13805.188832236454,1774771480.6287897,1774771494.439696,1774771480.7307365,1774771494.439696,201,101.0,6432,3232.0,13,416,226.23625802144616,235.151,112.528,3101.4637166260472,169.16592468811285,2319.0888237726285,57.07033333333333
176,1,1,150,1,True,2048,64,20260329,20260329,cp1_mbt2048_mns64,150,150,150,89.78660102002323,89.78660102002323,89.78660102002323,89.78660102002323,89.78660102002323,89.78660102002323,66.7157974492621,66.7157974492621,66.7157974492621,66.7157974492621,66.7157974492621,10030.440420960076,10030.440420960076,10030.440420960076,10030.440420960076,10030.440420960076,1774771495.2990992,1774771505.329538,1774771495.3888843,1774771505.329538,151,76.0,151,76.0,10,10,221.67311334858877,232.72,98.317,2203.5756239292623,164.6027800152554,1636.259211563587,57.07033333333333
177,4,4,40,1,True,2048,64,20260329,20260329,cp1_mbt2048_mns64,40,40,40,159.01089177350514,159.01089177350514,159.1243805596605,216.61524572409687,224.7302867565304,226.7590470146388,67.57277859604727,67.57277859604727,67.57237314163015,67.62589759533653,67.6323686258939,2794.3492570193484,2794.3492570193484,2795.4984755488117,2850.309519999428,2857.8554511943366,1774771506.2048666,1774771509.064984,1774771506.296497,1774771509.064984,41,21.0,164,84.0,3,12,189.98764103131495,229.336,100.524,525.9782646180392,132.91730769798164,367.97980363976967,57.07033333333333
178,2,4,100,1,True,2048,64,20260329,20260329,cp1_mbt2048_mns64,100,100,100,174.88561672507785,174.88561672507785,191.4824459818192,225.2469528117217,225.27106897206977,225.2770980121568,67.57308858607877,67.57308858607877,67.57398054057808,67.58323249988013,67.58426574837284,6864.621386746876,6864.621386746876,6880.804181506392,6915.608032559976,6915.8768161106855,1774771509.9252558,1774771516.8415651,1774771510.016739,1774771516.8415651,101,51.0,404,204.0,7,28,212.7735176433012,229.261,99.722,1452.1423372330669,155.70318430996787,1062.6472151367668,57.07033333333333
179,3,4,150,1,True,2048,64,20260329,20260329,cp1_mbt2048_mns64,150,150,150,158.6717560130637,158.6717560130637,158.872849016916,215.5707243131473,223.5398160712793,225.53208901081237,67.58003082847529,67.58003082847529,67.58083891898593,67.588417531474,67.58943769656554,10228.096349455882,10228.096349455882,10229.051200440152,10283.782891283045,10291.37757584569,1774771517.7022424,1774771527.9961877,1774771517.7936509,1774771527.9961877,151,76.0,604,304.0,10,40,218.5781467185369,229.62,100.193,2230.0515902416723,161.5078133852036,1647.7894130007444,57.07033333333333
180,4,64,10,1,True,2048,64,20260329,20260329,cp1_mbt2048_mns64,10,10,10,293.9881538459304,293.9881538459304,293.3925354736857,379.0986842883284,402.78206272167154,408.1866790074855,72.4825779432447,72.4825779432447,72.21688961403237,76.09385801285195,76.23497187457461,946.3313553351328,946.3313553351328,954.468568554148,1024.5612552331295,1067.7479974541347,1774771529.3447642,1774771530.460122,1774771529.5404823,1774771530.460122,11,6.0,704,384.0,1,64,109.77939087991612,145.287,69.76,100.95747373408666,52.70905754658277,48.47333593450577,57.07033333333333
181,1,8,10,1,True,2048,64,20260329,20260329,cp1_mbt2048_mns64,10,10,10,199.0452638856368,199.0452638856368,232.25273651769385,234.43354866467416,234.6685081999749,234.72724808380008,68.2903424021788,68.2903424021788,68.24014438704276,68.81153856649891,68.85434477887529,813.658345505246,813.658345505246,844.8254254763015,853.4515266655944,854.3004373903386,1774771531.336715,1774771532.1912267,1774771531.4346995,1774771532.1912267,11,6.0,88,48.0,1,8,106.87621027038186,151.218,84.966,80.8547585463524,49.80587693704854,37.6794998975595,57.07033333333333
182,5,8,10,1,True,2048,64,20260329,20260329,cp1_mbt2048_mns64,10,10,10,194.2514740221668,194.2514740221668,178.7506565451622,246.95632164366543,247.0025770831853,247.01414094306529,68.15273619334523,68.15273619334523,68.08447828128313,68.70369962481263,68.77729609725066,807.626099762274,807.626099762274,793.7631090753712,859.9839429429267,860.9052437369246,1774771533.0567684,1774771533.9184375,1774771533.1672175,1774771533.9184375,11,6.0,88,48.0,1,8,116.98524983678983,117.207,116.685,87.88165796327593,59.9149165034565,45.00928284891448,57.07033333333333
183,4,4,75,1,True,2048,64,20260329,20260329,cp1_mbt2048_mns64,75,75,75,145.28005421743728,145.28005421743728,161.61516745341942,162.31702783261426,162.39107670844533,162.4095889274031,67.35068195612749,67.35068195612749,67.3441657838978,67.38852471462451,67.39260899743091,5129.230518970871,5129.230518970871,5145.391972444486,5148.635904939147,5148.864092990989,1774771534.7789893,1774771539.9282925,1774771534.8746448,1774771539.9282925,76,38.5,304,154.0,5,20,212.83262187511409,229.159,150.645,1075.5810513222216,155.76228854178072,787.1677029117741,57.07033333333333
184,5,50,75,1,True,2048,64,20260329,20260329,cp1_mbt2048_mns64,75,75,75,264.142539058812,264.142539058812,256.98034098604694,340.8461505838204,343.13413342344575,344.0619910834357,68.88041158892668,68.88041158892668,68.86363049380708,69.6247693236974,69.642206356889,5361.292996639386,5361.292996639386,5354.058958531823,5463.151940406533,5480.287681539776,1774771540.837967,1774771546.336393,1774771541.0368989,1774771546.336393,76,38.5,3800,1925.0,5,250,211.13070897481933,236.702,68.06,1118.8859816962486,154.06037564148602,816.4420774084335,57.07033333333333
185,2,32,20,1,True,2048,64,20260329,20260329,cp1_mbt2048_mns64,20,20,20,249.70636590660436,249.70636590660436,254.0824399329722,268.35238214116544,270.3842679585796,270.8332539768889,69.94646234249414,69.94646234249414,70.1098720218349,71.65174389833976,71.7546435160636,1578.689150413993,1578.689150413993,1591.3281820248812,1621.5874540968798,1624.80328372214,1774771547.2755156,1774771548.910251,1774771547.405677,1774771548.910251,21,11.0,672,352.0,2,64,151.1794170521532,232.437,81.947,227.46059332513812,94.10908371881987,141.5940637777647,57.07033333333333
186,2,1,300,1,True,2048,64,20260329,20260329,cp1_mbt2048_mns64,300,300,300,88.30722200218588,88.30722200218588,88.30722200218588,88.30722200218588,88.30722200218588,88.30722200218588,66.4851124414763,66.4851124414763,66.4851124414763,66.4851124414763,66.4851124414763,19967.3558420036,19967.3558420036,19967.3558420036,19967.3558420036,19967.3558420036,1774771549.771168,1774771569.7385228,1774771549.859475,1774771569.7385228,301,151.0,301,151.0,19,19,226.4765724489868,232.854,88.943,4502.13867928719,169.40623911565345,3367.6347773540765,57.07033333333333
187,2,50,300,1,True,2048,64,20260329,20260329,cp1_mbt2048_mns64,300,300,300,302.4830792495049,302.4830792495049,294.9689075467177,364.3711533281021,366.5090484893881,366.6202770546079,68.60615893011682,68.60615893011682,68.60480633276954,68.72112944497911,68.74849830658322,20815.724599354435,20815.724599354435,20813.41927946778,20900.879949820228,20912.94139679172,1774771570.6508462,1774771591.569857,1774771570.812492,1774771591.569857,301,151.0,15050,7550.0,19,950,232.17481561094843,239.419,96.161,4819.337388733984,175.1044822776151,3634.707649728498,57.07033333333333
188,2,8,50,1,True,2048,64,20260329,20260329,cp1_mbt2048_mns64,50,50,50,195.15458434761968,195.15458434761968,228.9946714881808,230.1689733110834,230.198608195642,230.2060169167817,68.00025001516309,68.00025001516309,67.973647499457,68.13397819297484,68.14695392390809,3527.166835090611,3527.166835090611,3560.4468004894443,3567.982159426901,3568.864790231455,1774771592.4452198,1774771596.0145252,1774771592.5391607,1774771596.0145252,51,26.0,408,208.0,4,32,194.40517251857156,228.591,93.14,675.628824813962,137.3348391852382,477.2886173894008,57.07033333333333
189,4,8,300,1,True,2048,64,20260329,20260329,cp1_mbt2048_mns64,300,300,300,266.6222222469514,266.6222222469514,292.99535450991243,293.66634079487994,293.77015222096816,293.7961050774902,67.99751492386551,67.99751492386551,67.99592157684884,68.02012927707185,68.02169762260552,20597.879184482736,20597.879184482736,20623.57111845631,20631.6155129578,20632.243845043704,1774771596.889131,1774771617.5215306,1774771597.0473232,1774771617.5215306,301,151.0,2408,1208.0,19,152,223.00299609523387,229.411,94.148,4565.809593159679,165.93266276190056,3397.339752033078,57.07033333333333
190,3,1,75,1,True,2048,64,20260329,20260329,cp1_mbt2048_mns64,75,75,75,88.8893500668928,88.8893500668928,88.8893500668928,88.8893500668928,88.8893500668928,88.8893500668928,66.7114091480176,66.7114091480176,66.7114091480176,66.7114091480176,66.7114091480176,5025.533627020195,5025.533627020195,5025.533627020195,5025.533627020195,5025.533627020195,1774771618.3775046,1774771623.403036,1774771618.4663925,1774771623.403036,76,38.5,76,38.5,5,5,208.42713132526168,232.684,98.499,1028.930464019895,151.35679799192835,747.1945681935554,57.07033333333333
191,4,50,50,1,True,2048,64,20260329,20260329,cp1_mbt2048_mns64,50,50,50,285.734737329185,285.734737329185,297.876475029625,313.16132852225564,313.9338169258553,314.61329699959606,68.89776561010096,68.89776561010096,68.78503643888601,69.76878205741926,69.83884816946538,3661.725252224133,3661.725252224133,3673.6815624753945,3721.025032986654,3732.683710763231,1774771624.3242369,1774771628.060608,1774771624.438097,1774771628.060608,51,26.0,2550,1300.0,4,200,202.9322372701316,237.548,89.89,735.1242435086966,145.86190393679829,528.3863383694093,57.07033333333333
192,1,4,50,1,True,2048,64,20260329,20260329,cp1_mbt2048_mns64,50,50,50,142.83856097608805,142.83856097608805,159.49934453237802,159.85488273436204,159.8784684878774,159.88436492625624,67.60078367933973,67.60078367933973,67.59363800116188,67.64911357550976,67.65348029959642,3455.276961263735,3455.276961263735,3471.396343549713,3474.6614479343407,3474.8990031681024,1774771628.9273524,1774771632.4028158,1774771629.0198236,1774771632.4028158,51,26.0,204,104.0,4,16,193.42714312311287,229.185,91.533,654.362529531121,136.35680978977953,461.2940331546066,57.07033333333333
193,5,32,300,1,True,2048,64,20260329,20260329,cp1_mbt2048_mns64,300,300,300,290.6870159968093,290.6870159968093,295.5065590213053,359.03861001715995,360.895420134766,361.71028891112655,68.00523679474732,68.00523679474732,68.00383298165698,68.10550104540907,68.10638016200761,20624.252817626257,20624.252817626257,20633.028134529013,20664.25498764729,20668.636493694503,1774771633.2980213,1774771653.9731164,1774771633.4078283,1774771653.9731164,301,151.0,9632,4832.0,19,608,229.2238648068999,235.566,93.486,4714.054811553789,172.15353147356657,3540.386966481837,57.07033333333333
194,3,1,300,1,True,2048,64,20260329,20260329,cp1_mbt2048_mns64,300,300,300,90.25368001312016,90.25368001312016,90.25368001312016,90.25368001312016,90.25368001312016,90.25368001312016,66.7205609834401,66.7205609834401,66.7205609834401,66.7205609834401,66.7205609834401,20039.70141406171,20039.70141406171,20039.70141406171,20039.70141406171,20039.70141406171,1774771654.8341832,1774771674.8738823,1774771654.9244354,1774771674.8738823,301,151.0,301,151.0,19,19,225.1645002848552,233.094,99.567,4491.907299614427,168.09416695152188,3353.385700662928,57.07033333333333
195,4,16,100,1,True,2048,64,20260329,20260329,cp1_mbt2048_mns64,100,100,100,211.56857594905887,211.56857594905887,232.71664354251695,234.96044473722577,235.15859292820096,235.2081299759448,68.24130291146264,68.24130291146264,68.2175813485031,68.37204199212584,68.38469159844651,6967.45756418386,6967.45756418386,6986.963353527244,7000.730905245291,7002.465155447135,1774771675.7490218,1774771682.7540295,1774771675.847032,1774771682.7540295,101,51.0,1616,816.0,7,112,214.36844927911244,231.043,97.22,1480.6423308689602,157.29811594577913,1086.4576845075298,57.07033333333333
196,4,1,20,1,True,2048,64,20260329,20260329,cp1_mbt2048_mns64,20,20,20,88.09324097819626,88.09324097819626,88.09324097819626,88.09324097819626,88.09324097819626,88.09324097819626,66.67867673585485,66.67867673585485,66.67867673585485,66.67867673585485,66.67867673585485,1354.9880989594385,1354.9880989594385,1354.9880989594385,1354.9880989594385,1354.9880989594385,1774771683.6119442,1774771684.9669309,1774771683.7000368,1774771684.9669309,21,11.0,21,11.0,2,2,141.01524659754648,181.587,107.049,178.6513842201233,83.94491326421316,106.34931551543872,57.07033333333333
197,4,1,50,1,True,2048,64,20260329,20260329,cp1_mbt2048_mns64,50,50,50,87.35015999991447,87.35015999991447,87.35015999991447,87.35015999991447,87.35015999991447,87.35015999991447,66.69445132494582,66.69445132494582,66.69445132494582,66.69445132494582,66.69445132494582,3355.378274922259,3355.378274922259,3355.378274922259,3355.378274922259,3355.378274922259,1774771685.828695,1774771689.1840725,1774771685.916045,1774771689.1840725,51,26.0,51,26.0,4,4,196.41557562459784,232.296,100.583,641.8915112160447,139.34524229126453,455.3840899362169,57.07033333333333
198,2,8,10,1,True,2048,64,20260329,20260329,cp1_mbt2048_mns64,10,10,10,193.9922036108328,193.9922036108328,227.2803589585237,228.53677740204148,228.9460738596972,229.04839797411117,68.20650837390632,68.20650837390632,68.18528194627208,68.70137240556586,68.75105688063842,807.8507789759897,807.8507789759897,838.917875487823,846.8491290521342,847.705585785443,1774771690.056776,1774771690.905494,1774771690.1495912,1774771690.905494,11,6.0,88,48.0,1,8,119.05694492390126,126.821,113.059,89.99547412014007,61.98661159056792,46.85585122950872,57.07033333333333
199,1,50,40,1,True,2048,64,20260329,20260329,cp1_mbt2048_mns64,40,40,40,248.9683750504628,248.9683750504628,252.7695625904016,270.8395348803606,275.2779405703768,276.8589020706713,69.44530799823741,69.44530799823741,69.42569311463441,70.66401425787869,70.83403275315412,2957.335386981722,2957.335386981722,2957.719559490215,3008.791755727725,3012.534528356045,1774771691.8898394,1774771694.9322338,1774771692.027666,1774771694.9322338,41,21.0,2050,1050.0,3,150,189.70970523895429,236.669,82.75,551.0247309546469,132.63937190562095,385.2600694636502,57.07033333333333
200,4,50,100,1,True,2048,64,20260329,20260329,cp1_mbt2048_mns64,100,100,100,265.1410690997727,265.1410690997727,294.4261894444935,309.0032660111319,312.6536234037485,314.17685898486525,68.37563312887637,68.37563312887637,68.40942107609031,68.63803256825177,68.64812817758495,7034.328748858534,7034.328748858534,7043.131098442245,7090.113869158085,7097.783324097982,1774771695.862483,1774771702.966407,1774771695.964358,1774771702.966407,101,51.0,5050,2550.0,7,350,217.03286015799395,237.709,68.638,1519.6747147667409,159.96252682466064,1120.0654460742476,57.07033333333333
201,3,1,20,1,True,2048,64,20260329,20260329,cp1_mbt2048_mns64,20,20,20,88.67913798894733,88.67913798894733,88.67913798894733,88.67913798894733,88.67913798894733,88.67913798894733,66.60340231916818,66.60340231916818,66.60340231916818,66.60340231916818,66.60340231916818,1354.1437820531428,1354.1437820531428,1354.1437820531428,1354.1437820531428,1354.1437820531428,1774771703.8295057,1774771705.1836493,1774771703.918185,1774771705.1836493,21,11.0,21,11.0,2,2,144.546125321747,231.897,92.561,182.91796214759356,87.47579198841368,110.69749238971872,57.07033333333333
202,2,50,50,1,True,2048,64,20260329,20260329,cp1_mbt2048_mns64,50,50,50,359.73848467925563,359.73848467925563,379.7262029838748,394.2685933434405,396.83744820416905,398.617823026143,68.71253847192061,68.71253847192061,68.70797318430161,69.45963097612696,69.5406657710852,3726.652869803365,3726.652869803365,3736.9806339847855,3787.750918389065,3792.167869184632,1774771706.114098,1774771709.9154258,1774771706.2952833,1774771709.9154258,51,26.0,2550,1300.0,4,200,204.40493457949552,236.878,106.229,739.9749826780555,147.33460124616215,533.3722457791564,57.07033333333333
203,5,50,200,1,True,2048,64,20260329,20260329,cp1_mbt2048_mns64,200,200,200,370.3727570781484,370.3727570781484,351.1779524269514,421.9651804422029,422.6426611840725,422.7526260074228,68.43973502148195,68.43973502148195,68.43509969837383,68.61286339207889,68.73044528518147,13989.880026353056,13989.880026353056,13996.90482247388,14038.50983530283,14041.535642456727,1774771710.833429,1774771724.887086,1774771711.0514417,1774771724.887086,201,101.0,10050,5050.0,13,650,228.40724527041613,238.083,68.419,3160.1613885756738,171.33691193708285,2370.5565596236797,57.07033333333333
204,2,1,10,1,True,2048,64,20260329,20260329,cp1_mbt2048_mns64,10,10,10,89.09420599229634,89.09420599229634,89.09420599229634,89.09420599229634,89.09420599229634,89.09420599229634,66.64998044208106,66.64998044208106,66.64998044208106,66.64998044208106,66.64998044208106,688.9440299710259,688.9440299710259,688.9440299710259,688.9440299710259,688.9440299710259,1774771725.750039,1774771726.4389827,1774771725.8391333,1774771726.4389827,11,6.0,11,6.0,1,1,105.87668649826648,140.452,94.412,63.51007348823548,48.80635316493313,29.27646471301715,57.07033333333333
205,1,1,40,1,True,2048,64,20260329,20260329,cp1_mbt2048_mns64,40,40,40,87.33560692053288,87.33560692053288,87.33560692053288,87.33560692053288,87.33560692053288,87.33560692053288,66.69920553954748,66.69920553954748,66.69920553954748,66.69920553954748,66.69920553954748,2688.6046229628846,2688.6046229628846,2688.6046229628846,2688.6046229628846,2688.6046229628846,1774771727.2931883,1774771729.981792,1774771727.3805234,1774771729.981792,41,21.0,41,21.0,3,3,190.59112099483536,231.822,101.218,495.7786851206976,133.52078766150206,347.323423030253,57.07033333333333
206,2,64,150,1,True,2048,64,20260329,20260329,cp1_mbt2048_mns64,150,150,150,286.16988388603204,286.16988388603204,293.6911120195873,332.66952400445007,345.75881620054133,348.0182980420068,69.16355154679566,69.16355154679566,69.14805617119379,69.45171234179944,69.47659094949978,10591.539064358583,10591.539064358583,10582.905823015608,10675.54050538456,10685.047378899762,1774771730.9667923,1774771741.665831,1774771731.1052537,1774771741.665831,151,76.0,9664,4864.0,10,640,226.35213417706063,238.769,83.026,2390.4093388851857,169.28180084372735,1787.7136396850324,57.07033333333333
207,3,1,200,1,True,2048,64,20260329,20260329,cp1_mbt2048_mns64,200,200,200,90.09473805781454,90.09473805781454,90.09473805781454,90.09473805781454,90.09473805781454,90.09473805781454,66.71453384921217,66.71453384921217,66.71453384921217,66.71453384921217,66.71453384921217,13366.286974051036,13366.286974051036,13366.286974051036,13366.286974051036,13366.286974051036,1774771742.531636,1774771755.8979225,1774771742.6217303,1774771755.8979225,201,101.0,201,101.0,13,13,223.75189896514945,232.644,96.654,2970.5731598035054,166.68156563181608,2212.896459828571,57.07033333333333
208,1,4,10,1,True,2048,64,20260329,20260329,cp1_mbt2048_mns64,10,10,10,142.3040049849078,142.3040049849078,125.34327851608396,216.1108860513195,224.2553755594417,226.2914979364723,67.54428069365935,67.54428069365935,67.51936905655182,67.80172246443625,67.83373142372713,750.202531227842,750.202531227842,734.2179359984584,822.0063229848164,829.9703501316253,1774771756.7609148,1774771757.5934136,1774771756.853152,1774771757.5934136,11,6.0,44,24.0,1,4,117.20043961477442,167.83,98.938,86.75897964286806,60.13010628144109,44.51200596125922,57.07033333333333
209,4,1,150,1,True,2048,64,20260329,20260329,cp1_mbt2048_mns64,150,150,150,89.9138719541952,89.9138719541952,89.9138719541952,89.9138719541952,89.9138719541952,89.9138719541952,66.74404566460633,66.74404566460633,66.74404566460633,66.74404566460633,66.74404566460633,10034.776675980538,10034.776675980538,10034.776675980538,10034.776675980538,10034.776675980538,1774771758.451736,1774771768.486512,1774771758.5416498,1774771768.486512,151,76.0,151,76.0,10,10,220.9681218680696,232.444,100.721,2197.497506507277,163.8977885347363,1629.9409099479913,57.07033333333333
210,3,8,10,1,True,2048,64,20260329,20260329,cp1_mbt2048_mns64,10,10,10,208.9520538720535,208.9520538720535,225.9705670294352,226.58802837249823,226.7105720716063,226.7412079963833,68.83120008084613,68.83120008084613,68.82351099435861,69.89299192209728,69.96946185167567,828.4328545996686,828.4328545996686,845.8302554790862,854.6325179340784,855.3139715746511,1774771769.3538315,1774771770.2097416,1774771769.444864,1774771770.2097416,11,6.0,88,48.0,1,8,117.4059242290444,159.887,98.179,89.8011565902233,60.33559089571106,46.14933940998712,57.07033333333333
211,3,4,50,1,True,2048,64,20260329,20260329,cp1_mbt2048_mns64,50,50,50,171.55475899926387,171.55475899926387,188.0156344850548,221.56473869690672,221.573466185946,221.57564805820584,67.5673350978082,67.5673350978082,67.55868141891017,67.59855357481034,67.6031122498965,3482.3541787918657,3482.3541787918657,3498.4273885493167,3533.7315048614983,3534.035311370389,1774771771.0714617,1774771774.6060822,1774771771.1600733,1774771774.6060822,51,26.0,204,104.0,4,16,197.81294816367316,228.89,114.937,681.665183995962,140.7426148303398,485.0003062237103,57.07033333333333
212,2,8,150,1,True,2048,64,20260329,20260329,cp1_mbt2048_mns64,150,150,150,206.4436824875884,206.4436824875884,223.1204364798032,223.91451899893585,224.00026536546648,224.02170195709917,67.96686038071752,67.96686038071752,67.96542318434697,68.01469694528473,68.01974196083087,10333.5058792145,10333.5058792145,10349.788857914971,10357.550789986271,10358.017863596324,1774771775.4722908,1774771785.8312004,1774771775.5611837,1774771785.8312004,151,76.0,1208,608.0,10,80,216.30610762345788,228.448,102.421,2221.467331164839,159.23577429012457,1635.3540564560913,57.07033333333333
213,4,4,100,1,True,2048,64,20260329,20260329,cp1_mbt2048_mns64,100,100,100,159.49896650272422,159.49896650272422,159.52876099618152,216.4586485596373,224.4756953092292,226.47995699662715,67.57697783324707,67.57697783324707,67.57643932801192,67.59068430895269,67.59247609456493,6849.619771994185,6849.619771994185,6850.489129486959,6905.522270360962,6913.207423640415,1774771786.6938677,1774771793.6094055,1774771786.7865286,1774771793.6094055,101,51.0,404,204.0,7,28,213.1079440031211,229.162,102.997,1454.0092747890942,156.03761066978777,1064.625414088169,57.07033333333333
214,4,8,20,1,True,2048,64,20260329,20260329,cp1_mbt2048_mns64,20,20,20,211.86735713854432,211.86735713854432,230.87729403050616,232.3944053496234,232.4082258506678,232.4116809759289,67.99745905185486,67.99745905185486,67.92637815478405,68.51361536139035,68.65535119854796,1503.8190791237869,1503.8190791237869,1520.2993724960834,1528.6370288406033,1529.6149873326067,1774771794.4797757,1774771796.00985,1774771794.5703068,1774771796.00985,21,11.0,168,88.0,2,16,152.21998484989152,227.601,104.691,219.12725128303356,95.14965151655818,136.97203831627354,57.07033333333333
215,3,64,20,1,True,2048,64,20260329,20260329,cp1_mbt2048_mns64,20,20,20,290.9621122998942,290.9621122998942,306.29585951101035,324.47190422099084,330.8736456918996,331.6095839254558,71.43820877450037,71.43820877450037,71.07143521333407,74.42407738846285,74.78306062298975,1648.2880790154013,1648.2880790154013,1652.795828471426,1727.7159960765855,1738.6964541836642,1774771796.9431145,1774771798.691859,1774771797.0585344,1774771798.691859,21,11.0,1344,704.0,2,128,160.48464704021217,236.951,87.192,262.12352564156055,103.41431370687884,168.90914495925108,57.07033333333333
216,5,4,10,1,True,2048,64,20260329,20260329,cp1_mbt2048_mns64,10,10,10,191.29616499412805,191.29616499412805,224.51135399751365,225.22430344833992,225.3225678380113,225.3471339354292,67.617484863149,67.617484863149,67.6054033360237,67.79863369301893,67.8161052253563,799.8535287624691,799.8535287624691,832.959984021727,835.4069336783141,835.6665002647787,1774771799.5618727,1774771800.3976035,1774771799.652902,1774771800.3976035,11,6.0,44,24.0,1,4,115.32270592075244,128.349,100.213,85.88100637364384,58.25237258741912,43.38063646284736,57.07033333333333
217,4,64,50,1,True,2048,64,20260329,20260329,cp1_mbt2048_mns64,50,50,50,274.6274005221494,274.6274005221494,276.4400695450604,326.8615010776557,335.14182758983225,343.0076459189877,69.62849572839184,69.62849572839184,69.57613291903114,70.64237054639344,70.81821160820996,3686.423691213349,3686.423691213349,3692.5949585274793,3778.3015022519976,3785.220515045803,1774771801.422204,1774771805.2315493,1774771801.5604632,1774771805.2315493,51,26.0,3264,1664.0,4,256,200.4980765833697,237.239,67.9,736.0456965928076,143.4277432500364,526.5355907158056,57.07033333333333
218,1,1,10,1,True,2048,64,20260329,20260329,cp1_mbt2048_mns64,10,10,10,89.09720892552286,89.09720892552286,89.09720892552286,89.09720892552286,89.09720892552286,89.09720892552286,66.56073822846844,66.56073822846844,66.56073822846844,66.56073822846844,66.56073822846844,688.1438529817387,688.1438529817387,688.1438529817387,688.1438529817387,688.1438529817387,1774771806.0976343,1774771806.7857764,1774771806.18673,1774771806.7857764,11,6.0,11,6.0,1,1,116.19328934029248,123.922,108.921,69.60517966997625,59.122956006959136,35.41739801712833,57.07033333333333
219,5,64,40,1,True,2048,64,20260329,20260329,cp1_mbt2048_mns64,40,40,40,336.6687219022424,336.6687219022424,326.21282699983567,401.5589971037116,404.4432166626211,405.3816350642592,69.3791624466823,69.3791624466823,69.3735365788691,70.18186128116213,70.41327120682512,3042.456057322852,3042.456057322852,3052.247654006351,3107.2995105641894,3118.4125609719194,1774771807.7049143,1774771810.836743,1774771807.8358824,1774771810.836743,41,21.0,2624,1344.0,3,192,196.59502551991736,236.514,95.914,589.954284142733,139.52469218658405,418.6941642164393,57.07033333333333
220,3,50,150,1,True,2048,64,20260329,20260329,cp1_mbt2048_mns64,150,150,150,269.25732620991766,269.25732620991766,264.00621654465795,359.28233177401125,361.8064774700906,361.8579759495333,68.30427682150668,68.30427682150668,68.28774332542335,68.61658325370388,68.62918884125412,10446.594572614413,10446.594572614413,10445.040121499916,10528.2477986475,10580.094103418523,1774771811.7719808,1774771822.3574562,1774771811.9875998,1774771822.3574562,151,76.0,7550,3800.0,10,500,224.3509700531004,237.639,72.172,2326.487333133141,167.28063671976705,1734.6761741875805,57.07033333333333
221,1,64,200,1,True,2048,64,20260329,20260329,cp1_mbt2048_mns64,200,200,200,277.70163575405604,277.70163575405604,283.85035396786407,320.3361787600443,338.4896107390523,341.06314997188747,68.9498836135723,68.9498836135723,68.94188409790527,69.1730820816642,69.21927654192591,13998.728474854945,13998.728474854945,13997.934450919274,14067.86141783232,14086.266324796015,1774771823.3796434,1774771837.4919877,1774771823.5186398,1774771837.4919877,201,101.0,12864,6464.0,13,832,229.24883401432487,239.261,69.785,3203.373713878322,172.1785006809915,2405.910091311543,57.07033333333333
222,5,50,300,1,True,2048,64,20260329,20260329,cp1_mbt2048_mns64,300,300,300,343.57901737559587,343.57901737559587,366.8548925197683,380.5065468128305,382.41413404932246,382.45473499409854,68.34309454440422,68.34309454440422,68.33486826245496,68.47189610466177,68.48899266935253,20778.16428615246,20778.16428615246,20796.287556004245,20841.85516263824,20843.301185249584,1774771838.4241943,1774771859.282257,1774771838.595547,1774771859.282257,301,151.0,15050,7550.0,19,950,232.4842701709984,240.04,68.225,4809.334704312247,175.41393683766503,3628.737262236756,57.07033333333333
223,3,16,300,1,True,2048,64,20260329,20260329,cp1_mbt2048_mns64,300,300,300,221.84760062373243,221.84760062373243,230.4853669484146,232.656724343542,232.91832731338215,232.98372805584225,68.09564509262981,68.09564509262981,68.09410278083458,68.15681599931679,68.16448330693102,20582.445483320043,20582.445483320043,20590.011644468177,20607.783337967703,20608.06975158048,1774771860.1702647,1774771880.7825463,1774771860.265309,1774771880.7825463,301,151.0,4816,2416.0,19,304,225.96765629365515,232.114,103.651,4636.232054513928,168.89732296032184,3465.3064755985706,57.07033333333333
224,1,8,75,1,True,2048,64,20260329,20260329,cp1_mbt2048_mns64,75,75,75,259.3252746155485,259.3252746155485,293.6671909992583,294.9837431893684,295.0431166146882,295.05795997101814,67.75611189348982,67.75611189348982,67.7355522969486,67.84295345746246,67.84673508038003,5273.277554733795,5273.277554733795,5304.453119984828,5312.500098778401,5313.110950973351,1774771881.6589625,1774771886.9751718,1774771881.8187535,1774771886.9751718,76,38.5,608,308.0,5,40,206.6156271800513,229.27,94.583,1065.396605916142,149.545293846718,771.1180933869277,57.07033333333333
225,2,4,40,1,True,2048,64,20260329,20260329,cp1_mbt2048_mns64,40,40,40,160.03276451374404,160.03276451374404,159.91868049604818,226.96485331980512,227.06270983209836,227.08717396017164,67.36178660260823,67.36178660260823,67.3565010761078,67.41102297375431,67.41827034012366,2787.1424420154653,2787.1424420154653,2787.2344935312867,2853.7257558316924,2854.0371391479857,1774771887.8536265,1774771890.7080884,1774771887.9469943,1774771890.7080884,41,21.0,164,84.0,3,12,187.5939368407824,229.713,94.734,517.9644662283662,130.52360350744905,360.3879195643666,57.07033333333333
226,4,16,20,1,True,2048,64,20260329,20260329,cp1_mbt2048_mns64,20,20,20,217.57928392617032,217.57928392617032,226.02708754129708,228.58970949891955,228.61822752747685,228.62535703461617,69.05256360225489,69.05256360225489,69.01542741903349,70.21298804810564,70.31488585972079,1529.5779923690134,1529.5779923690134,1538.257221924141,1560.2509782183915,1562.7321660052985,1774771891.5927815,1774771893.156711,1774771891.6835155,1774771893.156711,21,11.0,336,176.0,2,32,154.22419562484797,230.658,114.029,227.2024359025955,97.15386229151464,143.12666103100776,57.07033333333333
227,5,4,40,1,True,2048,64,20260329,20260329,cp1_mbt2048_mns64,40,40,40,174.78963601752184,174.78963601752184,191.28365203505385,225.51469948957677,225.640156728914,225.67152103874832,67.3529553915171,67.3529553915171,67.35189450092804,67.37552102974568,67.37873936498848,2801.5548962866887,2801.5548962866887,2817.567307560239,2853.0182397924364,2853.3826359920204,1774771894.0187426,1774771896.8723812,1774771894.1100109,1774771896.8723812,41,21.0,164,84.0,3,12,188.1289296425469,229.572,111.148,519.6817768411635,131.05859630921356,362.0323802920181,57.07033333333333
228,2,4,150,1,True,2048,64,20260329,20260329,cp1_mbt2048_mns64,150,150,150,128.76852101180702,128.76852101180702,128.58045799657702,162.35861519235186,162.4490342324134,162.47163899242878,67.36092866791394,67.36092866791394,67.35958032553778,67.37620271593896,67.37763172185875,10165.546892530983,10165.546892530983,10165.5597325298,10199.468450807037,10199.907807763666,1774771897.733307,1774771907.9333236,1774771897.828931,1774771907.9333236,151,76.0,604,304.0,10,40,220.86820209303988,229.734,148.026,2231.7389583605527,163.79786875970655,1655.077922232906,57.07033333333333
229,1,32,40,1,True,2048,64,20260329,20260329,cp1_mbt2048_mns64,40,40,40,282.4527400371153,282.4527400371153,294.85181748168543,300.3628703823779,301.08962318859994,301.2607599375769,68.66577035459788,68.66577035459788,68.64151389797767,69.50953750548742,69.58718970764237,2960.4177838664327,2960.4177838664327,2964.391145040281,3008.758147183107,3012.111499198945,1774771908.833243,1774771911.849275,1774771908.9943006,1774771911.849275,41,21.0,1312,672.0,3,96,188.5035475750859,233.765,83.897,538.1728230482574,131.43321424175255,375.2384762022333,57.07033333333333
230,1,4,200,1,True,2048,64,20260329,20260329,cp1_mbt2048_mns64,200,200,200,189.39448249875568,189.39448249875568,222.75166999315843,223.0928584584035,223.12791249947625,223.1366760097444,67.59210364061207,67.59210364061207,67.59083971361298,67.60246970254376,67.60347560463455,13640.223106980557,13640.223106980557,13673.32877300214,13675.956462562315,13676.213984481292,1774771912.7152736,1774771926.391914,1774771912.8042114,1774771926.391914,201,101.0,804,404.0,13,52,220.5563374440325,229.567,95.018,2996.85395307398,163.48600411069913,2221.3992278310475,57.07033333333333
231,5,8,50,1,True,2048,64,20260329,20260329,cp1_mbt2048_mns64,50,50,50,176.79533299815375,176.79533299815375,193.55139846447852,227.952317672316,228.1989531335421,228.26061199884865,67.96531000308816,67.96531000308816,67.96538698064087,68.02739432017434,68.0332852793829,3507.0955231494736,3507.0955231494736,3522.285068000201,3561.0629701113794,3561.783597973408,1774771927.259534,1774771930.8224626,1774771927.3519697,1774771930.8224626,51,26.0,408,208.0,4,32,187.44210403098228,228.225,97.521,650.5165246087312,130.37177069764897,452.4543278030157,57.07033333333333
232,3,50,10,1,True,2048,64,20260329,20260329,cp1_mbt2048_mns64,10,10,10,279.2694219830446,279.2694219830446,289.67190004186705,317.14637560071424,326.5961494902149,331.71912492252886,72.45798429939896,72.45798429939896,72.17896516279627,77.14350637074352,77.94250483831597,931.3912806776352,931.3912806776352,948.1521910638548,1004.0465539495926,1009.2120694555342,1774771931.7938106,1774771932.825565,1774771931.917169,1774771932.825565,11,6.0,550,300.0,1,50,111.0032946881293,154.265,78.635,100.8349495065212,53.93296135479597,48.99248666652041,57.07033333333333
233,3,16,40,1,True,2048,64,20260329,20260329,cp1_mbt2048_mns64,40,40,40,277.9315080042579,277.9315080042579,298.2481690123677,301.0618117987178,301.10193918226287,301.1119710281491,68.47476284747245,68.47476284747245,68.44689679564908,68.9596733203731,68.9883468296522,2948.4472590556834,2948.4472590556834,2969.2585355369374,2988.075300527271,2988.083610485773,1774771933.719237,1774771936.7101474,1774771933.825769,1774771936.7101474,41,21.0,656,336.0,3,48,189.21271092671827,230.028,92.049,545.7610626895429,132.1423775933849,381.1486240457695,57.07033333333333
234,5,4,75,1,True,2048,64,20260329,20260329,cp1_mbt2048_mns64,75,75,75,175.5873987858649,175.5873987858649,192.17027153354135,225.9551502007525,226.036029238021,226.0562489973381,67.55326151638607,67.55326151638607,67.55032793168809,67.56352787983693,67.56531146746696,5174.528750998434,5174.528750998434,5190.736870514229,5225.608912919415,5225.8596177527215,1774771937.5722291,1774771942.7985334,1774771937.6641817,1774771942.7985334,76,38.5,304,154.0,5,20,206.58203142574837,229.021,113.943,1060.6648105093232,149.51169809241503,767.6456458078615,57.07033333333333
235,3,1,50,1,True,2048,64,20260329,20260329,cp1_mbt2048_mns64,50,50,50,89.91544600576162,89.91544600576162,89.91544600576162,89.91544600576162,89.91544600576162,89.91544600576162,66.69493097982996,66.69493097982996,66.69493097982996,66.69493097982996,66.69493097982996,3357.96706401743,3357.96706401743,3357.96706401743,3357.96706401743,3357.96706401743,1774771943.653856,1774771947.0118215,1774771943.7437708,1774771947.0118215,51,26.0,51,26.0,4,4,196.3768000966136,232.051,102.567,641.7693800705675,139.30646676328027,455.2606253412172,57.07033333333333
236,1,1,300,1,True,2048,64,20260329,20260329,cp1_mbt2048_mns64,300,300,300,89.18563497718424,89.18563497718424,89.18563497718424,89.18563497718424,89.18563497718424,89.18563497718424,66.71622069902955,66.71622069902955,66.71622069902955,66.71622069902955,66.71622069902955,20037.33562398702,20037.33562398702,20037.33562398702,20037.33562398702,20037.33562398702,1774771947.867687,1774771967.9050217,1774771947.9568722,1774771967.9050217,301,151.0,301,151.0,19,19,226.20132112734692,232.563,100.907,4512.297757978321,169.1309877940136,3373.850219901841,57.07033333333333
237,5,4,50,1,True,2048,64,20260329,20260329,cp1_mbt2048_mns64,50,50,50,190.1714032574091,190.1714032574091,223.5231710365042,223.95981592708267,223.99269915302284,224.00091995950788,67.60116395355222,67.60116395355222,67.59095203003143,67.6477142433845,67.65265248098164,3502.6284369814675,3502.6284369814675,3535.6093789450824,3538.5059950349387,3538.7150854512583,1774771968.765664,1774771972.3049648,1774771968.855655,1774771972.3049648,51,26.0,204,104.0,4,16,198.29288459607335,229.241,99.831,683.9735952427387,141.22255126274004,487.1203337088426,57.07033333333333
238,1,64,300,1,True,2048,64,20260329,20260329,cp1_mbt2048_mns64,300,300,300,302.52511197431886,302.52511197431886,305.7343430118636,371.02975515881553,373.78757590660825,375.178323010914,69.41624396661862,69.41624396661862,69.41235656861721,69.55072788796528,69.5781994186401,21057.98205799329,21057.98205799329,21053.456755995285,21160.15887476969,21166.303655054653,1774771973.247097,1774771994.4240358,1774771973.4164295,1774771994.4240358,301,151.0,19264,9664.0,19,1216,233.42782360706397,240.278,91.759,4903.759810316799,176.3574902737306,3704.848718070664,57.07033333333333
239,4,4,150,1,True,2048,64,20260329,20260329,cp1_mbt2048_mns64,150,150,150,151.66531372233294,151.66531372233294,165.8426249632612,166.46970035508275,166.5221408382058,166.53525095898658,67.57144011235202,67.57144011235202,67.58513531199151,67.60223878253777,67.60332773502091,10219.809890462784,10219.809890462784,10236.246288463008,10238.755138940178,10238.978742132897,1774771995.293951,1774772005.5333965,1774771995.4023924,1774772005.5333965,151,76.0,604,304.0,10,40,219.0458606926642,230.035,95.783,2219.15451168716,161.97552735933087,1640.974730979721,57.07033333333333
240,4,8,150,1,True,2048,64,20260329,20260329,cp1_mbt2048_mns64,150,150,150,204.47297874488868,204.47297874488868,229.4801835087128,231.2191080127377,231.22942881309427,231.2320090131834,67.96735978613829,67.96735978613829,67.9619175232728,68.0167508113898,68.02241997697996,10331.609586879496,10331.609586879496,10355.863588978536,10365.703920909436,10366.538305782016,1774772006.4464986,1774772016.8134897,1774772006.542037,1774772016.8134897,151,76.0,1208,608.0,10,80,217.71068513066928,229.272,90.621,2236.204997056011,160.64035179733594,1650.0097696281312,57.07033333333333
241,5,8,300,1,True,2048,64,20260329,20260329,cp1_mbt2048_mns64,300,300,300,206.29285310860723,206.29285310860723,223.56855700491,224.8492375540081,224.9001771130133,224.91291200276464,67.99999388637774,67.99999388637774,67.99750724249834,68.02692589158096,68.02809200925132,20538.29102513555,20538.29102513555,20554.66287501622,20564.00594210718,20564.600762077607,1774772017.6808271,1774772038.246747,1774772017.7711606,1774772038.246747,301,151.0,2408,1208.0,19,152,222.6585785921978,229.503,109.847,4559.064966858028,165.5882452588645,3390.5164249963354,57.07033333333333
242,4,32,300,1,True,2048,64,20260329,20260329,cp1_mbt2048_mns64,300,300,300,274.3265636599972,274.3265636599972,292.9062225157395,298.7356080324389,299.42875911598094,299.73647103179246,68.02700503524048,68.02700503524048,68.01670662868756,68.13396175863474,68.14082899793942,20614.4010691969,20614.4010691969,20629.689547466118,20667.12596321595,20671.10866294126,1774772039.145289,1774772059.8184938,1774772039.2421885,1774772059.8184938,301,151.0,9632,4832.0,19,608,229.5731919394666,235.891,114.424,4723.768106566794,172.50285860613326,3549.4714992250274,57.07033333333333
243,3,50,300,1,True,2048,64,20260329,20260329,cp1_mbt2048_mns64,300,300,300,960.6444570492022,960.6444570492022,980.3587179630996,1053.4374729904812,1056.3378804724198,1058.2664690446109,68.38470073817079,68.38470073817079,68.53073505672273,68.6406592409793,68.65045417500832,21407.66997776227,21407.66997776227,21478.873848973308,21547.97307429253,21550.54865729529,1774772060.7463603,1774772082.3078406,1774772061.4476514,1774772082.3078406,301,151.0,15050,7550.0,19,950,236.8931348918077,239.752,170.099,4941.635613893378,179.82280155847437,3751.137662884502,57.07033333333333
244,3,50,20,1,True,2048,64,20260329,20260329,cp1_mbt2048_mns64,20,20,20,357.71218007430434,357.71218007430434,370.9066570154391,380.8338673785329,383.1727437535301,383.17537505645305,70.31952587385221,70.31952587385221,70.28148121408825,72.49534007247635,72.67386514601591,1693.7831716774965,1693.7831716774965,1701.5920710400678,1756.5610710415058,1762.274812819669,1774772083.2182257,1774772084.9824338,1774772083.327935,1774772084.9824338,21,11.0,1050,550.0,2,100,164.5767569977597,236.832,101.291,272.29204951763165,107.50642366442638,177.86925061535848,57.07033333333333
245,1,16,200,1,True,2048,64,20260329,20260329,cp1_mbt2048_mns64,200,200,200,225.55982731864788,225.55982731864788,234.33488700538877,236.9442582130432,237.32356196269396,237.4183879001066,68.28326764983802,68.28326764983802,68.28341775851081,68.36918873894356,68.36922853789058,13813.930089636417,13813.930089636417,13822.2834514454,13839.93317981367,13840.221248852322,1774772085.8830743,1774772099.725421,1774772085.9816484,1774772099.725421,201,101.0,3216,1616.0,13,208,222.35099931025923,231.609,78.467,3055.941551160695,165.28066597692592,2271.5798729450325,57.07033333333333
246,2,32,50,1,True,2048,64,20260329,20260329,cp1_mbt2048_mns64,50,50,50,225.9549770024023,225.9549770024023,229.7115615219809,239.05473225167952,241.7689738946501,242.88351996801796,68.37807530283332,68.37807530283332,68.39988564202866,68.99485669623851,69.02843594719769,3576.480666841235,3576.480666841235,3582.847481011413,3610.0678736693226,3613.7947474536486,1774772100.691875,1774772104.316083,1774772100.7945445,1774772104.316083,51,26.0,1632,832.0,4,128,200.710980420981,234.612,103.494,706.8114441258905,143.64064708764766,505.8360683120089,57.07033333333333
247,3,32,40,1,True,2048,64,20260329,20260329,cp1_mbt2048_mns64,40,40,40,290.9000711333647,290.9000711333647,301.82939098449424,308.7890120630618,309.66413589078,310.0460050627589,68.32678824279216,68.32678824279216,68.31323374391127,69.0540321998131,69.1649660657351,2955.6448126022588,2955.6448126022588,2965.931498561986,2993.4149152075406,2998.4244044148363,1774772105.231536,1774772108.2339685,1774772105.3377912,1774772108.2339685,41,21.0,1312,672.0,3,96,193.5459786711168,234.529,97.484,560.5434683600664,136.47564533778345,395.25766492060825,57.07033333333333
248,5,50,50,1,True,2048,64,20260329,20260329,cp1_mbt2048_mns64,50,50,50,294.51045491499826,294.51045491499826,300.2091204398312,314.23577851383016,375.0664649554528,376.2273209867999,68.89790197188148,68.89790197188148,68.86380119368016,69.80003530078814,69.87336521284007,3670.507651537191,3670.507651537191,3678.813542006537,3723.1966312334407,3730.7296563941054,1774772109.1557734,1774772112.8943188,1774772109.2556455,1774772112.8943188,51,26.0,2550,1300.0,4,200,204.84401210821696,237.542,116.063,745.3604386520383,147.77367877488362,537.7001402153966,57.07033333333333
249,5,32,40,1,True,2048,64,20260329,20260329,cp1_mbt2048_mns64,40,40,40,233.34647739466163,233.34647739466163,235.76763196615505,242.03733202884905,242.1899245353416,242.22544091753664,68.28358858202148,68.28358858202148,68.31340078198804,68.99071507818567,69.07706291074506,2896.4064320934995,2896.4064320934995,2902.9649239382707,2929.0201648138463,2933.09652732336,1774772113.8004386,1774772116.7356594,1774772113.9639144,1774772116.7356594,41,21.0,1312,672.0,3,96,192.7692110240289,233.959,87.335,534.3070903533697,135.69887769069558,376.1226811998288,57.07033333333333
250,4,16,40,1,True,2048,64,20260329,20260329,cp1_mbt2048_mns64,40,40,40,216.85682971292408,216.85682971292408,224.93751300498843,227.3641940264497,227.4495548394043,227.47089504264292,68.57519127366592,68.57519127366592,68.58964612743316,69.04598183926934,69.05367653205012,2891.2892893858952,2891.2892893858952,2899.479112064,2918.4027822338976,2919.672260445077,1774772117.6162226,1774772120.5383942,1774772117.706636,1774772120.5383942,41,21.0,656,336.0,3,48,189.8475417645745,230.154,114.86,537.6023446705344,132.77720843124115,375.9929568114284,57.07033333333333
251,1,8,300,1,True,2048,64,20260329,20260329,cp1_mbt2048_mns64,300,300,300,231.77393661171664,231.77393661171664,250.1928229467012,251.12052022013813,251.23597680125383,251.2648409465328,67.98907356443978,67.98907356443978,67.98899334965952,68.01462163566612,68.01600265751567,20560.50693237921,20560.50693237921,20578.9018344949,20586.701156036,20587.53264880273,1774772121.406133,1774772141.994636,1774772121.521845,1774772141.994636,301,151.0,2408,1208.0,19,152,222.47804533878443,228.982,90.394,4554.746461588139,165.4077120054511,3386.35747104382,57.07033333333333
252,4,32,100,1,True,2048,64,20260329,20260329,cp1_mbt2048_mns64,100,100,100,307.5920905903331,307.5920905903331,334.5219834591262,340.27896654442884,341.5769462264143,341.93203202448785,68.02258263647819,68.02258263647819,68.02383083861905,68.33374687015419,68.34830986353512,7041.827771601675,7041.827771601675,7060.555884498172,7100.759223266505,7105.548802709673,1774772142.8930986,1774772150.0010254,1774772143.092919,1774772150.0010254,101,51.0,3232,1632.0,7,224,215.66113152598123,234.484,86.755,1489.8099757772577,158.59079819264792,1095.56205859664,57.07033333333333
253,4,16,50,1,True,2048,64,20260329,20260329,cp1_mbt2048_mns64,50,50,50,220.79174943792168,220.79174943792168,229.57849298836663,231.3012589875143,231.4678405818995,231.5094859804958,68.41981471177637,68.41981471177637,68.41340272364263,68.73401739855525,68.75614870342008,3573.362670314964,3573.362670314964,3582.8940744977444,3594.887804472819,3597.724183229729,1774772150.8824906,1774772154.4814675,1774772150.9762356,1774772154.4814675,51,26.0,816,416.0,4,64,196.0078048880126,230.38,87.329,687.0528019728662,138.93747155467926,487.0080514661472,57.07033333333333
254,3,4,100,1,True,2048,64,20260329,20260329,cp1_mbt2048_mns64,100,100,100,143.9106790057849,143.9106790057849,160.288640006911,161.12959621823393,161.22259526397102,161.2458450254053,67.57507732871807,67.57507732871807,67.56912224286359,67.60772414637185,67.61131832451382,6833.843334548874,6833.843334548874,6849.8979595606215,6853.325781418243,6853.637873941334,1774772155.3472054,1774772162.20111,1774772155.4410248,1774772162.20111,101,51.0,404,204.0,7,28,212.54011843640785,229.473,93.946,1436.7893397208447,155.4697851030745,1050.9890157590305,57.07033333333333
255,2,4,200,1,True,2048,64,20260329,20260329,cp1_mbt2048_mns64,200,200,200,175.35328748635948,175.35328748635948,191.81041297269985,225.9035185270477,225.97630369127728,225.99449998233467,67.5813921697405,67.5813921697405,67.58036794744658,67.58716552232828,67.588008618235,13624.05032926472,13624.05032926472,13640.0122079649,13675.612738466589,13675.962674919285,1774772163.0609467,1774772176.7373672,1774772163.1529224,1774772176.7373672,201,101.0,804,404.0,13,52,221.0124198134568,229.655,120.093,3002.331008511899,163.94208648012346,2227.06221783761,57.07033333333333
256,4,64,40,1,True,2048,64,20260329,20260329,cp1_mbt2048_mns64,40,40,40,294.27299595954537,294.27299595954537,306.89818802056834,324.24097401089966,325.11434718966484,325.401813024655,69.9256966772037,69.9256966772037,69.77411693570991,71.1454776884355,71.39370683452282,3021.3751663704898,3021.3751663704898,3028.1077989493497,3092.677391751204,3098.7440210860223,1774772177.6748395,1774772180.7787664,1774772177.798355,1774772180.7787664,41,21.0,2624,1344.0,3,192,196.2075256722597,237.77,100.694,584.7790781372787,139.13719233892638,414.6860258891187,57.07033333333333
257,5,50,100,1,True,2048,64,20260329,20260329,cp1_mbt2048_mns64,100,100,100,339.6480382583104,339.6480382583104,340.0367169524543,419.0419636957813,420.0031986110844,420.11565703433007,68.35716784503687,68.35716784503687,68.35861771245195,68.59170354196021,68.63483711774933,7107.007654916961,7107.007654916961,7111.385583004449,7200.951536552748,7207.554158690618,1774772181.6884556,1774772188.8994503,1774772181.8959708,1774772188.8994503,101,51.0,5050,2550.0,7,350,218.3099638267567,237.234,83.883,1528.9294041516775,161.23963049342336,1129.238482085863,57.07033333333333
258,4,50,75,1,True,2048,64,20260329,20260329,cp1_mbt2048_mns64,75,75,75,276.92681651795283,276.92681651795283,287.09401399828494,320.2045110578183,326.2601181434002,330.9758839895949,68.46921730931294,68.46921730931294,68.47894306033473,68.86495052171381,68.92739097126824,5343.648897407111,5343.648897407111,5345.491704996675,5411.166486394359,5418.907025473891,1774772189.886376,1774772195.3193123,1774772190.0070865,1774772195.3193123,76,38.5,3800,1925.0,5,250,210.16005282023397,237.075,68.751,1116.4177087432,153.0897194869006,813.2471969251885,57.07033333333333
259,3,32,75,1,True,2048,64,20260329,20260329,cp1_mbt2048_mns64,75,75,75,228.19119790801776,228.19119790801776,231.3440510188229,246.1284990014974,248.01651785615832,248.1948810163885,68.26124629638012,68.26124629638012,68.30054303360599,68.71480474184028,68.77265742896566,5279.523423840146,5279.523423840146,5285.355323459953,5323.373463610187,5326.831794021418,1774772196.2279515,1774772201.565226,1774772196.3372586,1774772201.565226,76,38.5,2432,1232.0,5,160,210.5407576723671,234.203,91.983,1100.7002386810775,153.47042433903377,802.3383907610573,57.07033333333333
260,2,8,75,1,True,2048,64,20260329,20260329,cp1_mbt2048_mns64,75,75,75,190.7279391598422,190.7279391598422,232.79896104941145,233.646969019901,233.66191539680585,233.6656519910321,67.93374295965485,67.93374295965485,67.92412850710035,67.99378441544438,67.99797540283572,5217.824918174301,5217.824918174301,5257.93899956625,5264.885347243398,5265.451761502773,1774772202.4373963,1774772207.703478,1774772202.535565,1774772207.703478,76,38.5,608,308.0,5,40,204.29093838033367,228.124,91.232,1055.7578367837664,147.22060504700036,760.8233079092897,57.07033333333333
261,4,8,100,1,True,2048,64,20260329,20260329,cp1_mbt2048_mns64,100,100,100,206.4953335066093,206.4953335066093,240.43906247243285,241.7237357585691,241.83822077466172,241.8668420286849,67.94294465428473,67.94294465428473,67.93071298490777,68.00538541900812,68.00996619903464,6932.846854280797,6932.846854280797,6965.397350548301,6974.256892240373,6974.824874479091,1774772208.5715933,1774772215.5469637,1774772208.6779947,1774772215.5469637,101,51.0,808,408.0,7,56,211.3311880251962,227.931,113.908,1451.6273212053777,154.2608546918629,1059.612986401717,57.07033333333333
262,5,1,100,1,True,2048,64,20260329,20260329,cp1_mbt2048_mns64,100,100,100,88.38096505496651,88.38096505496651,88.38096505496651,88.38096505496651,88.38096505496651,88.38096505496651,66.70366848508517,66.70366848508517,66.70366848508517,66.70366848508517,66.70366848508517,6692.044145078398,6692.044145078398,6692.044145078398,6692.044145078398,6692.044145078398,1774772216.4040976,1774772223.0961406,1774772216.4924777,1774772223.0961406,101,51.0,101,51.0,7,7,213.63620562978537,232.25,98.14,1410.7814996734858,156.56587229645203,1033.9082528868914,57.07033333333333
263,3,32,300,1,True,2048,64,20260329,20260329,cp1_mbt2048_mns64,300,300,300,216.99431968590943,216.99431968590943,229.9308714573272,239.971285185311,249.01338890311308,252.9736820142716,68.02006782686703,68.02006782686703,68.02387510692657,68.11134730608602,68.11971534218758,20554.994599919155,20554.994599919155,20566.573910531588,20596.70764336479,20599.69022121164,1774772224.070672,1774772244.6923132,1774772224.182801,1774772244.6923132,301,151.0,9632,4832.0,19,608,228.21895736590253,235.139,108.776,4680.659487183698,171.1486240325692,3510.1747902217385,57.07033333333333
264,4,64,20,1,True,2048,64,20260329,20260329,cp1_mbt2048_mns64,20,20,20,269.3378460317035,269.3378460317035,271.44443802535534,326.0896272549871,337.30005539022386,338.50621490273625,70.99468792473904,70.99468792473904,70.9366986074632,73.37259864066972,73.88903388912838,1618.2369166017452,1618.2369166017452,1613.9151144889183,1696.8031466763932,1720.3349100635387,1774772245.7140834,1774772247.4550526,1774772245.8691423,1774772247.4550526,21,11.0,1344,704.0,2,128,164.6146655637054,237.113,100.398,261.0640969872474,107.54433223037204,170.55566637198126,57.07033333333333
265,3,1,40,1,True,2048,64,20260329,20260329,cp1_mbt2048_mns64,40,40,40,89.88923102151603,89.88923102151603,89.88923102151603,89.88923102151603,89.88923102151603,89.88923102151603,66.6945431029233,66.6945431029233,66.6945431029233,66.6945431029233,66.6945431029233,2690.976412035525,2690.976412035525,2690.976412035525,2690.976412035525,2690.976412035525,1774772248.321155,1774772251.01213,1774772248.4110432,1774772251.01213,41,21.0,41,21.0,3,3,188.87152823847092,232.147,93.058,491.2712493725133,131.8011949051376,342.82635553243875,57.07033333333333
266,5,16,20,1,True,2048,64,20260329,20260329,cp1_mbt2048_mns64,20,20,20,215.2416271783295,215.2416271783295,232.11399151477963,234.00526802288368,234.3734304071404,234.46547100320456,68.76193821402634,68.76193821402634,68.74901447506426,69.43331896112986,69.46032404513588,1521.71845324483,1521.71845324483,1538.5774649912491,1552.4595767492428,1552.5565961608663,1774772251.890114,1774772253.4459026,1774772251.9867852,1774772253.4459026,21,11.0,336,176.0,2,32,157.06905043715815,228.815,96.536,229.1821864682436,99.99871710382482,145.90986936056615,57.07033333333333
267,5,16,150,1,True,2048,64,20260329,20260329,cp1_mbt2048_mns64,150,150,150,221.3867793107056,221.3867793107056,229.8080070177093,233.1744752882514,234.3833894294221,234.6856179647148,68.28310246651229,68.28310246651229,68.28913663087363,68.40234778719118,68.4061720056675,10395.569046821038,10395.569046821038,10406.310234509874,10424.981182004558,10426.874395558843,1774772254.3479652,1774772264.7753117,1774772254.445241,1774772264.7753117,151,76.0,2416,1216.0,10,160,219.2963821752106,230.548,88.37,2265.347139585496,162.2260488418773,1675.8065594378322,57.07033333333333
268,5,32,100,1,True,2048,64,20260329,20260329,cp1_mbt2048_mns64,100,100,100,236.10317938073425,236.10317938073425,240.62855949159712,259.2661015049089,261.0634307237342,261.63307402748615,68.05101948155406,68.05101948155406,68.06511276770816,68.33135609660825,68.35228256855368,6973.154108054587,6973.154108054587,6976.013878011145,7021.204652026063,7022.863285865169,1774772265.7303236,1774772272.759999,1774772265.852986,1774772272.759999,101,51.0,3232,1632.0,7,224,217.62545510759665,234.003,105.765,1503.1418862684968,160.55512177426328,1108.9563418696328,57.07033333333333
269,4,64,100,1,True,2048,64,20260329,20260329,cp1_mbt2048_mns64,100,100,100,289.79620672726014,289.79620672726014,299.5308090467006,334.6417307853699,345.5270821566228,346.1922159185633,69.13517675183348,69.13517675183348,69.11093455555877,69.57158702784312,69.6016941197226,7134.178705158774,7134.178705158774,7140.572885517031,7196.399557281984,7201.642766932491,1774772273.7424183,1774772280.98244,1774772273.88646,1774772280.98244,101,51.0,6464,3264.0,7,448,220.89942884930767,238.098,97.231,1567.497913435698,163.82909551597433,1162.527973562718,57.07033333333333
270,1,50,75,1,True,2048,64,20260329,20260329,cp1_mbt2048_mns64,75,75,75,291.3708215253428,291.3708215253428,310.14482403406873,326.4639350876678,328.3745462913066,329.0746259735897,68.47590856348492,68.47590856348492,68.46357032505645,68.93112403403565,68.95118504212036,5358.588055223227,5358.588055223227,5373.422442004085,5417.568973079324,5422.580932769924,1774772281.906888,1774772287.34069,1774772282.0275142,1774772287.34069,76,38.5,3800,1925.0,5,250,213.5513930799648,236.754,74.953,1134.6361186841718,156.48105974663147,831.4113980610759,57.07033333333333
271,1,16,20,1,True,2048,64,20260329,20260329,cp1_mbt2048_mns64,20,20,20,214.32967192231445,214.32967192231445,231.45546397427097,233.45580979366787,233.81513953791,233.90497197397053,68.79526592513828,68.79526592513828,68.76808452714039,69.60083328885958,69.68721466102197,1521.4397244999418,1521.4397244999418,1538.5619195294566,1555.5406985222362,1556.747009314131,1774772288.2320075,1774772289.7900283,1774772288.3276992,1774772289.7900283,21,11.0,336,176.0,2,32,154.60770532365697,229.464,102.942,226.08735419285293,97.53737199032363,142.63174220232165,57.07033333333333
272,4,1,75,1,True,2048,64,20260329,20260329,cp1_mbt2048_mns64,75,75,75,88.04826403502375,88.04826403502375,88.04826403502375,88.04826403502375,88.04826403502375,88.04826403502375,66.68988710766457,66.68988710766457,66.68988710766457,66.68988710766457,66.68988710766457,5023.099910002202,5023.099910002202,5023.099910002202,5023.099910002202,5023.099910002202,1774772290.650098,1774772295.6731968,1774772290.7381456,1774772295.6731968,76,38.5,76,38.5,5,5,210.0172369054123,232.031,120.395,1036.445817593337,152.94690357207898,754.8008004339547,57.07033333333333
273,5,32,75,1,True,2048,64,20260329,20260329,cp1_mbt2048_mns64,75,75,75,324.6008933747362,324.6008933747362,354.8909755772911,367.5983297172934,369.16849472909234,369.7571720695123,67.93333182768775,67.93333182768775,67.92886356030263,68.23469126523108,68.29900050727727,5351.66744862363,5351.66744862363,5365.675584005658,5409.590904013021,5414.500090407673,1774772296.5820425,1774772302.0033953,1774772296.7006156,1774772302.0033953,76,38.5,2432,1232.0,5,160,212.91603975177583,233.964,108.638,1129.0468479771446,155.8457064184425,826.415444358491,57.07033333333333
274,5,16,50,1,True,2048,64,20260329,20260329,cp1_mbt2048_mns64,50,50,50,214.0779166293214,214.0779166293214,230.4791514761746,233.03379872231744,233.2702557730954,233.3293700357899,68.3762282501355,68.3762282501355,68.34849623526085,68.6757606074062,68.69796867653423,3564.5131008859607,3564.5131008859607,3580.514576518908,3598.326228791848,3599.137437762693,1774772302.8879664,1774772306.488988,1774772302.9826355,1774772306.488988,51,26.0,816,416.0,4,64,197.2442828852849,230.248,87.873,691.6079225108622,140.17394955195155,491.4992344601948,57.07033333333333
275,2,64,200,1,True,2048,64,20260329,20260329,cp1_mbt2048_mns64,200,200,200,289.0802865440492,289.0802865440492,295.38009548559785,337.4049028789159,344.8477304168045,349.77809397969395,69.2085525983632,69.2085525983632,69.19293888451429,69.43884538670876,69.46762004321974,14061.582253618326,14061.582253618326,14059.824968047906,14131.11414363375,14135.94592486159,1774772307.501657,1774772321.677357,1774772307.653195,1774772321.677357,201,101.0,12864,6464.0,13,832,229.2435745967382,238.945,92.716,3214.949094653009,172.17324126340486,2414.585477900385,57.07033333333333
276,4,50,150,1,True,2048,64,20260329,20260329,cp1_mbt2048_mns64,150,150,150,319.30381746031344,319.30381746031344,313.13477852381766,385.0422196672298,392.518378815148,392.9540039971471,68.39780634834787,68.39780634834787,68.36193493268945,68.64212741329172,68.68581588168304,10510.576963364148,10510.576963364148,10518.100404995494,10566.371788462857,10572.618159685517,1774772322.6109922,1774772333.1907127,1774772322.7363017,1774772333.1907127,151,76.0,7550,3800.0,10,500,225.72835339414289,238.06,97.155,2359.8569874658574,168.65802006080955,1763.2202651906005,57.07033333333333
277,3,32,150,1,True,2048,64,20260329,20260329,cp1_mbt2048_mns64,150,150,150,229.2841747730563,229.2841747730563,236.82707600528371,241.71474895556457,242.35586500610225,242.41736496333036,67.93425127234636,67.93425127234636,67.94044004375078,68.16955167087632,68.18957778811924,10351.487614352664,10351.487614352664,10362.687343498692,10391.2177372491,10398.510587579804,1774772334.0935218,1774772344.4955027,1774772334.233534,1774772344.4955027,151,76.0,4832,2432.0,10,320,223.4753533926321,234.932,109.479,2293.297115501404,166.40502005929875,1707.6431325134436,57.07033333333333
278,4,4,50,1,True,2048,64,20260329,20260329,cp1_mbt2048_mns64,50,50,50,143.13935348764062,143.13935348764062,126.37692195130512,217.3158902151044,225.40313086356036,227.42494102567437,67.55914639358465,67.55914639358465,67.5513900517087,67.61177539188719,67.61857703831807,3453.537526773289,3453.537526773289,3437.6117310021077,3525.66732763662,3533.603716770885,1774772345.370469,1774772348.906437,1774772345.4631915,1774772348.906437,51,26.0,204,104.0,4,16,195.5987895933096,229.389,86.534,673.494588014126,138.52845625997628,476.98743827112526,57.07033333333333
279,4,16,200,1,True,2048,64,20260329,20260329,cp1_mbt2048_mns64,200,200,200,223.12718686589503,223.12718686589503,231.89013247611,234.3836699437816,234.40535399713556,234.41077501047403,68.28541952015243,68.28541952015243,68.29263041428894,68.36554249508737,68.38100227596351,13811.92567137623,13811.92567137623,13820.83824352594,13838.569112762343,13840.242524107452,1774772349.788312,1774772363.6296866,1774772349.885188,1774772363.6296866,201,101.0,3216,1616.0,13,208,222.4041146619316,230.856,95.927,3056.8330714522644,165.3337813285983,2272.4299474483773,57.07033333333333
280,4,1,40,1,True,2048,64,20260329,20260329,cp1_mbt2048_mns64,40,40,40,89.13503494113684,89.13503494113684,89.13503494113684,89.13503494113684,89.13503494113684,89.13503494113684,66.69472659138056,66.69472659138056,66.69472659138056,66.69472659138056,66.69472659138056,2690.2293720049784,2690.2293720049784,2690.2293720049784,2690.2293720049784,2690.2293720049784,1774772364.4877498,1774772367.177978,1774772364.5768845,1774772367.177978,41,21.0,41,21.0,3,3,187.60299617659493,232.41,99.516,487.97298441445815,130.5326628432616,339.527695982178,57.07033333333333
281,5,32,50,1,True,2048,64,20260329,20260329,cp1_mbt2048_mns64,50,50,50,288.0559128789173,288.0559128789173,320.00150153180584,325.33519107382745,325.8212557830848,325.976217049174,68.26625839906283,68.26625839906283,68.26683293733441,68.84877078190009,68.93665199759607,3633.102574432996,3633.102574432996,3652.942403510679,3692.5931868725456,3700.124237274285,1774772368.081892,1774772371.785319,1774772368.2678173,1774772371.785319,51,26.0,1632,832.0,4,128,200.3041502332468,234.358,109.201,704.5702152132989,143.23381689991348,503.8252132143976,57.07033333333333
282,1,16,40,1,True,2048,64,20260329,20260329,cp1_mbt2048_mns64,40,40,40,207.17318032257023,207.17318032257023,228.0250319745392,231.1085460241884,231.6510420758277,231.78666608873755,68.45331432850799,68.45331432850799,68.39962003943629,68.83427811389527,68.89916048310577,2876.8524391343817,2876.8524391343817,2896.78447652841,2911.9106640282557,2913.923599239206,1774772372.666893,1774772375.5838678,1774772372.7602909,1774772375.5838678,41,21.0,656,336.0,3,48,189.97908331068976,230.3,109.452,536.4205562838316,132.90874997735642,375.2780798570713,57.07033333333333
283,2,8,300,1,True,2048,64,20260329,20260329,cp1_mbt2048_mns64,300,300,300,185.5097823863616,185.5097823863616,178.0744839925319,246.76913800649345,246.7726940009743,246.7735829995945,67.9604548248513,67.9604548248513,67.96023102666416,67.96970990833742,67.97105031619066,20505.6857750169,20505.6857750169,20500.18542353064,20564.855627110228,20565.263675032184,1774772376.4525049,1774772397.021058,1774772376.5632803,1774772397.021058,301,151.0,2408,1208.0,19,152,222.8759928132124,229.329,94.058,4559.547524236084,165.8056594798791,3392.015329436582,57.07033333333333
284,5,16,200,1,True,2048,64,20260329,20260329,cp1_mbt2048_mns64,200,200,200,204.4798968199757,204.4798968199757,229.51956948963925,231.8912332993932,232.26804105797785,232.362242997624,68.24122127698355,68.24122127698355,68.22953979372417,68.30021612294692,68.3044929897422,13784.482930939705,13784.482930939705,13808.400839974638,13822.145707032178,13822.518405423034,1774772397.904044,1774772411.7295642,1774772397.9989235,1774772411.7295642,201,101.0,3216,1616.0,13,208,222.22871011197145,231.155,94.965,3051.342560615062,165.1583767786381,2267.7303218510147,57.07033333333333
285,5,64,20,1,True,2048,64,20260329,20260329,cp1_mbt2048_mns64,20,20,20,323.8186488597421,323.8186488597421,322.29075802024454,384.7561446717008,386.3774135999847,387.0488670654595,70.87454232695515,70.87454232695515,70.86319310321032,73.19135612403778,73.519847718141,1670.43495307189,1670.43495307189,1666.9633715064265,1763.452625356149,1776.1684937844984,1774772412.660503,1774772414.441449,1774772412.838776,1774772414.441449,21,11.0,1344,704.0,2,128,162.11795342770966,237.001,102.56,259.8220754863024,105.04762009437631,168.35699008492634,57.07033333333333
286,2,4,10,1,True,2048,64,20260329,20260329,cp1_mbt2048_mns64,10,10,10,177.95902828220278,177.95902828220278,194.2742700339295,228.84125459822823,228.92050056136213,228.9403120521456,67.41696722262229,67.41696722262229,67.42458877852187,67.48945096494734,67.49083268598446,784.7117332858033,784.7117332858033,801.2885725474916,835.4905571963172,835.5756338348147,1774772415.3117068,1774772416.147723,1774772415.406282,1774772416.147723,11,6.0,44,24.0,1,4,106.5470845263518,159.174,86.085,78.99837811601164,49.47675119301847,36.68409244676433,57.07033333333333
287,4,1,10,1,True,2048,64,20260329,20260329,cp1_mbt2048_mns64,10,10,10,86.6638949373737,86.6638949373737,86.6638949373737,86.6638949373737,86.6638949373737,86.6638949373737,66.59494900506817,66.59494900506817,66.59494900506817,66.59494900506817,66.59494900506817,686.0184359829873,686.0184359829873,686.0184359829873,686.0184359829873,686.0184359829873,1774772417.0018852,1774772417.687903,1774772417.088549,1774772417.687903,11,6.0,11,6.0,1,1,117.95651398419888,139.598,109.548,70.69771186804772,60.88618065086556,36.49237766536078,57.07033333333333
288,3,32,200,1,True,2048,64,20260329,20260329,cp1_mbt2048_mns64,200,200,200,220.8851800132834,220.8851800132834,225.197313062381,233.817364735296,234.17930697323757,234.25993393175304,67.99348717430433,67.99348717430433,68.00027934415499,68.15624062294239,68.16333006523975,13751.589127699845,13751.589127699845,13758.258247049524,13792.008845147211,13793.744540223852,1774772418.673267,1774772432.4748852,1774772418.7707503,1774772432.4748852,201,101.0,6432,3232.0,13,416,225.20058056172996,234.767,106.204,3086.1791448322506,168.13024722839663,2304.079595698632,57.07033333333333
289,2,8,100,1,True,2048,64,20260329,20260329,cp1_mbt2048_mns64,100,100,100,207.64478511409837,207.64478511409837,224.35450443299487,225.458579743281,225.7734503876418,225.852168048732,67.99879749620104,67.99879749620104,68.0039534750959,68.0755310184487,68.08372718142111,6939.525737238,6939.525737238,6956.892471993342,6964.598789165029,6965.095338654937,1774772433.349414,1774772440.3157363,1774772433.4391685,1774772440.3157363,101,51.0,808,408.0,7,56,211.32176501190943,228.295,86.711,1453.1685036777262,154.25143167857607,1060.720471220136,57.07033333333333
290,4,16,75,1,True,2048,64,20260329,20260329,cp1_mbt2048_mns64,75,75,75,283.6492129354156,283.6492129354156,304.8310480080545,307.5488802860491,307.8355152509175,307.90717399213463,68.30516705146717,68.30516705146717,68.2946514531756,68.52585359396275,68.52865069640511,5338.231574743986,5338.231574743986,5356.274085992482,5377.2574597387575,5377.804287138861,1774772441.2183518,1774772446.5989158,1774772441.3898246,1774772446.5989158,76,38.5,1216,616.0,5,80,200.1855017894125,230.543,87.322,1042.7845330410005,143.11516845607918,745.4999626623791,57.07033333333333
291,3,16,75,1,True,2048,64,20260329,20260329,cp1_mbt2048_mns64,75,75,75,216.994226720999,216.994226720999,225.2051665564068,227.5944397551939,228.06982637848705,228.18867303431037,68.34495852937737,68.34495852937737,68.34900239875817,68.55364310133548,68.56890848013447,5274.521157894924,5274.521157894924,5284.891058050562,5298.2103007962,5299.029297812376,1774772447.4877987,1774772452.789775,1774772447.5790577,1774772452.789775,76,38.5,1216,616.0,5,80,207.27848124958703,230.213,99.675,1080.0695476926564,150.20814791625372,782.6921801125605,57.07033333333333
292,3,64,10,1,True,2048,64,20260329,20260329,cp1_mbt2048_mns64,10,10,10,283.90083118392795,283.90083118392795,285.6550985015929,330.59984825667925,356.0003112757112,382.34396604821086,74.50714811420767,74.50714811420767,74.2422785002014,79.435506066592,81.12011060338571,954.465164211797,954.465164211797,964.2303715227172,1034.964997775387,1051.6512311378028,1774772453.7461686,1774772454.852005,1774772453.9208088,1774772454.852005,11,6.0,704,384.0,1,64,114.1384975369458,159.367,82.941,106.28533663749694,57.06816420361248,53.14165837605794,57.07033333333333
293,2,50,20,1,True,2048,64,20260329,20260329,cp1_mbt2048_mns64,20,20,20,277.4366607773118,277.4366607773118,300.3156985505484,319.9346668960061,320.91731573920697,321.8062340747565,69.40515855719384,69.40515855719384,69.52578799897118,70.84447769233712,70.97132036229596,1596.1346733639948,1596.1346733639948,1604.3337115552276,1646.8910769792274,1651.874245009385,1774772455.8874376,1774772457.5576549,1774772456.0166214,1774772457.5576549,21,11.0,1050,550.0,2,100,150.8499490976234,236.148,69.221,232.4648259971814,93.77961576429006,144.51753010947274,57.07033333333333
294,1,1,100,1,True,2048,64,20260329,20260329,cp1_mbt2048_mns64,100,100,100,88.38333701714873,88.38333701714873,88.38333701714873,88.38333701714873,88.38333701714873,88.38333701714873,66.69409545444215,66.69409545444215,66.69409545444215,66.69409545444215,66.69409545444215,6691.098787006922,6691.098787006922,6691.098787006922,6691.098787006922,6691.098787006922,1774772458.419531,1774772465.110629,1774772458.5079143,1774772465.110629,101,51.0,101,51.0,7,7,213.17286965336,231.946,92.069,1407.5197073385723,156.10253632002667,1030.70056050404,57.07033333333333
295,1,16,50,1,True,2048,64,20260329,20260329,cp1_mbt2048_mns64,50,50,50,213.92334236588795,213.92334236588795,226.40019049867988,228.87444373918697,228.88952711364252,228.89329795725644,68.45323930625752,68.45323930625752,68.47828926580331,68.79472496981106,68.79844014575629,3568.132068372506,3568.132068372506,3581.013428978622,3596.930401021382,3597.5642818200868,1774772466.0017264,1774772469.603048,1774772466.094317,1774772469.603048,51,26.0,816,416.0,4,64,196.29129506267893,229.768,107.277,688.733376903415,139.2209617293456,488.48892192073686,57.07033333333333
296,5,8,75,1,True,2048,64,20260329,20260329,cp1_mbt2048_mns64,75,75,75,184.18263789499176,184.18263789499176,226.0400545783341,227.5339029089082,227.61595015064813,227.6364619610831,67.92451411967852,67.92451411967852,67.91292017520834,67.99427601760505,68.00408366866209,5210.596682751202,5210.596682751202,5250.193727959413,5259.110328211682,5259.918141631642,1774772470.4745386,1774772475.7350388,1774772470.5659144,1774772475.7350388,76,38.5,608,308.0,5,40,204.97484270640035,227.526,101.46,1059.540453615546,147.904509373067,764.5368030719355,57.07033333333333
297,3,64,40,1,True,2048,64,20260329,20260329,cp1_mbt2048_mns64,40,40,40,290.46575975007727,290.46575975007727,304.61142997955903,329.1946388606448,339.1401763947215,341.23353601899,69.92019013318313,69.92019013318313,69.79047343618451,71.23040416716742,71.28915439861325,3017.353174944219,3017.353174944219,3021.664501982741,3093.8851555460133,3115.193922535982,1774772476.699087,1774772479.828132,1774772476.8389544,1774772479.828132,41,21.0,2624,1344.0,3,192,194.50610093356588,237.096,93.386,581.4132538009882,137.43576760023254,410.8198994559049,57.07033333333333
298,5,32,200,1,True,2048,64,20260329,20260329,cp1_mbt2048_mns64,200,200,200,224.20883185986892,224.20883185986892,234.85542001435533,240.31087580369783,240.64686239580624,240.68536097183824,67.94978185645968,67.94978185645968,67.94747428608187,68.09877625505098,68.11153241441394,13746.215421295346,13746.215421295346,13755.915622925386,13787.932523881318,13792.115787517978,1774772480.7321155,1774772494.5260067,1774772480.830347,1774772494.5260067,201,101.0,6432,3232.0,13,416,224.8145387534609,234.678,93.605,3078.9834043179767,167.74420542012754,2297.367543588759,57.07033333333333
299,2,16,200,1,True,2048,64,20260329,20260329,cp1_mbt2048_mns64,200,200,200,220.5582906244672,220.5582906244672,228.38125645648688,235.57594273006544,235.5936901527457,235.59812700841576,68.29427263276662,68.29427263276662,68.2987692913897,68.38964551600075,68.39880015026549,13811.118544545025,13811.118544545025,13819.836345443036,13843.07717322372,13844.094581762329,1774772495.47447,1774772509.3210826,1774772495.5737886,1774772509.3210826,201,101.0,3216,1616.0,13,208,221.1403014218614,230.836,86.385,3040.08072764492,164.06996808852807,2255.5180795369142,57.07033333333333
300,1,64,10,1,True,2048,64,20260329,20260329,cp1_mbt2048_mns64,10,10,10,867.766828618187,867.766828618187,987.1577949961649,1059.2051377752796,1067.5364369922318,1069.7112430352718,75.33496317167494,75.33496317167494,74.11883494609759,84.90669615696082,86.51897855956727,1545.7814971632615,1545.7814971632615,1653.481253015343,1760.3671040851625,1767.061688163085,1774772510.2711842,1774772512.0483117,1774772511.0736294,1774772512.0483117,11,6.0,704,384.0,1,64,107.42631820738956,220.711,73.218,104.70650863784932,50.35598487405622,49.08107671533408,57.07033333333333
301,2,50,40,1,True,2048,64,20260329,20260329,cp1_mbt2048_mns64,40,40,40,257.4346749926917,257.4346749926917,258.6820785072632,273.678496805951,277.8271296690218,280.4806609638036,69.41187120090501,69.41187120090501,69.44331054975731,70.70360943728772,70.78621506305913,2964.4976518279877,2964.4976518279877,2969.96968757594,3020.296981435968,3025.6545306555927,1774772513.0752213,1774772516.1094718,1774772513.2090752,1774772516.1094718,41,21.0,2050,1050.0,3,150,194.4627229853405,236.18,84.681,564.0190177468062,137.39238965200718,398.49241781548665,57.07033333333333
302,4,16,10,1,True,2048,64,20260329,20260329,cp1_mbt2048_mns64,10,10,10,216.8831194212544,216.8831194212544,228.22603001259267,234.0223047649488,234.36194255482403,234.44685200229287,69.5602886205759,69.5602886205759,69.49614644205818,71.17502435640846,71.51259669788284,842.9257170064375,842.9257170064375,853.0149454600178,872.2919442225248,873.0104784015566,1774772517.0756216,1774772517.9539042,1774772517.1728072,1774772517.9539042,11,6.0,176,96.0,1,16,113.5514765908726,129.717,93.91,88.69471036076546,56.48114325753927,44.11724789913495,57.07033333333333
303,2,16,100,1,True,2048,64,20260329,20260329,cp1_mbt2048_mns64,100,100,100,220.68840938300127,220.68840938300127,229.1370950988494,231.1536027409602,231.3867957389448,231.44509398844093,68.26191661747718,68.26191661747718,68.24886125825213,68.44768553767636,68.46134484089404,6978.618154513242,6978.618154513242,6985.153416520916,7006.590356468223,7007.21142727416,1774772518.8435118,1774772525.8528907,1774772518.937618,1774772525.8528907,101,51.0,1616,816.0,7,112,213.5403337363016,230.008,90.561,1476.6896429491032,156.47000040296825,1082.0327241439809,57.07033333333333
304,3,50,50,1,True,2048,64,20260329,20260329,cp1_mbt2048_mns64,50,50,50,263.00970290089026,263.00970290089026,257.223911001347,316.4198694867082,318.1889438361395,318.62870906479657,69.22574329788664,69.22574329788664,69.17666825489616,70.23782424013396,70.34796824460201,3655.071124497336,3655.071124497336,3656.765083491337,3745.577620685799,3755.5804819555487,1774772526.77779,1774772530.5423253,1774772526.9569018,1774772530.5423253,51,26.0,2550,1300.0,4,200,203.00014326146496,236.524,88.524,727.8414779703405,145.92980992813162,523.2201654223389,57.07033333333333
305,1,1,20,1,True,2048,64,20260329,20260329,cp1_mbt2048_mns64,20,20,20,88.1544629810378,88.1544629810378,88.1544629810378,88.1544629810378,88.1544629810378,88.1544629810378,66.67510631469716,66.67510631469716,66.67510631469716,66.67510631469716,66.67510631469716,1354.9814829602838,1354.9814829602838,1354.9814829602838,1354.9814829602838,1354.9814829602838,1774772531.405902,1774772532.760882,1774772531.4940553,1774772532.760882,21,11.0,21,11.0,2,2,143.5364749900065,230.829,91.253,181.83582884180544,86.46614165667316,109.53761081278324,57.07033333333333
306,1,32,150,1,True,2048,64,20260329,20260329,cp1_mbt2048_mns64,150,150,150,308.47024015383795,308.47024015383795,333.31593446200714,339.43265865091234,340.72316918172874,340.96752700861543,68.00743912771206,68.00743912771206,68.00582848650234,68.21397144918568,68.2323140279318,10441.578670182937,10441.578670182937,10457.39896997111,10500.319849158404,10504.49743586476,1774772533.6553504,1774772544.1632862,1774772533.8542893,1774772544.1632862,151,76.0,4832,2432.0,10,320,222.08519528040512,233.833,102.598,2289.4755931943705,165.01486194707178,1701.137702876374,57.07033333333333
307,5,8,200,1,True,2048,64,20260329,20260329,cp1_mbt2048_mns64,200,200,200,201.9348341273144,201.9348341273144,227.1704190061428,227.85730378818695,227.87044951342975,227.87373594474047,67.95180678824208,67.95180678824208,67.94872904522813,67.97855225293407,67.98005685051108,13724.34438498749,13724.34438498749,13749.647341435775,13754.998026741669,13755.66022532992,1774772545.031867,1774772558.7885273,1774772545.1257412,1774772558.7885273,201,101.0,1608,808.0,13,104,219.7923694735644,228.604,93.349,3002.9761100728524,162.72203614023107,2223.2363583954984,57.07033333333333
308,2,16,20,1,True,2048,64,20260329,20260329,cp1_mbt2048_mns64,20,20,20,224.03456886968343,224.03456886968343,229.7780064982362,237.3779290064704,239.6119330020156,240.17043400090188,68.70935759836452,68.70935759836452,68.81971350000975,69.70585823690176,69.8117574183638,1529.5123632386094,1529.5123632386094,1537.4928819364868,1555.0309639656916,1556.7021559225395,1774772559.6715977,1774772561.2287154,1774772559.8010266,1774772561.2287154,21,11.0,336,176.0,2,32,157.38180476343237,229.504,115.114,224.69224581575392,100.31147143009905,143.21356798895198,57.07033333333333
309,3,8,75,1,True,2048,64,20260329,20260329,cp1_mbt2048_mns64,75,75,75,219.35137001855765,219.35137001855765,237.72594099864364,238.7030412151944,238.76607145532037,238.78182901535183,67.99279615547306,67.99279615547306,67.9873712974399,68.08624915539514,68.09324366908923,5250.818285523565,5250.818285523565,5266.595405526459,5274.980769987451,5275.766321184346,1774772562.0942092,1774772567.3725977,1774772562.1974998,1774772567.3725977,76,38.5,608,308.0,5,40,199.53577722375368,227.573,108.013,1032.6171901363134,142.46544389042032,737.2726255336205,57.07033333333333
310,5,32,150,1,True,2048,64,20260329,20260329,cp1_mbt2048_mns64,150,150,150,221.19268461028696,221.19268461028696,227.53390145953745,232.47805910068564,232.6705106056761,232.74971498176453,67.9628699187298,67.9628699187298,67.95103542995795,68.14326289740404,68.15490596265151,10347.660302501026,10347.660302501026,10352.70634101471,10382.03640319407,10386.872846470214,1774772568.277201,1774772578.6671278,1774772568.371708,1774772578.6671278,151,76.0,4832,2432.0,10,320,222.831460017052,234.231,103.94,2294.143454805136,165.7611266837187,1706.5804075128242,57.07033333333333
311,2,32,300,1,True,2048,64,20260329,20260329,cp1_mbt2048_mns64,300,300,300,228.86906027633813,228.86906027633813,233.22062543593347,241.1615120712668,244.28714364767075,244.72037609666583,68.05237389641621,68.05237389641621,68.06132781773302,68.15620398685806,68.16276975241209,20576.528855304787,20576.528855304787,20580.64961445052,20608.678276173305,20612.961473733885,1774772579.634015,1774772600.256965,1774772579.7351942,1774772600.256965,301,151.0,9632,4832.0,19,608,228.4697333461192,235.094,97.08,4688.603483209261,171.39940001278583,3517.4191878732527,57.07033333333333
312,5,64,75,1,True,2048,64,20260329,20260329,cp1_mbt2048_mns64,75,75,75,280.47995990164054,280.47995990164054,286.8345419410616,332.9982025839854,337.4782162392512,338.86214799713343,69.25567502777405,69.25567502777405,69.23333017511067,69.80047873473046,69.8267326756802,5405.39991195692,5405.39991195692,5408.242405508645,5485.108987893909,5493.044211633969,1774772601.2351775,1774772606.748189,1774772601.3720329,1774772606.748189,76,38.5,4864,2464.0,5,320,215.6287691575363,238.409,101.91,1159.2539208499193,158.55843582420297,852.4349006451368,57.07033333333333
313,5,16,10,1,True,2048,64,20260329,20260329,cp1_mbt2048_mns64,10,10,10,211.8820877512917,211.8820877512917,228.55613799765703,231.63419752381745,232.35632027499375,232.53685096278787,69.69428336014971,69.69428336014971,69.69425710849464,71.28537516433022,71.33974463536612,839.1306379926391,839.1306379926391,856.5220094751567,868.3103614312131,870.0317674840335,1774772607.644664,1774772608.5169177,1774772607.737594,1774772608.5169177,11,6.0,176,96.0,1,16,112.9465386132916,116.448,107.277,88.0218736528158,55.87620527995827,43.54563089525698,57.07033333333333
314,3,50,40,1,True,2048,64,20260329,20260329,cp1_mbt2048_mns64,40,40,40,332.1626469376497,332.1626469376497,329.9118610448204,408.7820942106191,413.7155696004629,415.3831199510023,68.84433970876181,68.84433970876181,68.87361524441542,69.56867752432561,69.65383724091598,3017.0918955793604,3017.0918955793604,3015.646459010896,3112.0597814267967,3116.050243668724,1774772609.4440925,1774772612.573627,1774772609.649464,1774772612.573627,41,21.0,2050,1050.0,3,150,195.1288563504112,236.674,96.137,570.5885555683376,138.05852301707782,403.7056061598064,57.07033333333333
0,4,56,150,1,True,2048,64,20260329,20260329,cp1_mbt2048_mns64,150,150,150,293.97533888654186,293.97533888654186,305.77477446058765,315.111937263282,319.7215859312564,320.2077540336177,68.19821933016748,68.19821933016748,68.1779919330487,68.50507459212594,68.54119528703791,10455.510019081496,10455.510019081496,10466.06189699378,10512.386964721372,10514.805541257374,1774785068.5689342,1774785079.098354,1774785068.686921,1774785079.098354,151,76.0,8456,4256.0,10,560,210.2194819807128,226.518,49.055,2188.6860981661944,152.8080375362683,1590.9506782743072,57.41144444444444
1,4,2,100,1,True,2048,64,20260329,20260329,cp1_mbt2048_mns64,100,100,100,94.8828614782542,94.8828614782542,94.8828614782542,95.0571090914309,95.07259776815772,95.07646993733944,66.24770022204353,66.24770022204353,66.24770022204353,66.26204218541395,66.26331702660242,6653.405183460563,6653.405183460563,6653.405183460563,6654.650790221058,6654.761510821991,1774785079.9639194,1774785086.6189122,1774785080.0588126,1774785086.6189122,101,51.0,202,102.0,7,14,203.2340768412688,222.09,76.084,1333.2357865475428,145.8226323968243,956.6109927119028,57.41144444444444
2,2,48,10,1,True,2048,64,20260329,20260329,cp1_mbt2048_mns64,10,10,10,285.8373272101744,285.8373272101744,282.689141924493,377.26799999945786,403.4434705367312,403.7593969842419,73.10082060117836,73.10082060117836,72.60340471596768,80.14682483367828,82.99083642920272,943.7447126207796,943.7447126207796,942.4411579966544,1042.6452653948218,1069.9844899773598,1774785087.5602772,1774785088.6449533,1774785087.756888,1774785088.6449533,11,6.0,528,288.0,1,48,111.17932299998172,187.218,89.679,98.7345030735731,53.76787855553729,47.74938925021223,57.41144444444444
3,5,56,200,1,True,2048,64,20260329,20260329,cp1_mbt2048_mns64,200,200,200,278.166636674931,278.166636674931,277.8487604809925,329.87804446020164,336.5323568927124,342.9666160373017,68.36013365225415,68.36013365225415,68.37214273371356,68.51153383391262,68.5292588514697,13881.833233473506,13881.833233473506,13884.3355459976,13949.497525492916,13964.21332450118,1774785089.6377912,1774785103.619684,1774785089.7740705,1774785103.619684,201,101.0,11256,5656.0,13,728,220.70099193889908,231.447,82.153,3055.740628953459,163.28954749445467,2260.843959869334,57.41144444444444
4,5,48,40,1,True,2048,64,20260329,20260329,cp1_mbt2048_mns64,40,40,40,278.1972032729148,278.1972032729148,299.4860340259038,311.14089373731986,314.2374564218335,316.8914519483224,68.2538901281575,68.2538901281575,68.21943906535847,69.03659499038417,69.09348941545409,2940.098918271057,2940.098918271057,2951.192407985218,2994.513302226551,3001.1918129818514,1774785104.5515594,1774785107.556627,1774785104.6594973,1774785107.556627,41,21.0,1968,1008.0,3,144,188.22829448564252,229.991,82.278,545.3217962812186,130.81685004119814,378.9933912074964,57.41144444444444
5,2,6,150,1,True,2048,64,20260329,20260329,cp1_mbt2048_mns64,150,150,150,204.73402383504435,204.73402383504435,226.99960047611967,227.57734270999208,227.6999716763385,227.73062891792503,67.60893421928904,67.60893421928904,67.60525981186194,67.64364236576682,67.6477254823869,10278.465222509112,10278.465222509112,10300.249321502632,10305.763379757993,10306.1397743586,1774785108.4301882,1774785118.7370608,1774785108.524035,1774785118.7370608,151,76.0,906,456.0,10,60,212.1581055533321,225.433,84.529,2166.776207463504,154.74666110888765,1580.4316436586391,57.41144444444444
6,5,6,300,1,True,2048,64,20260329,20260329,cp1_mbt2048_mns64,300,300,300,173.78940982356048,173.78940982356048,195.6796634476632,230.48544098855928,230.53271459648383,230.544532998465,67.67748476101092,67.67748476101092,67.67682566904747,67.68596932555963,67.68632727004682,20409.357353365824,20409.357353365824,20429.6586214914,20467.50714528025,20467.910747491987,1774785119.6022563,1774785140.0710254,1774785119.6975057,1774785140.0710254,301,151.0,1806,906.0,19,114,219.59289096774376,226.74,109.199,4473.880081117272,162.18144652329931,3304.2068890743653,57.41144444444444
7,4,60,50,1,True,2048,64,20260329,20260329,cp1_mbt2048_mns64,50,50,50,271.2452860956546,271.2452860956546,280.63595353160053,317.3116736288648,323.2074342353735,323.37134098634124,69.06870335247842,69.06870335247842,69.016157561552,69.99250977426026,70.06711129961555,3655.6117503670976,3655.6117503670976,3674.0725680137984,3727.583654632326,3736.491340880748,1774785141.037601,1774785144.8110251,1774785141.1676314,1774785144.8110251,51,26.0,3060,1560.0,4,240,201.7485822622071,236.137,88.306,735.0495246859788,144.33713781776262,525.8770265339082,57.41144444444444
8,2,6,40,1,True,2048,64,20260329,20260329,cp1_mbt2048_mns64,40,40,40,204.10876645473763,204.10876645473763,226.1980809271336,227.3728187428788,227.4921077536419,227.5219300063327,67.76395247817342,67.76395247817342,67.76324364070136,67.88661797420504,67.90182414891508,2846.902913103501,2846.902913103501,2869.4119194406085,2874.2799149476923,2874.8133101616986,1774785145.682436,1774785148.5577092,1774785145.7745466,1774785148.5577092,41,21.0,246,126.0,3,18,186.00541759563663,226.001,110.181,517.6833205040533,128.59397315119222,357.8979358678631,57.41144444444444
9,4,56,100,1,True,2048,64,20260329,20260329,cp1_mbt2048_mns64,100,100,100,285.87151982979515,285.87151982979515,302.26161202881485,318.7224804714788,320.19286759896204,320.3736179275438,68.53567849038606,68.53567849038606,68.4656346871781,68.9971859545113,69.07770798772084,7070.903690378015,7070.903690378015,7081.779743020888,7142.356344033033,7146.900096186437,1774785149.4694705,1774785156.6244352,1774785149.58771,1774785156.6244352,101,51.0,5656,2856.0,7,392,217.48331445717184,235.439,86.302,1530.370337399448,160.0718700127274,1126.3817747626754,57.41144444444444
10,4,16,300,1,True,2048,64,20260329,20260329,cp1_mbt2048_mns64,300,300,300,211.8083760578884,211.8083760578884,228.1956470105797,231.52171244146305,231.59018323058265,231.60730092786247,68.05114414528119,68.05114414528119,68.04677105686288,68.09863315277693,68.1035954679244,20559.10047549696,20559.10047549696,20575.69158502156,20589.13290273631,20591.237994947005,1774785157.515525,1774785178.1094637,1774785157.6087408,1774785178.1094637,301,151.0,4816,2416.0,19,304,223.21312389769017,229.886,83.344,4576.0303973511445,165.8016794532457,3399.054284360447,57.41144444444444
11,2,48,20,1,True,2048,64,20260329,20260329,cp1_mbt2048_mns64,20,20,20,279.442443708831,279.442443708831,298.2410515542142,312.7468349819537,314.7279066219926,315.225693047978,69.4374974375119,69.4374974375119,69.11116523827475,71.72973183241035,71.82699131767119,1598.7548950215569,1598.7548950215569,1613.7985090608709,1662.1768880286254,1675.050697926199,1774785179.0606868,1774785180.7377536,1774785179.16531,1774785180.7377536,21,11.0,1008,528.0,2,96,155.77139467258988,234.859,94.738,244.9417147427797,98.35995022814542,154.6654629467461,57.41144444444444
12,5,12,10,1,True,2048,64,20260329,20260329,cp1_mbt2048_mns64,10,10,10,214.33497102892332,214.33497102892332,231.3207240076736,232.91910471743904,233.4903025708627,233.6331020342186,68.91670566660144,68.91670566660144,68.96520000494395,70.05251348600723,70.14626144444466,834.5853220283365,834.5853220283365,850.8397395489737,862.686435476644,863.1315399461892,1774785181.6235957,1774785182.488198,1774785181.7209556,1774785182.488198,11,6.0,132,72.0,1,12,112.0450264694622,117.438,104.86,85.96569856166838,54.63358202501776,41.91720232211217,57.41144444444444
13,1,56,20,1,True,2048,64,20260329,20260329,cp1_mbt2048_mns64,20,20,20,826.4939478769,826.4939478769,911.0130330082028,932.356375065865,933.8378775166348,934.447419946082,70.1235927000451,70.1235927000451,70.05384481683569,72.40654766945609,72.74363474571146,2158.842209177757,2158.842209177757,2219.105637515895,2299.0702004753985,2302.347852004459,1774785183.420695,1774785185.7354703,1774785184.1517675,1774785185.7354703,21,11.0,1176,616.0,2,112,143.51350911000642,235.199,91.826,227.2827465968132,86.10206466556197,136.36008112549783,57.41144444444444
14,5,24,300,1,True,2048,64,20260329,20260329,cp1_mbt2048_mns64,300,300,300,280.9736858810841,280.9736858810841,296.11056146677583,299.75198970059864,300.03327861777507,300.0946099637076,67.51843473265416,67.51843473265416,67.5287615435033,67.59369289786726,67.6001941340463,20468.98567094468,20468.98567094468,20485.502957482822,20508.69273086428,20510.389415976824,1774785186.6445963,1774785207.156238,1774785186.7734442,1774785207.156238,301,151.0,7224,3624.0,19,456,226.9128844971017,233.306,102.485,4625.118558719276,169.50144005265727,3454.9129189144887,57.41144444444444
15,1,48,150,1,True,2048,64,20260329,20260329,cp1_mbt2048_mns64,150,150,150,301.00457314256346,301.00457314256346,314.0662880032324,327.2749197669327,329.6004408609588,329.9238149775192,68.25918494666766,68.25918494666766,68.23440378175536,68.53093938029295,68.55761231595163,10471.623130196043,10471.623130196043,10482.83417854691,10535.590581363069,10539.643205644095,1774785208.0598495,1774785218.6033587,1774785208.1813242,1774785218.6033587,151,76.0,7248,3648.0,10,480,223.5927000873148,236.303,99.658,2330.2908347119105,166.1812556428703,1731.9467799005654,57.41144444444444
16,3,64,150,1,True,2048,64,20260329,20260329,cp1_mbt2048_mns64,150,150,150,374.7102172637824,374.7102172637824,414.1796085168608,432.1791802009102,434.2947940772865,434.7715970361605,69.18634539607294,69.18634539607294,69.1456622244859,69.54098890985568,69.57421477147278,10683.47568127865,10683.47568127865,10694.43362543825,10782.943658105796,10788.844880028628,1774785219.5329854,1774785230.3276474,1774785219.75691,1774785230.3276474,151,76.0,9664,4864.0,10,640,225.7387935685652,238.752,86.819,2386.22549920726,168.3273491241207,1779.3441984172678,57.41144444444444
17,5,48,100,1,True,2048,64,20260329,20260329,cp1_mbt2048_mns64,100,100,100,264.54850076697767,264.54850076697767,250.0956890289672,315.81006658962,321.2995968351606,325.40540501940995,68.1894226628581,68.1894226628581,68.17939784319017,68.48203613554513,68.5383902067281,7015.30134438993,7015.30134438993,7017.927927488927,7059.523850417463,7063.733880696818,1774785231.3466222,1774785238.4328012,1774785231.472681,1774785238.4328012,101,51.0,4848,2448.0,7,336,217.9051994553461,236.455,80.909,1516.6463806562413,160.49375501090168,1117.0558264035108,57.41144444444444
18,4,40,40,1,True,2048,64,20260329,20260329,cp1_mbt2048_mns64,40,40,40,233.63757782790344,233.63757782790344,234.0679339831695,297.23660940653645,301.79520970676094,302.8767299838364,68.07997724233876,68.07997724233876,68.0151734745894,68.8736998099977,68.96197296425294,2888.756690279115,2888.756690279115,2896.554899052717,2925.84412675933,2930.750905654859,1774785239.4388402,1774785242.3847308,1774785239.548516,1774785242.3847308,41,21.0,1640,840.0,3,120,186.79549754676952,235.338,68.364,529.7921511304379,129.38405310232508,366.96096380959625,57.41144444444444
19,4,56,20,1,True,2048,64,20260329,20260329,cp1_mbt2048_mns64,20,20,20,273.80839556073107,273.80839556073107,267.27452903287485,322.5860396923963,327.0070108352229,327.2985729854554,69.54917151936509,69.54917151936509,69.47032907842903,71.18243513181561,71.38323470931746,1595.2426544286675,1595.2426544286675,1596.677223511506,1650.65414676792,1656.891771993833,1774785243.3572638,1774785245.032205,1774785243.4840412,1774785245.032205,21,11.0,1176,616.0,2,112,152.8321108041447,234.831,77.385,236.6091917456389,95.42066635970023,147.7268528479073,57.41144444444444
20,1,40,10,1,True,2048,64,20260329,20260329,cp1_mbt2048_mns64,10,10,10,231.61768402496816,231.61768402496816,237.6864054822363,251.4762942155357,253.3374349854421,254.2146530468017,70.47470157558564,70.47470157558564,70.5956190552873,74.74466849105536,75.20480781146843,865.889998205239,865.889998205239,870.0696240412071,908.6703783657867,914.099179294426,1774785245.9317515,1774785246.8488936,1774785246.0728023,1774785246.8488936,11,6.0,440,240.0,1,40,107.7880245151754,144.868,86.65,83.6533520805578,50.37658007073095,39.09682739085693,57.41144444444444
21,1,16,200,1,True,2048,64,20260329,20260329,cp1_mbt2048_mns64,200,200,200,219.36930546507932,219.36930546507932,228.130197559949,230.2997707738541,230.4923317278736,230.5404719663784,68.28490772293196,68.28490772293196,68.28792352754688,68.37659054751691,68.37768406717191,13808.06594232854,13808.06594232854,13817.59830750525,13835.231331555406,13836.30596397561,1774785247.7395191,1774785261.5776892,1774785247.833353,1774785261.5776892,201,101.0,3216,1616.0,13,208,221.3491237641009,230.314,98.635,3042.2967587040625,163.9376793196565,2253.214568652136,57.41144444444444
22,2,6,100,1,True,2048,64,20260329,20260329,cp1_mbt2048_mns64,100,100,100,180.3167224861681,180.3167224861681,224.62279902538285,225.5811279756017,225.6601407774724,225.67989397794008,67.89070187584946,67.89070187584946,67.88817539956948,67.92177986136092,67.92593790362871,6901.496208195264,6901.496208195264,6944.616436492652,6949.003048299346,6949.513928883243,1774785262.444646,1774785269.395233,1774785262.5354931,1774785269.395233,101,51.0,606,306.0,7,42,210.42366925891807,227.796,93.722,1443.4516147586098,153.01222481447374,1049.6240454513356,57.41144444444444
23,4,2,50,1,True,2048,64,20260329,20260329,cp1_mbt2048_mns64,50,50,50,92.3479109769687,92.3479109769687,92.3479109769687,92.52426779130474,92.53994395257904,92.54386299289764,66.81257437757804,66.81257437757804,66.81257437757804,66.84042980991855,66.8429058483488,3366.164055478293,3366.164055478293,3366.164055478293,3367.7053284773137,3367.842330521671,1774785270.257646,1774785273.6255212,1774785270.3500075,1774785273.6255212,51,26.0,102,52.0,4,8,195.3423176300178,230.282,97.598,639.8464276218413,137.93087318557335,451.7944577360152,57.41144444444444
24,3,16,150,1,True,2048,64,20260329,20260329,cp1_mbt2048_mns64,150,150,150,221.67452175926883,221.67452175926883,230.07321951445192,231.91084721474908,231.92359182867224,231.926777982153,68.2648970361099,68.2648970361099,68.26529307048705,68.36290817962485,68.36666171118655,10393.144180139643,10393.144180139643,10402.543897507712,10417.723072809167,10418.394553777762,1774785274.5110383,1774785284.930271,1774785274.6065242,1774785284.930271,151,76.0,2416,1216.0,10,160,218.4822056511672,230.344,104.782,2255.5548934051985,161.0707612067227,1662.853698046154,57.41144444444444
25,2,16,150,1,True,2048,64,20260329,20260329,cp1_mbt2048_mns64,150,150,150,208.90701542521128,208.90701542521128,225.79181694891304,227.87330774008296,228.0930247332435,228.14795398153365,68.25089673955078,68.25089673955078,68.25361693287331,68.35991632577732,68.36066160635436,10378.290629618275,10378.290629618275,10395.016208465677,10411.942600505428,10412.621928891169,1774785285.8056002,1774785296.2194743,1774785285.896186,1774785296.2194743,151,76.0,2416,1216.0,10,160,218.67276247303943,230.392,92.589,2257.4219489991656,161.261318028595,1664.7470618896475,57.41144444444444
26,3,64,300,1,True,2048,64,20260329,20260329,cp1_mbt2048_mns64,300,300,300,298.6015276655962,298.6015276655962,297.54241002956405,371.24822615878657,375.0653809355572,375.0875380355865,69.40443922657289,69.40443922657289,69.4020371537587,69.51115191949182,69.53289022787558,21050.52885641089,21050.52885641089,21043.040101474617,21135.94672664767,21150.575054126093,1774785297.1468165,1774785318.3033051,1774785297.3053608,1774785318.3033051,301,151.0,19264,9664.0,19,1216,232.8130020450768,240.109,107.588,4888.59446206558,175.4015576006323,3683.0721462803313,57.41144444444444
27,1,12,300,1,True,2048,64,20260329,20260329,cp1_mbt2048_mns64,300,300,300,198.872858833056,198.872858833056,226.4819655683823,228.8539164874237,229.1866489162203,229.26983202341944,68.19871704235835,68.19871704235835,68.19623307695606,68.22558360170015,68.22965838706952,20590.2892544982,20590.2892544982,20616.041800996754,20627.14562544133,20627.7308307169,1774785319.1854472,1774785339.8150873,1774785319.2773798,1774785339.8150873,301,151.0,3612,1812.0,19,228,225.51970578055693,231.251,110.324,4631.6577679654365,168.1082613361125,3452.5583109540285,57.41144444444444
28,4,16,150,1,True,2048,64,20260329,20260329,cp1_mbt2048_mns64,150,150,150,213.45272952021327,213.45272952021327,230.00826354837045,231.7406667571049,231.84730293578468,231.87396198045465,68.26264527391942,68.26264527391942,68.25298621145782,68.37957844625683,68.38904724412617,10384.586875334207,10384.586875334207,10400.895522499924,10419.960757280933,10421.747922716895,1774785340.723162,1774785351.1467855,1774785340.8181682,1774785351.1467855,151,76.0,2416,1216.0,10,160,220.0031097831624,230.948,111.633,2272.327933320764,162.59166533871797,1679.3470930408928,57.41144444444444
29,3,48,20,1,True,2048,64,20260329,20260329,cp1_mbt2048_mns64,20,20,20,263.5259495000355,263.5259495000355,255.87827246636152,309.82720808824524,316.9774629012681,319.89515002351254,69.81365204652927,69.81365204652927,69.81621381495833,71.49192882873314,73.48065774213816,1589.9853383840916,1589.9853383840916,1597.4764419952407,1644.5328676141798,1649.7969876416028,1774785352.091857,1774785353.7691326,1774785352.2265213,1774785353.7691326,21,11.0,1008,528.0,2,96,158.59736376617593,235.708,93.288,244.6540950989723,101.18591932173148,156.0905486733913,57.41144444444444
30,2,40,150,1,True,2048,64,20260329,20260329,cp1_mbt2048_mns64,150,150,150,229.84487892244945,229.84487892244945,235.1029519923032,244.11525428295133,244.95939521701075,245.27392198797315,67.87448353520844,67.87448353520844,67.89717595319533,68.13560267554865,68.15855992840753,10343.142925668508,10343.142925668508,10348.986627941484,10388.356859365012,10391.905337581413,1774785354.6762643,1774785365.0708244,1774785354.7757957,1774785365.0708244,151,76.0,6040,3040.0,10,400,224.2203105185852,236.059,108.957,2308.3545823483146,166.8088660741407,1717.3021011700575,57.41144444444444
31,1,40,300,1,True,2048,64,20260329,20260329,cp1_mbt2048_mns64,300,300,300,242.0814000099199,242.0814000099199,249.27209899760783,255.71184661821465,257.13775868644007,257.8150120098144,67.97536543993292,67.97536543993292,67.97786981251284,68.10147581817849,68.11958077779883,20566.715666549862,20566.715666549862,20572.167161444668,20616.502572217723,20620.250395677285,1774785365.9915562,1774785386.6134863,1774785366.105647,1774785386.6134863,301,151.0,12040,6040.0,19,760,229.76500414203784,236.998,75.187,4711.983759394167,172.3535596975934,3534.599088322372,57.41144444444444
32,1,48,300,1,True,2048,64,20260329,20260329,cp1_mbt2048_mns64,300,300,300,285.2522447453036,285.2522447453036,312.1862389962189,323.9423120801803,325.055836486863,325.3564959159121,68.4055027465254,68.4055027465254,68.39056062394516,68.53685314622226,68.54737017841785,20738.4975659564,20738.4975659564,20756.69727299828,20810.36770333885,20813.37274740101,1774785387.5545695,1774785408.371667,1774785387.6645029,1774785408.371667,301,151.0,14448,7248.0,19,912,231.75757793847103,238.659,100.117,4799.042130749941,174.34613349402662,3610.213946028206,57.41144444444444
33,4,64,20,1,True,2048,64,20260329,20260329,cp1_mbt2048_mns64,20,20,20,302.4302870453539,302.4302870453539,303.53205651044846,396.24014817527495,401.5247690712568,401.7783219460398,70.99259568684303,70.99259568684303,70.89393184287474,73.48472009272021,73.94295078034415,1651.2896050953714,1651.2896050953714,1645.385270472616,1752.663516649045,1779.7398325114043,1774785409.322574,1774785411.123274,1774785409.5253203,1774785411.123274,21,11.0,1344,704.0,2,128,133.99950645054392,236.853,81.639,214.1249880986213,76.58806200609949,122.38416618053115,57.41144444444444
34,1,6,300,1,True,2048,64,20260329,20260329,cp1_mbt2048_mns64,300,300,300,293.40706154471263,293.40706154471263,326.8108065240085,327.82455332926475,328.02452274481766,328.0745150987059,67.88210325016263,67.88210325016263,67.87993713713448,67.89572711763,67.89730018718062,20590.15593334334,20590.15593334334,20622.088260541204,20628.14703796176,20628.41741634184,1774785411.9987354,1774785432.6276865,1774785412.191645,1774785432.6276865,301,151.0,1806,906.0,19,114,223.46304770405857,229.544,97.859,4566.7001375019545,166.05160325961413,3393.437470889409,57.41144444444444
35,3,2,20,1,True,2048,64,20260329,20260329,cp1_mbt2048_mns64,20,20,20,125.75697602005675,125.75697602005675,125.75697602005675,155.61353194643743,158.26744802878238,158.93092704936862,66.65691676378054,66.65691676378054,66.65691676378054,66.67676908086594,66.67853373127352,1392.238394531887,1392.238394531887,1392.238394531887,1421.7177564336453,1424.338144158246,1774785433.486415,1774785434.911638,1774785433.5789971,1774785434.911638,21,11.0,42,22.0,2,4,146.12881593880908,217.414,98.485,194.7372347876524,88.71737149436466,118.22839657905644,57.41144444444444
36,5,40,200,1,True,2048,64,20260329,20260329,cp1_mbt2048_mns64,200,200,200,247.219923872035,247.219923872035,230.85676855407647,298.136629833607,300.33231567940675,301.2069690739736,67.79156786674253,67.79156786674253,67.78929970869514,67.94260565025367,67.95535197665203,13737.741929353797,13737.741929353797,13739.019973552786,13780.513696104754,13790.625847360352,1774785435.8265696,1774785449.6209748,1774785435.927461,1774785449.6209748,201,101.0,8040,4040.0,13,520,227.4075498634276,236.738,92.891,3114.008438251972,169.99610541898318,2327.844027441501,57.41144444444444
37,5,48,10,1,True,2048,64,20260329,20260329,cp1_mbt2048_mns64,10,10,10,286.9838665210409,286.9838665210409,299.5121339918114,312.6126401068177,314.0100002742838,314.0100989257917,72.23652492582376,72.23652492582376,72.17322688989549,76.91924123921328,77.40832666465496,937.1125908534548,937.1125908534548,950.8251930237748,996.347794198664,1001.7694807983936,1774785450.5515883,1774785451.5584297,1774785450.6772172,1774785451.5584297,11,6.0,528,288.0,1,48,116.470848050313,201.919,94.343,102.63556403299916,59.05940360586857,52.04388310045086,57.41144444444444
38,1,24,200,1,True,2048,64,20260329,20260329,cp1_mbt2048_mns64,200,200,200,219.1278353760329,219.1278353760329,235.55827600648627,239.94661918841305,240.1427201856859,240.16355106141413,67.63454868954585,67.63454868954585,67.63132749740782,67.73026402423687,67.73772622033925,13678.403024595658,13678.403024595658,13694.334566011094,13718.15396187012,13719.901330759749,1774785452.4494867,1774785466.1706064,1774785452.5494628,1774785466.1706064,201,101.0,4824,2424.0,13,312,224.56180683153468,234.397,80.746,3058.7886133204674,167.1503623870902,2276.779085437176,57.41144444444444
39,1,40,40,1,True,2048,64,20260329,20260329,cp1_mbt2048_mns64,40,40,40,241.808059217874,241.808059217874,240.842383063864,286.65836477302946,298.1292216561269,305.2506149979308,68.23227767353484,68.23227767353484,68.15903414136324,69.09772213861848,69.24177188115814,2902.8668884857325,2902.8668884857325,2905.130731058307,2941.851221298566,2945.0276804959867,1774785467.1656692,1774785470.151132,1774785467.2814407,1774785470.151132,41,21.0,1640,840.0,3,120,194.13169860216007,235.909,102.932,557.0980142097472,136.72025415771566,392.3449011261463,57.41144444444444
40,3,12,40,1,True,2048,64,20260329,20260329,cp1_mbt2048_mns64,40,40,40,213.60144773886228,213.60144773886228,229.2135354946368,230.72299634222875,231.22810487286188,231.35438200552016,68.21307637624275,68.21307637624275,68.28076561512903,68.55304530979947,68.60625066176559,2873.911426412329,2873.911426412329,2890.581915504299,2902.4216063378844,2903.31137163681,1774785471.0301254,1774785473.935105,1774785471.1450984,1774785473.935105,41,21.0,492,252.0,3,36,201.4961435681488,230.498,134.815,562.1755780005459,144.08469912370427,401.99726692787846,57.41144444444444
41,2,40,10,1,True,2048,64,20260329,20260329,cp1_mbt2048_mns64,10,10,10,245.88938482338563,245.88938482338563,232.52121650148183,294.6214915427845,297.1913563774433,297.9668729240075,70.84798309402282,70.84798309402282,70.8394001639034,74.65408915369254,76.39880336782274,883.521232669591,883.521232669591,885.3587755002081,927.172336471267,930.2293316239956,1774785474.868282,1774785475.8135414,1774785474.973343,1774785475.8135414,11,6.0,440,240.0,1,40,114.40948786779072,159.685,85.687,96.12670929694175,56.99804342334629,47.88968513679506,57.41144444444444
42,4,48,200,1,True,2048,64,20260329,20260329,cp1_mbt2048_mns64,200,200,200,259.79485497615923,259.79485497615923,243.02943795919413,311.5394137566909,313.0762079183478,313.3953759679571,68.21241188136297,68.21241188136297,68.21268611533763,68.35518739058698,68.3885014796426,13834.06481936739,13834.06481936739,13837.090656510554,13888.710730650928,13897.62952622492,1774785476.7994344,1774785490.711499,1774785476.9087946,1774785490.711499,201,101.0,9648,4848.0,13,624,227.34268845747937,237.527,92.56,3137.9439113341514,169.9312440130349,2345.510718264746,57.41144444444444
43,3,40,150,1,True,2048,64,20260329,20260329,cp1_mbt2048_mns64,150,150,150,253.62347112386487,253.62347112386487,233.60359051730484,305.752365977969,307.4647855281364,308.52529499679804,67.75192017731453,67.75192017731453,67.73677493223684,67.96838936900672,67.9802969643915,10348.65957754373,10348.65957754373,10351.145891007036,10396.296806447208,10400.071866865035,1774785491.637319,1774785502.0427003,1774785491.7486362,1774785502.0427003,151,76.0,6040,3040.0,10,400,223.92494073556568,235.858,111.897,2305.097734581948,166.5134962911212,1714.1006348696556,57.41144444444444
44,2,64,200,1,True,2048,64,20260329,20260329,cp1_mbt2048_mns64,200,200,200,333.2440257345297,333.2440257345297,325.9784019901417,399.8495517240372,402.3843548761215,403.33701006602496,69.18393925321772,69.18393925321772,69.17385584657225,69.37188273585336,69.46628989265699,14100.847937124854,14100.847937124854,14117.319541983306,14186.75605377648,14192.655619919531,1774785502.9992218,1774785517.1946251,1774785503.1346858,1774785517.1946251,201,101.0,12864,6464.0,13,832,229.55028574388749,239.708,87.137,3227.4631032446337,172.13884129944304,2420.261674381426,57.41144444444444
45,5,2,75,1,True,2048,64,20260329,20260329,cp1_mbt2048_mns64,75,75,75,92.82522753346711,92.82522753346711,92.82522753346711,92.83211295260116,92.83272498985752,92.8328779991716,66.79885151302065,66.79885151302065,66.79885151302065,66.81169350403424,66.81283501434656,5035.940239496995,5035.940239496995,5035.940239496995,5036.883661412867,5036.967521138722,1774785518.0612516,1774785523.0984447,1774785518.1540844,1774785523.0984447,76,38.5,152,77.0,5,10,206.7760328903736,231.175,103.971,1022.3751989568476,149.36458844592914,738.5123347949852,57.41144444444444
46,1,40,150,1,True,2048,64,20260329,20260329,cp1_mbt2048_mns64,150,150,150,241.56077513762284,241.56077513762284,244.56037353957072,259.82425637193955,261.4379600971006,262.2583379270509,67.94141325658194,67.94141325658194,67.94957026851758,68.21139602153875,68.25078576368799,10364.831350368331,10364.831350368331,10364.60219451692,10411.722704430576,10417.611018178286,1774785524.1264803,1774785534.5585804,1774785524.249622,1774785534.5585804,151,76.0,6040,3040.0,10,400,222.90044335454496,235.743,98.335,2297.8714269555794,165.48899891010052,1706.019227005944,57.41144444444444
47,3,48,300,1,True,2048,64,20260329,20260329,cp1_mbt2048_mns64,300,300,300,249.7353963990463,249.7353963990463,249.65266801882527,304.5057332725264,314.81456151464954,320.7905029412359,68.47455812197931,68.47455812197931,68.45241161195692,68.64349815412814,68.66318061702532,20723.62827487086,20723.62827487086,20729.30537443608,20777.89230371127,20792.383850933984,1774785535.5491242,1774785556.354405,1774785535.6788957,1774785556.354405,301,151.0,14448,7248.0,19,912,230.63885030262884,238.184,94.286,4768.575729619499,173.2274058581844,3581.564867308348,57.41144444444444
48,4,12,200,1,True,2048,64,20260329,20260329,cp1_mbt2048_mns64,200,200,200,222.56508759649785,222.56508759649785,237.3885444831103,243.10255807940848,243.86770438984968,244.05899096746,68.17768881742107,68.17768881742107,68.1743071307475,68.23081628682125,68.2362175166862,13789.925162263293,13789.925162263293,13808.811489550862,13815.821519755991,13817.12304152199,1774785557.3088274,1774785571.1333275,1774785557.417833,1774785571.1333275,201,101.0,2412,1212.0,13,156,221.7355491345942,231.281,87.242,3041.212681173084,164.32410469014977,2253.7863367265045,57.41144444444444
49,1,12,100,1,True,2048,64,20260329,20260329,cp1_mbt2048_mns64,100,100,100,196.5918171821007,196.5918171821007,228.71509054675693,231.6820136969909,231.82610757183284,231.8621310405433,68.14246091216344,68.14246091216344,68.13670321181887,68.22219692644514,68.23127797088642,6942.695447486282,6942.695447486282,6970.85194196552,6983.557262190152,6985.817038773093,1774785572.0272417,1774785579.0149932,1774785572.1228616,1774785579.0149932,101,51.0,1212,612.0,7,84,214.3577487801085,230.917,91.139,1477.3818069987294,156.94630433566408,1081.69457843603,57.41144444444444
50,2,24,50,1,True,2048,64,20260329,20260329,cp1_mbt2048_mns64,50,50,50,229.0954440735125,229.0954440735125,234.6451299963519,240.37339179194527,240.8583317359444,240.9912860020995,68.26814081229595,68.26814081229595,68.29034329548821,69.09273715228869,69.14895178410416,3574.2343438760145,3574.2343438760145,3580.936326063238,3621.564681181917,3625.461187490728,1774785579.922228,1774785583.5524375,1774785580.0438347,1774785583.5524375,51,26.0,1224,624.0,4,96,201.5013695012697,233.255,89.86,706.9882808403971,144.08992505682522,505.5543228042658,57.41144444444444
51,5,2,40,1,True,2048,64,20260329,20260329,cp1_mbt2048_mns64,40,40,40,125.82174950512126,125.82174950512126,125.82174950512126,155.84061637637203,158.508960098261,159.17604602873325,66.76231846153641,66.76231846153641,66.76231846153641,66.76422574479754,66.76439528108743,2729.552169505041,2729.552169505041,2729.552169505041,2759.496652329108,2762.1583841356914,1774785584.419481,1774785587.1823027,1774785584.5121098,1774785587.1823027,41,21.0,82,42.0,3,6,187.9816404976838,230.549,86.484,501.94725248801706,130.57019605323936,348.6476178856028,57.41144444444444
52,2,60,40,1,True,2048,64,20260329,20260329,cp1_mbt2048_mns64,40,40,40,1101.3788149148847,1101.3788149148847,1119.9607704766097,1265.7046915614046,1274.6754508139566,1281.7364770453423,63.56006481318583,63.56006481318583,68.25535969199755,68.77056559150775,68.93195685100717,3580.2213426291323,3580.2213426291323,3792.467157472856,3932.280986290425,3945.721213909565,1774785588.1750493,1774785592.1360292,1774785589.005803,1774785592.1360292,41,21.0,2460,1260.0,3,180,226.4782897519247,238.597,99.085,708.9282076524496,169.06684530748026,529.2174174777269,57.41144444444444
53,2,2,10,1,True,2048,64,20260329,20260329,cp1_mbt2048_mns64,10,10,10,126.05892651481554,126.05892651481554,126.05892651481554,155.99906761781313,158.66041349363513,159.32574996259063,66.66900421906676,66.66900421906676,66.66900421906676,66.70122032002028,66.70408397343837,726.0799644864164,726.0799644864164,726.0799644864164,755.7301606808323,758.3657336758915,1774785593.0005624,1774785593.7597778,1774785593.0933545,1774785593.7597778,11,6.0,22,12.0,1,2,108.86749311601176,147.596,94.05,72.55183628630638,51.45604867156733,34.291510829422215,57.41144444444444
54,5,48,50,1,True,2048,64,20260329,20260329,cp1_mbt2048_mns64,50,50,50,346.7477631832783,346.7477631832783,370.4957470181398,383.2031029975042,384.1853176115546,384.6777069848031,68.56686571121159,68.56686571121159,68.46213071459752,69.44330960573933,69.48237022071393,3706.5241830326463,3706.5241830326463,3728.127915528603,3771.7137186671607,3779.8416592611466,1774785594.671394,1774785598.457853,1774785594.8010309,1774785598.457853,51,26.0,2448,1248.0,4,192,205.2478744707203,235.677,110.697,750.5549848093989,147.83643002627585,540.6115399673782,57.41144444444444
55,5,40,50,1,True,2048,64,20260329,20260329,cp1_mbt2048_mns64,50,50,50,328.01216409134213,328.01216409134213,360.3112654527649,370.0219556922093,370.6913008191623,370.84179592784494,67.9105395144113,67.9105395144113,67.82379204987035,68.50549480295739,68.65910720417504,3655.628600297496,3655.628600297496,3682.523187017068,3723.37418574607,3727.942241603741,1774785599.3564365,1774785603.0871367,1774785599.4643033,1774785603.0871367,51,26.0,2040,1040.0,4,160,203.2741884860789,234.848,94.738,736.428537775497,145.86274404163453,528.4364341115493,57.41144444444444
56,5,60,75,1,True,2048,64,20260329,20260329,cp1_mbt2048_mns64,75,75,75,359.3495741350732,359.3495741350732,347.28530450956896,417.9523351602256,421.6381533257663,422.9960920056328,69.10098596381103,69.10098596381103,69.08917050679668,69.66956941296057,70.12361760688567,5472.8225354570895,5472.8225354570895,5475.599373516161,5536.255520698614,5542.74663871387,1774785604.002056,1774785609.5554855,1774785604.227023,1774785609.5554855,76,38.5,4560,2310.0,5,300,215.15875558180096,237.784,91.746,1146.4654336303463,157.74731113735652,840.5506853675438,57.41144444444444
57,1,12,75,1,True,2048,64,20260329,20260329,cp1_mbt2048_mns64,75,75,75,200.3069801042633,200.3069801042633,228.2068164786324,230.1309794245753,230.76455827918835,230.9229529928416,67.94294393435226,67.94294393435226,67.93369188420223,68.07132464828838,68.10069733061765,5228.08483124633,5228.08483124633,5254.493255983107,5267.019606335089,5268.038066877052,1774785610.436309,1774785615.7053638,1774785610.5299172,1774785615.7053638,76,38.5,912,462.0,5,60,207.7621973135791,229.6,86.917,1075.2621390619272,150.35075286913465,778.1322792597871,57.41144444444444
58,5,2,150,1,True,2048,64,20260329,20260329,cp1_mbt2048_mns64,150,150,150,90.52157500991598,90.52157500991598,90.52157500991598,90.6944767513778,90.7098457950633,90.71368805598468,66.79711929536518,66.79711929536518,66.79711929536518,66.80496852753541,66.80566623706164,10043.292350019328,10043.292350019328,10043.292350019328,10044.634787354153,10044.754115117248,1774785616.5641448,1774785626.6089275,1774785616.654643,1774785626.6089275,151,76.0,302,152.0,10,20,218.818415214055,230.254,101.438,2178.180743464112,161.40697076961055,1606.690895952794,57.41144444444444
59,1,40,50,1,True,2048,64,20260329,20260329,cp1_mbt2048_mns64,50,50,50,257.8439770411933,257.8439770411933,237.74278204655275,305.1745742792264,309.0074345911853,309.72524790558964,68.02346848648716,68.02346848648716,67.98254275499673,68.63473961533673,68.69562294559877,3590.993932879064,3590.993932879064,3594.4448755471967,3639.413765590871,3647.395813876065,1774785627.5136628,1774785631.1681602,1774785627.6235547,1774785631.1681602,51,26.0,2040,1040.0,4,160,201.1347169127471,234.532,90.916,712.9432225116489,143.72327246830267,509.44230114148695,57.41144444444444
60,4,12,75,1,True,2048,64,20260329,20260329,cp1_mbt2048_mns64,75,75,75,217.70078482222743,217.70078482222743,228.9857039577328,232.2209746693261,232.28041732916608,232.29527799412608,68.20031355642756,68.20031355642756,68.18804804100404,68.34456720523146,68.36609026267683,5264.523987997866,5264.523987997866,5275.722134509124,5286.608053569216,5288.47977793077,1774785632.09843,1774785637.3899586,1774785632.194899,1774785637.3899586,76,38.5,912,462.0,5,60,207.31584318614185,229.383,92.962,1077.0181484993705,149.90439874169738,778.7622764543569,57.41144444444444
61,5,6,150,1,True,2048,64,20260329,20260329,cp1_mbt2048_mns64,150,150,150,163.85599867984033,163.85599867984033,174.97721704421565,175.78338697785512,175.84790216060355,175.86403095629066,67.92233653235826,67.92233653235826,67.92118690592305,67.95417870615215,67.95674145367033,10284.28414200122,10284.28414200122,10295.7630744786,10299.965891230386,10300.357940641696,1774785638.2530365,1774785648.554049,1774785638.3602538,1774785648.554049,151,76.0,906,456.0,10,60,216.66081936411484,227.745,105.125,2208.5960213638527,159.2493749196704,1623.3555143220276,57.41144444444444
62,3,56,10,1,True,2048,64,20260329,20260329,cp1_mbt2048_mns64,10,10,10,324.0868854544325,324.0868854544325,350.6392014678568,370.7163308281452,372.7141730312724,372.7559229591861,71.88956615711851,71.88956615711851,72.02204983008818,75.10752631222002,75.23599974940427,971.092980868499,971.092980868499,981.2561729922892,1038.8565524481237,1047.0553393941373,1774785649.4733074,1774785650.5228858,1774785649.6496255,1774785650.5228858,11,6.0,616,336.0,1,56,105.03316394500918,141.378,67.305,91.72128801620008,47.62171950056473,41.58615513500904,57.41144444444444
63,4,12,10,1,True,2048,64,20260329,20260329,cp1_mbt2048_mns64,10,10,10,210.7434757538916,210.7434757538916,227.60003397706896,228.370240109507,228.429243278224,228.44399407040328,69.14373151569937,69.14373151569937,69.07751594230325,70.44533980984448,70.59583364753053,833.037059395186,833.037059395186,849.7318919980898,861.6218030685559,862.8555925423279,1774785651.3971589,1774785652.2609892,1774785651.490082,1774785652.2609892,11,6.0,132,72.0,1,12,109.27509494562877,159.309,85.954,84.24095349884034,51.86365050118432,39.98205970284675,57.41144444444444
64,4,6,20,1,True,2048,64,20260329,20260329,cp1_mbt2048_mns64,20,20,20,181.0242014665467,181.0242014665467,225.3452934673988,226.1561132036149,226.2339522130788,226.25341196544468,67.86425862351041,67.86425862351041,67.84194766078144,68.07436999913894,68.09969484119823,1470.4451153132443,1470.4451153132443,1513.149178470485,1518.9153492101468,1519.1962298122237,1774785653.1224847,1774785654.6426692,1774785653.2141256,1774785654.6426692,21,11.0,126,66.0,2,12,151.4544315404892,226.881,109.357,216.3592539703846,94.04298709604475,134.34450429934927,57.41144444444444
65,5,60,40,1,True,2048,64,20260329,20260329,cp1_mbt2048_mns64,40,40,40,282.4375238482996,282.4375238482996,294.3622910534032,313.5828845901415,318.77189527614973,320.16696804203093,69.4456962056649,69.4456962056649,69.23571822997661,70.68428989538613,70.74781133635089,2990.8196758692307,2990.8196758692307,3001.698200008832,3059.329277445795,3073.106647270033,1774785655.652888,1774785658.7375555,1774785655.7695398,1774785658.7375555,41,21.0,2460,1260.0,3,180,194.3461869289792,237.461,80.722,576.8225283608434,136.93474248453475,406.4244615678255,57.41144444444444
66,2,48,75,1,True,2048,64,20260329,20260329,cp1_mbt2048_mns64,75,75,75,344.15416063226684,344.15416063226684,371.973353496287,381.4999207679648,383.94730757689103,385.0991699146107,68.02756245074839,68.02756245074839,67.97779381127299,68.48202460583903,68.53399393273003,5378.193781987648,5378.193781987648,5400.857190077659,5443.24164618738,5448.474869233323,1774785659.651229,1774785665.108421,1774785659.7723856,1774785665.108421,76,38.5,3648,1848.0,5,240,212.4728213683546,235.462,95.312,1133.76256614709,155.06137692391016,827.4130473693486,57.41144444444444
67,2,24,150,1,True,2048,64,20260329,20260329,cp1_mbt2048_mns64,150,150,150,221.52898026494464,221.52898026494464,227.8395249741152,230.4483879415784,231.0271018336061,231.19350499473512,67.45308871637906,67.45308871637906,67.462244664472,67.58338537011701,67.59796955396152,10272.039199005423,10272.039199005423,10278.31015654374,10300.380414997926,10302.53431812278,1774785666.0039644,1774785676.3075738,1774785666.0977314,1774785676.3075738,151,76.0,3624,1824.0,10,240,220.45297254642412,232.969,85.527,2250.7901158927675,163.04152810197974,1664.6283136631778,57.41144444444444
68,2,56,20,1,True,2048,64,20260329,20260329,cp1_mbt2048_mns64,20,20,20,274.2051900422666,274.2051900422666,263.1114070536569,327.05808675382286,340.6505985709373,345.2828850131482,69.96181601195866,69.96181601195866,69.7790149715729,72.18312799906064,73.78096151821266,1603.4796942694811,1603.4796942694811,1614.373815536965,1664.8489949875511,1677.1357572404668,1774785677.31986,1774785679.0098734,1774785677.470827,1774785679.0098734,21,11.0,1176,616.0,2,112,155.9844538308258,235.125,89.625,240.06725739216807,98.57300938638136,151.7084006457859,57.41144444444444
69,1,64,75,1,True,2048,64,20260329,20260329,cp1_mbt2048_mns64,75,75,75,404.1221772240533,404.1221772240533,426.2320839916356,451.50049996445887,452.9433358949609,453.7140690954402,68.94103327185557,68.94103327185557,68.92354494649791,69.39577111947615,69.46604813861258,5505.758639341366,5505.758639341366,5514.559369010385,5570.494213356869,5579.283620389178,1774785679.946146,1774785685.534258,1774785680.196125,1774785685.534258,76,38.5,4864,2464.0,5,320,213.79148461823127,237.833,84.495,1141.2473998321288,156.38004017378682,834.7774681141768,57.41144444444444
70,3,12,10,1,True,2048,64,20260329,20260329,cp1_mbt2048_mns64,10,10,10,210.4396906700761,210.4396906700761,227.5027025025338,229.2277153232135,229.80768553214148,229.95267808437347,68.98040820292577,68.98040820292577,69.02684344418554,70.19079940962709,70.37171597023391,831.263364496408,831.263364496408,848.3596774749458,859.341797750676,860.969584408449,1774785686.4123058,1774785687.274285,1774785686.5053115,1774785687.274285,11,6.0,132,72.0,1,12,107.7150889184571,155.257,84.127,82.83005850899218,50.30364447401266,38.68217402811844,57.41144444444444
71,4,12,40,1,True,2048,64,20260329,20260329,cp1_mbt2048_mns64,40,40,40,212.40465200389733,212.40465200389733,228.1244414625689,234.8325406142976,235.3019361372572,235.41928501799703,68.1341410953846,68.1341410953846,68.11056566538099,68.48605436672909,68.52896986976982,2869.636154723897,2869.636154723897,2889.9672419647686,2902.1551073296,2902.3445159150288,1774785688.22618,1774785691.1356382,1774785688.3264968,1774785691.1356382,41,21.0,492,252.0,3,36,188.27029763185624,229.049,107.753,528.877886992812,130.8588531874118,367.6010217150184,57.41144444444444
72,1,40,100,1,True,2048,64,20260329,20260329,cp1_mbt2048_mns64,100,100,100,242.6701606309507,242.6701606309507,244.4737699697725,257.1480581362266,261.01281229173765,261.57293491996825,67.687890761546,67.687890761546,67.67018690394859,68.06446014429594,68.11438019025243,6943.771346024005,6943.771346024005,6948.24407948181,6978.490233921912,6985.085641008336,1774785692.048205,1774785699.0430765,1774785692.1806486,1774785699.0430765,101,51.0,4040,2040.0,7,280,216.58396804127383,234.607,92.439,1486.291875787855,159.1725235968294,1092.3099747878582,57.41144444444444
73,3,16,200,1,True,2048,64,20260329,20260329,cp1_mbt2048_mns64,200,200,200,219.15277454536408,219.15277454536408,227.67453198321164,230.0256054732017,230.6508162408136,230.8071189327165,68.03644601858646,68.03644601858646,68.04106319580583,68.09683323878181,68.10021786005751,13758.405532244067,13758.405532244067,13765.453916450497,13778.075534064556,13779.799451614965,1774785699.9246757,1774785713.7068963,1774785700.0168328,1774785713.7068963,201,101.0,3216,1616.0,13,208,221.1292954790948,230.122,84.169,3027.274144357685,163.71785103465035,2241.3078119441443,57.41144444444444
74,3,2,100,1,True,2048,64,20260329,20260329,cp1_mbt2048_mns64,100,100,100,90.16793547198176,90.16793547198176,90.16793547198176,90.17670556204394,90.17748512560502,90.17768001649527,66.57396438425745,66.57396438425745,66.57396438425745,66.58293401176871,66.58373131199194,6680.99040951347,6680.99040951347,6680.99040951347,6681.887172727147,6681.966885012807,1774785714.5737908,1774785721.2559383,1774785714.6639483,1774785721.2559383,101,51.0,202,102.0,7,14,213.0552685979877,230.458,106.804,1404.458249573707,155.64382415354328,1026.00256856407,57.41144444444444
75,4,56,10,1,True,2048,64,20260329,20260329,cp1_mbt2048_mns64,10,10,10,289.0451168579083,289.0451168579083,297.64017806155607,329.75218270439655,340.68756655906327,343.9857290359214,73.37091464225003,73.37091464225003,72.36575538344267,79.28997339008168,80.03710519082637,949.3833486381584,949.3833486381584,950.4672475159168,1028.2422527088784,1045.665679196827,1774785722.2121084,1774785723.2739198,1774785722.3453212,1774785723.2739198,11,6.0,616,336.0,1,56,122.1308999142452,181.451,104.854,113.4105878492594,64.71945546980075,60.09839848283928,57.41144444444444
76,3,56,300,1,True,2048,64,20260329,20260329,cp1_mbt2048_mns64,300,300,300,284.2742774872541,284.2742774872541,295.2254235278815,325.4562634392641,335.4606481792871,336.55748900491744,68.63836976309348,68.63836976309348,68.64123500826733,68.74438892163408,68.7723294074334,20807.14683665221,20807.14683665221,20807.57438146975,20863.941151532345,20865.814809908625,1774785724.272419,1774785745.1693044,1774785724.4209485,1774785745.1693044,301,151.0,16856,8456.0,19,1064,231.2337272101441,239.001,96.102,4797.7197153874695,173.82228276569967,3606.526621615032,57.41144444444444
77,4,6,300,1,True,2048,64,20260329,20260329,cp1_mbt2048_mns64,300,300,300,181.630632316228,181.630632316228,225.8358415565453,227.0884611934889,227.30427459464408,227.35822794493288,67.700505238613,67.700505238613,67.70095333766915,67.70929546505415,67.71049468918628,20424.08169866152,20424.08169866152,20467.685087467544,20471.18271727232,20471.68191546225,1774785746.0392597,1774785766.512034,1774785746.131634,1774785766.512034,301,151.0,1806,906.0,19,114,222.84769603874275,229.441,94.528,4541.725171511535,165.4362515942983,3371.65697246299,57.41144444444444
78,2,64,75,1,True,2048,64,20260329,20260329,cp1_mbt2048_mns64,75,75,75,292.7116315604508,292.7116315604508,293.3851490379311,372.7304483996704,377.2284348332323,379.2196209542453,69.03627846259042,69.03627846259042,69.01355785855746,69.61018387503557,69.64551467907842,5401.396237792142,5401.396237792142,5406.402534979861,5459.936463134363,5490.7966133300215,1774785767.458029,1774785772.98699,1774785767.631573,1774785772.98699,76,38.5,4864,2464.0,5,320,212.16497330033377,239.302,67.711,1136.231907611013,154.75352885588933,828.7696812826665,57.41144444444444
79,3,2,300,1,True,2048,64,20260329,20260329,cp1_mbt2048_mns64,300,300,300,90.9611139795743,90.9611139795743,90.9611139795743,91.14297974738292,91.15914559341036,91.16318705491722,66.57501069219927,66.57501069219927,66.57501069219927,66.57850906135278,66.57882002749976,19996.88931094716,19996.88931094716,19996.88931094716,19998.117189091863,19998.22633381584,1774785773.8535233,1774785793.8517754,1774785773.9444852,1774785793.8517754,301,151.0,602,302.0,19,38,225.4771906439121,231.982,87.625,4488.639872197391,168.06574619946767,3345.733585677466,57.41144444444444
80,3,6,20,1,True,2048,64,20260329,20260329,cp1_mbt2048_mns64,20,20,20,147.48673185628527,147.48673185628527,169.5118345087394,171.01879778783768,171.2104676058516,171.25838506035507,67.85325685172882,67.85325685172882,67.86042800185417,68.04573953635746,68.06079935692986,1436.6986120391327,1436.6986120391327,1456.6039875498973,1463.767515233485,1464.34158863849,1774785794.7165575,1774785796.1810412,1774785794.8189485,1774785796.1810412,21,11.0,126,66.0,2,12,145.48054441765774,228.423,104.622,198.15802708518504,88.06909997321328,119.9583021064202,57.41144444444444
81,1,48,75,1,True,2048,64,20260329,20260329,cp1_mbt2048_mns64,75,75,75,257.7463570875504,257.7463570875504,242.0807454618625,313.15608940203674,314.02057979488745,314.1651409678161,68.03001011012547,68.03001011012547,67.99384412777333,68.40518172216804,68.46514320861536,5291.967105236836,5291.967105236836,5297.416770539712,5353.452611918328,5359.355617696419,1774785797.1128547,1774785802.4848244,1774785797.2248304,1774785802.4848244,76,38.5,3648,1848.0,5,240,212.643328164056,236.843,106.974,1118.5026366620057,155.23188371961152,816.5187816306213,57.41144444444444
82,3,12,20,1,True,2048,64,20260329,20260329,cp1_mbt2048_mns64,20,20,20,217.30509931027572,217.30509931027572,227.82486549112943,230.9449392138049,231.12894543912265,231.17494699545205,68.42272507951986,68.42272507951986,68.43371160548965,68.9673082550718,68.98087028199562,1517.3368758211534,1517.3368758211534,1529.022819478996,1539.1989043797366,1541.005945687648,1774785803.3619332,1774785804.9035702,1774785803.455557,1774785804.9035702,21,11.0,252,132.0,2,24,170.28226847253936,230.175,149.713,246.5709498684406,112.87082402809492,163.43842810344694,57.41144444444444
83,1,12,50,1,True,2048,64,20260329,20260329,cp1_mbt2048_mns64,50,50,50,212.49851442795867,212.49851442795867,223.19614002481103,225.85417309892364,226.2899569759611,226.39890294522047,68.30189173778227,68.30189173778227,68.27892869240509,68.56308974342286,68.56943958103942,3559.2912095792904,3559.2912095792904,3568.5810139402747,3583.266909251688,3584.2001818155404,1774785805.791633,1774785809.379216,1774785805.881884,1774785809.379216,51,26.0,612,312.0,4,48,197.253851948384,230.06,99.161,689.862227498412,139.8424075039396,489.0753401594029,57.41144444444444
84,5,64,75,1,True,2048,64,20260329,20260329,cp1_mbt2048_mns64,75,75,75,264.5790918304556,264.5790918304556,263.0161684937775,310.4832949989941,325.4491146886721,332.80640898738056,69.23217540192914,69.23217540192914,69.18179758075576,69.73460444400239,69.81688671492078,5387.760071573212,5387.760071573212,5384.477166517172,5460.421137273079,5471.55306883622,1774785810.396729,1774785815.9004133,1774785810.531349,1774785815.9004133,76,38.5,4864,2464.0,5,320,213.64108934064137,238.525,75.091,1147.052752426505,156.22964489619693,838.807013865511,57.41144444444444
85,3,40,20,1,True,2048,64,20260329,20260329,cp1_mbt2048_mns64,20,20,20,277.05131557013374,277.05131557013374,293.44375850632787,361.589400988305,367.00468315393664,370.00643589999527,68.25177364072788,68.25177364072788,68.26693110327287,69.43780315280156,69.63785480199333,1573.8350147439633,1573.8350147439633,1590.5424189404584,1642.2544993751217,1647.3867862462066,1774785816.8113568,1774785818.4660106,1774785816.9260068,1774785818.4660106,21,11.0,840,440.0,2,80,154.27637746127877,234.418,91.07,237.5862039228678,96.86493301683431,149.17236266121603,57.41144444444444
86,3,60,200,1,True,2048,64,20260329,20260329,cp1_mbt2048_mns64,200,200,200,319.8163191477458,319.8163191477458,313.1672685267404,386.87028809799807,393.6687556852121,393.7253950862214,68.99024692655173,68.99024692655173,68.9874799675238,69.17073100032496,69.2205984502605,14048.87545753154,14048.87545753154,14058.838602970354,14111.92007753416,14119.879906052956,1774785819.4124408,1774785833.54855,1774785819.5286968,1774785833.54855,201,101.0,12060,6060.0,13,780,228.7023248384204,239.28,82.035,3206.3730013123745,171.29088039397593,2401.472983076585,57.41144444444444
87,4,40,100,1,True,2048,64,20260329,20260329,cp1_mbt2048_mns64,100,100,100,355.3826451243367,355.3826451243367,367.9556985152885,374.2540089355316,376.1215623479802,376.7408480634913,67.84518848516099,67.84518848516099,67.83737330826827,68.18857173984541,68.22168954292952,7072.0563051552745,7072.0563051552745,7084.194392489735,7118.99382401607,7122.183462699177,1774785834.4596908,1774785841.5878055,1774785834.588977,1774785841.5878055,101,51.0,4040,2040.0,7,280,216.722295404956,235.496,82.903,1516.8022100701317,159.3108509605115,1114.989347881978,57.41144444444444
88,4,48,40,1,True,2048,64,20260329,20260329,cp1_mbt2048_mns64,40,40,40,351.7249953753587,351.7249953753587,368.149584508501,379.0196100482717,380.8404077822343,381.0963670257479,68.82071134908688,68.82071134908688,68.76439891027238,69.8911777452733,70.01029175933068,3035.732737989747,3035.732737989747,3047.3711869562976,3095.5073548306245,3100.172564625973,1774785842.5049424,1774785845.6112397,1774785842.6338694,1774785845.6112397,41,21.0,1968,1008.0,3,144,195.67967551713429,235.812,80.172,582.6108467910935,138.26823107268984,411.6757193953577,57.41144444444444
89,5,40,75,1,True,2048,64,20260329,20260329,cp1_mbt2048_mns64,75,75,75,337.0684337482089,337.0684337482089,362.5260984990746,370.0810816255398,370.90458913357,371.06176500674337,67.80781165568466,67.80781165568466,67.75494074414334,68.23762429152879,68.29024677339476,5354.846496268874,5354.846496268874,5377.350132504944,5413.290192879504,5419.834482684964,1774785846.5142038,1774785851.9368248,1774785846.6121883,1774785851.9368248,76,38.5,3040,1540.0,5,200,212.47537573329816,235.479,79.842,1131.354132343734,155.06393128885372,825.6590620708646,57.41144444444444
90,4,6,40,1,True,2048,64,20260329,20260329,cp1_mbt2048_mns64,40,40,40,152.01805013930425,152.01805013930425,163.2479249383323,163.95036998437718,163.9752315939404,163.9814469963312,67.95422360301018,67.95422360301018,67.93664261633052,68.07673639149215,68.08626715568468,2802.232770656701,2802.232770656701,2812.861090991646,2818.838883220451,2819.219363020966,1774785852.8029878,1774785855.622686,1774785852.89855,1774785855.622686,41,21.0,246,126.0,3,18,188.94211752867668,227.71,104.788,514.7040007909537,131.53067308423223,358.30742530397583,57.41144444444444
91,2,60,150,1,True,2048,64,20260329,20260329,cp1_mbt2048_mns64,150,150,150,289.41675750344683,289.41675750344683,290.7651924761012,387.3398685886059,392.0494202035479,394.0890030935407,69.00162450548353,69.00162450548353,68.95948625161881,69.31825251929499,69.36526876501583,10570.658808820494,10570.658808820494,10575.610215542838,10651.141326181823,10688.8377192372,1774785856.5497909,1774785867.28006,1774785856.7375646,1774785867.28006,151,76.0,9060,4560.0,10,600,226.515827984218,239.055,86.172,2388.042094738009,169.1043835397735,1782.782200658562,57.41144444444444
92,5,2,20,1,True,2048,64,20260329,20260329,cp1_mbt2048_mns64,20,20,20,91.1990970489569,91.1990970489569,91.1990970489569,91.21663350961173,91.21819230611436,91.21858200524002,66.7981669202594,66.7981669202594,66.7981669202594,66.83312488542134,66.8362322601024,1360.3642685338857,1360.3642685338857,1360.3642685338857,1361.0109334113076,1361.0684147337452,1774785868.1457808,1774785869.5070777,1774785868.2369983,1774785869.5070777,21,11.0,42,22.0,2,4,144.3837873493622,202.118,97.688,183.37887029767035,86.97234290491774,110.46177885924445,57.41144444444444
93,2,24,20,1,True,2048,64,20260329,20260329,cp1_mbt2048_mns64,20,20,20,217.06842487522712,217.06842487522712,230.0011295010336,241.1089454719331,241.7142293928191,241.8816399294883,68.91425869252998,68.91425869252998,68.94794631577832,70.29886728238412,70.51359812747441,1526.4393400332967,1526.4393400332967,1540.7227060059083,1564.9418658344075,1569.1383940528613,1774785870.476318,1774785872.0607104,1774785870.5830717,1774785872.0607104,21,11.0,504,264.0,2,48,151.91060549632715,226.44,80.602,224.46899288272857,94.49916105188272,139.6356195163197,57.41144444444444
94,1,60,150,1,True,2048,64,20260329,20260329,cp1_mbt2048_mns64,150,150,150,336.05910184560344,336.05910184560344,318.07414547074586,389.4494346808642,392.1420112752821,393.2153210043907,68.95938065372849,68.95938065372849,68.9471262181334,69.29928285801071,69.4535969142277,10611.006819251148,10611.006819251148,10614.19647547882,10675.27898735716,10682.401402672986,1774785873.0130093,1774785883.7046485,1774785873.2100956,1774785883.7046485,151,76.0,9060,4560.0,10,600,226.41999208663083,238.796,87.056,2376.176519430758,169.0085476421864,1773.6690951601283,57.41144444444444
95,3,40,100,1,True,2048,64,20260329,20260329,cp1_mbt2048_mns64,100,100,100,253.6198344576405,253.6198344576405,247.36076104454696,329.8751158115919,332.5811957276892,333.50405003875494,67.95308601735583,67.95308601735583,67.92842479766055,68.33311707190605,68.40399795479959,6980.975350175868,6980.975350175868,6969.26225052448,7083.997791627189,7099.932643080829,1774785884.6187563,1774785891.7209897,1774785884.8107028,1774785891.7209897,101,51.0,4040,2040.0,7,280,217.75040074842744,235.175,93.458,1504.717690582157,160.33895630398305,1107.9881516214618,57.41144444444444
96,5,40,40,1,True,2048,64,20260329,20260329,cp1_mbt2048_mns64,40,40,40,679.3123263923917,679.3123263923917,776.8690860248171,786.5626327286009,787.9356674815062,787.9690160043538,67.91260202492897,67.91260202492897,68.07731745991474,68.82754292306251,69.01048779621935,3327.903805364622,3327.903805364622,3416.243594023399,3468.1138859770726,3472.4238610139582,1774785892.6427276,1774785896.11788,1774785893.1726167,1774785896.11788,41,21.0,1640,840.0,3,120,203.02722298320893,234.685,119.999,597.9685977620939,145.6157785387645,428.8767862035029,57.41144444444444
97,4,48,75,1,True,2048,64,20260329,20260329,cp1_mbt2048_mns64,75,75,75,332.1945089968115,332.1945089968115,341.2643730407581,410.69345192518085,413.0215951090213,413.9708009315655,68.33660396509217,68.33660396509217,68.26880524985845,68.85361077257659,69.27631963289821,5389.103202413632,5389.103202413632,5396.854338992853,5471.293649205472,5477.5126368924975,1774785897.033086,1774785902.512828,1774785897.2507234,1774785902.512828,76,38.5,3648,1848.0,5,240,213.1318234396728,235.797,96.091,1121.5219804297687,155.72037899522834,819.4169459326931,57.41144444444444
98,5,16,100,1,True,2048,64,20260329,20260329,cp1_mbt2048_mns64,100,100,100,209.49439555988647,209.49439555988647,230.64383148448545,233.1122890172992,233.4810442116577,233.5732330102473,68.24913102268556,68.24913102268556,68.24368331816537,68.3879724799566,68.41766032233899,6966.158366805757,6966.158366805757,6986.944508505985,7001.59129378153,7003.343957976904,1774785903.3934531,1774785910.3986232,1774785903.4882758,1774785910.3986232,101,51.0,1616,816.0,7,112,213.50001910031853,229.962,89.573,1475.3593150628817,156.08857465587414,1078.6262856736594,57.41144444444444
99,1,60,40,1,True,2048,64,20260329,20260329,cp1_mbt2048_mns64,40,40,40,297.97414332279004,297.97414332279004,313.63447196781635,331.1797989590559,332.3426001507323,332.8566199634224,69.5289164086561,69.5289164086561,69.41422989788967,70.60947005490725,70.76505583113968,3009.601883260378,3009.601883260378,3015.054082032293,3078.80774717778,3087.912151427008,1774785911.322955,1774785914.4140365,1774785911.4479153,1774785914.4140365,41,21.0,2460,1260.0,3,180,196.72075313518496,237.298,96.165,583.4975488123894,139.30930869074052,413.20826019782487,57.41144444444444
100,1,16,100,1,True,2048,64,20260329,20260329,cp1_mbt2048_mns64,100,100,100,212.5243351329118,212.5243351329118,229.59397546947,231.99568581185304,232.22389395232312,232.28094598744065,68.2843857403078,68.2843857403078,68.27885085291163,68.44611242625186,68.46158031134331,6972.678523423383,6972.678523423383,6989.788257924374,7007.282951439265,7009.744771861006,1774785915.3021123,1774785922.312709,1774785915.395932,1774785922.312709,101,51.0,1616,816.0,7,112,213.4899755081398,230.057,102.178,1476.662631820441,156.07853106369535,1079.5604519725912,57.41144444444444
101,3,60,100,1,True,2048,64,20260329,20260329,cp1_mbt2048_mns64,100,100,100,289.32622430923703,289.32622430923703,299.1221940610558,331.5810478583444,339.6720435435418,343.51174999028444,68.95949661068113,68.95949661068113,68.92916842921157,69.37291734361541,69.40766287265544,7116.31638876667,7116.31638876667,7115.976759523619,7183.971241739346,7191.74120421987,1774785923.3375478,1774785930.555382,1774785923.477253,1774785930.555382,101,51.0,6060,3060.0,7,420,215.5135285040922,238.097,90.804,1525.4325674443246,158.10208405964772,1119.066954540756,57.41144444444444
102,1,48,40,1,True,2048,64,20260329,20260329,cp1_mbt2048_mns64,40,40,40,336.1513082248469,336.1513082248469,366.7887899791822,382.0606455556117,385.01761332852766,385.42684703134,68.34620397234968,68.34620397234968,68.33636602655483,68.94781544882183,69.0769393166575,3001.6532631464847,3001.6532631464847,3029.7122654737905,3064.53991914168,3066.502012772253,1774785931.4789796,1774785934.5523524,1774785931.5900617,1774785934.5523524,41,21.0,1968,1008.0,3,144,192.59544241339933,235.442,74.971,570.5237002217767,135.1839979689549,400.4543086044256,57.41144444444444
103,1,6,50,1,True,2048,64,20260329,20260329,cp1_mbt2048_mns64,50,50,50,145.66696235366786,145.66696235366786,167.67865052679554,168.79244823940098,168.80895202048123,168.8130779657513,67.87862892493885,67.87862892493885,67.87638789712813,67.93432648481364,67.94359589325816,3471.719779675672,3471.719779675672,3492.3978759907186,3496.698156057392,3497.0235824701376,1774785935.4201992,1774785938.9184694,1774785935.5211136,1774785938.9184694,51,26.0,306,156.0,4,24,194.5848421567273,227.264,88.37,661.0739411021467,137.17339771228285,466.0268376248541,57.41144444444444
104,1,2,150,1,True,2048,64,20260329,20260329,cp1_mbt2048_mns64,150,150,150,90.68699955241756,90.68699955241756,90.68699955241756,90.88780978345312,90.9056595817674,90.91012203134596,66.79297168426615,66.79297168426615,66.79297168426615,66.80397526532937,66.80495336142387,10042.839780508077,10042.839780508077,10042.839780508077,10044.278503855458,10044.406390375225,1774785939.7754855,1774785949.819923,1774785939.8659492,1774785949.819923,151,76.0,302,152.0,10,20,219.10188639994223,230.265,105.646,2180.93443021357,161.69044195549782,1609.4624181076283,57.41144444444444
105,3,60,40,1,True,2048,64,20260329,20260329,cp1_mbt2048_mns64,40,40,40,303.27786541699123,303.27786541699123,295.075497997459,398.92310490249656,400.3998231550213,401.8162910360843,69.89642300097765,69.89642300097765,69.69510803882702,71.32876434912666,71.56527809043511,3029.23836245512,3029.23836245512,3022.690345998853,3142.058760399232,3168.700350784929,1774785950.7322433,1774785953.923056,1774785950.9269335,1774785953.923056,41,21.0,2460,1260.0,3,180,196.7526977078932,237.536,97.675,589.4951570380925,139.34125326344866,417.48344460501926,57.41144444444444
106,1,2,300,1,True,2048,64,20260329,20260329,cp1_mbt2048_mns64,300,300,300,91.2797360215336,91.2797360215336,91.2797360215336,91.29299755441023,91.29417635733262,91.2944710580632,66.79928878261505,66.79928878261505,66.79928878261505,66.80287646248868,66.80319536736633,20064.267082023434,20064.267082023434,20064.267082023434,20065.35305983853,20065.449591199867,1774785954.7884378,1774785974.8540745,1774785954.879702,1774785974.8540745,301,151.0,602,302.0,19,38,225.5195599733832,230.87,102.851,4504.611671445484,168.10811552893873,3357.854100840471,57.41144444444444
107,4,12,150,1,True,2048,64,20260329,20260329,cp1_mbt2048_mns64,150,150,150,200.12748598431548,200.12748598431548,227.1407744847238,230.5959816381801,231.0979235789273,231.2234090641141,68.15381412636812,68.15381412636812,68.14078114076749,68.23035185600337,68.23862441677925,10355.045790813165,10355.045790813165,10381.016339932105,10393.695642374223,10394.75834046374,1774785975.7273176,1774785986.1246698,1774785975.8212762,1774785986.1246698,151,76.0,1812,912.0,10,120,219.02892316770365,230.192,110.519,2256.7412057003744,161.6174787232592,1665.208496308595,57.41144444444444
108,2,40,100,1,True,2048,64,20260329,20260329,cp1_mbt2048_mns64,100,100,100,280.1494005136192,280.1494005136192,256.5932144643739,326.0981940838974,328.87433845433407,329.060971038416,67.74118553762997,67.74118553762997,67.72865288869733,68.00870485803715,68.0297743802481,6986.526768738986,6986.526768738986,6984.575066482648,7039.804818842094,7043.85249568033,1774785987.0323098,1774785994.0781949,1774785987.1563797,1774785994.0781949,101,51.0,4040,2040.0,7,280,217.463630911256,235.728,91.773,1505.243108371378,160.05218646681152,1107.8516883462412,57.41144444444444
109,4,24,50,1,True,2048,64,20260329,20260329,cp1_mbt2048_mns64,50,50,50,230.8387085843909,230.8387085843909,239.5666114753112,242.7967233175877,243.91316280933097,244.18086605146527,67.92810758069747,67.92810758069747,67.87663590690426,68.43520035950601,68.49788950582757,3559.315980038567,3559.315980038567,3567.509564454668,3594.2500408913475,3596.501675723121,1774785994.9753914,1774785998.5728185,1774785995.0798056,1774785998.5728185,51,26.0,1224,624.0,4,96,197.83192108128452,233.075,87.48,691.0294533817765,140.42047663684014,490.49053703570337,57.41144444444444
110,5,56,300,1,True,2048,64,20260329,20260329,cp1_mbt2048_mns64,300,300,300,285.25538087913964,285.25538087913964,290.0385704706423,327.6546342240181,334.7580300294794,335.1698210462928,68.89723777974348,68.89723777974348,68.87583319217677,69.0382290057243,69.05539804550952,20885.52947702244,20885.52947702244,20893.009411054663,20950.19806723576,20963.13298245077,1774785999.5836043,1774786020.5735843,1774785999.7152884,1774786020.5735843,301,151.0,16856,8456.0,19,1064,231.45296807406427,238.672,96.356,4827.714499075056,174.04152362961986,3630.209601801092,57.41144444444444
111,3,6,300,1,True,2048,64,20260329,20260329,cp1_mbt2048_mns64,300,300,300,185.8242656841564,185.8242656841564,229.750813508872,231.22552476706915,231.3138657656964,231.3359510153532,67.92123188736299,67.92123188736299,67.91991844304516,67.93282823333436,67.93338309694704,20494.27260000569,20494.27260000569,20537.30075154453,20542.80434528482,20543.32804750302,1774786021.4425118,1774786041.9863057,1774786021.5391088,1774786041.9863057,301,151.0,1806,906.0,19,114,222.90478886261783,229.52,83.25,4557.778121301295,165.49334441817345,3383.875008961852,57.41144444444444
112,1,64,300,1,True,2048,64,20260329,20260329,cp1_mbt2048_mns64,300,300,300,301.76937428586825,301.76937428586825,326.9731455366127,347.3742985341232,349.2700934736058,349.4001739891246,69.4333654792294,69.4333654792294,69.42611683279208,69.59334410124312,69.61658575046452,21062.34565257546,21062.34565257546,21078.894615522586,21131.653076945804,21143.022236919496,1774786042.9203146,1774786064.080587,1774786043.053306,1774786064.080587,301,151.0,19264,9664.0,19,1216,233.21443931009497,240.477,82.341,4903.865503735895,175.80299486565053,3696.658939838656,57.41144444444444
113,2,12,20,1,True,2048,64,20260329,20260329,cp1_mbt2048_mns64,20,20,20,214.98530984778577,214.98530984778577,225.5745729780756,228.1284413649701,228.37236108956856,228.43334102071825,68.58241123100335,68.58241123100335,68.56497184152862,69.18644079675065,69.31751556798669,1518.0511232368492,1518.0511232368492,1529.9140309798531,1539.483344560722,1541.1995504808149,1774786064.9660594,1774786066.5101335,1774786065.057765,1774786066.5101335,21,11.0,252,132.0,2,24,143.777419258017,219.748,80.536,208.8178287115097,86.36597481357258,125.4352416964637,57.41144444444444
114,4,60,75,1,True,2048,64,20260329,20260329,cp1_mbt2048_mns64,75,75,75,289.1338611312676,289.1338611312676,270.10675199562684,344.9452606088016,348.7838516931515,351.71389498282224,69.21941692364582,69.21941692364582,69.24630545246464,69.67883800184731,69.97340023034643,5411.370713481058,5411.370713481058,5411.201090959366,5485.5483481427655,5493.731740321964,1774786067.492323,1774786072.992929,1774786067.639086,1774786072.992929,76,38.5,4560,2310.0,5,300,212.3553386877776,239.239,69.031,1136.9171379631755,154.94389424333318,829.5452795137961,57.41144444444444
115,4,12,50,1,True,2048,64,20260329,20260329,cp1_mbt2048_mns64,50,50,50,211.441733748264,211.441733748264,228.41961547965184,231.45553992362693,231.8165384442545,231.90678807441145,68.11641275504174,68.11641275504174,68.22274735777125,68.43999293074488,68.46548777817256,3549.1459587453087,3549.1459587453087,3570.7404974964447,3581.902113836258,3582.5426851585507,1774786073.8722625,1774786077.4570265,1774786073.9901166,1774786077.4570265,51,26.0,612,312.0,4,48,196.15693881296085,230.785,85.625,680.0584302617308,138.7454943685164,481.0181259818206,57.41144444444444
116,2,24,200,1,True,2048,64,20260329,20260329,cp1_mbt2048_mns64,200,200,200,223.63726972253065,223.63726972253065,229.14660454262048,234.35250752954744,234.9427246977575,235.0779150146991,67.70002867204471,67.70002867204471,67.69774908793099,67.83248087509428,67.85397792497098,13695.942975459426,13695.942975459426,13703.061960462946,13729.210785689063,13730.693567480192,1774786078.364314,1774786092.1010203,1774786078.460754,1774786092.1010203,201,101.0,4824,2424.0,13,312,224.9902300252,234.2,90.943,3068.9266790936585,167.57878558075558,2285.819281402992,57.41144444444444
117,3,24,100,1,True,2048,64,20260329,20260329,cp1_mbt2048_mns64,100,100,100,281.2707777096269,281.2707777096269,313.1422260776162,317.7785213221796,318.9448492764496,319.28733398672193,67.61703275768117,67.61703275768117,67.6253366518079,67.77167549918906,67.81411820458192,6975.357020720064,6975.357020720064,6997.601153561845,7025.632165157003,7028.457775457064,1774786092.9993987,1774786100.0318258,1774786093.120424,1774786100.0318258,101,51.0,2424,1224.0,7,168,215.087429763012,234.018,87.746,1486.5556381782696,157.67598531856757,1089.762080651999,57.41144444444444
118,4,60,300,1,True,2048,64,20260329,20260329,cp1_mbt2048_mns64,300,300,300,299.31407114296843,299.31407114296843,313.0890515167266,332.35545464558527,335.2708653965965,335.8012990793213,69.23745255892652,69.23745255892652,69.22614561856403,69.39926074627385,69.42715587409408,21001.312386262,21001.312386262,21009.85036295606,21063.05875735125,21069.61495687603,1774786100.987126,1774786122.073715,1774786101.1215444,1774786122.073715,301,151.0,18060,9060.0,19,1140,232.56580861202832,240.318,68.662,4872.758500191329,175.15436416758388,3669.864121200229,57.41144444444444
119,3,6,75,1,True,2048,64,20260329,20260329,cp1_mbt2048_mns64,75,75,75,202.748116493846,202.748116493846,224.86506850691512,225.9393066924531,226.13622048520483,226.1854489333928,67.948414731733,67.948414731733,67.94671297963784,68.01354562481424,68.02164423822211,5230.930806642088,5230.930806642088,5253.070222504903,5258.226808189647,5258.569834387163,1774786122.9462712,1774786128.20582,1774786123.037064,1774786128.20582,76,38.5,456,231.0,5,30,207.2332911260096,228.833,87.789,1071.138318595886,149.82184668156518,774.3925701871975,57.41144444444444
120,4,2,150,1,True,2048,64,20260329,20260329,cp1_mbt2048_mns64,150,150,150,90.16394952777772,90.16394952777772,90.16394952777772,90.1757435989566,90.17679196083918,90.17705405130982,66.79727795655721,66.79727795655721,66.79727795655721,66.8052483715692,66.8059568529036,10042.9583650548,10042.9583650548,10042.9583650548,10044.157750962768,10044.264363043476,1774786129.0896745,1774786139.1341372,1774786129.1798253,1774786139.1341372,151,76.0,302,152.0,10,20,220.18559572275524,231.599,96.999,2191.796084192991,162.77415127831077,1620.3046625668471,57.41144444444444
121,5,56,10,1,True,2048,64,20260329,20260329,cp1_mbt2048_mns64,10,10,10,282.00448845538114,282.00448845538114,293.1669370736927,324.6429062855896,342.3016134125646,342.69196598324925,72.901073531183,72.901073531183,72.63681278305336,77.81160219262044,79.10138957474071,938.114150236028,938.114150236028,941.4641660405324,1005.9069297276436,1024.3114784068894,1774786140.1388075,1774786141.193165,1774786140.2809677,1774786141.193165,11,6.0,616,336.0,1,56,120.52931536450416,202.062,88.284,109.94652224826812,63.11787092005972,57.57595468280049,57.41144444444444
122,5,24,20,1,True,2048,64,20260329,20260329,cp1_mbt2048_mns64,20,20,20,217.9951985453954,217.9951985453954,234.65483949985355,237.42173325154,238.1104564329144,238.29680494964123,68.70613631377765,68.70613631377765,68.5153229462326,70.16534234556418,70.29007035332094,1523.4117885071707,1523.4117885071707,1536.5048054954968,1570.8449774829205,1572.851327357348,1774786142.0872204,1774786143.6636145,1774786142.1873133,1774786143.6636145,21,11.0,504,264.0,2,48,158.07704004453447,233.058,97.312,233.36932284116745,100.66559560009004,148.6127389023569,57.41144444444444
123,1,6,40,1,True,2048,64,20260329,20260329,cp1_mbt2048_mns64,40,40,40,228.0996564853316,228.0996564853316,250.4540194640868,251.2404919543769,251.24800793710165,251.24988693278283,67.91364257751255,67.91364257751255,67.90480059004412,68.03910305219081,68.05381423134047,2876.731717008321,2876.731717008321,2898.8591365050524,2904.56987998914,2905.0889423815534,1774786144.5309412,1774786147.4361598,1774786144.647263,1774786147.4361598,41,21.0,246,126.0,3,18,184.3079282498941,227.699,86.773,514.0157911425828,126.89648380544963,353.9011975004804,57.41144444444444
124,2,56,75,1,True,2048,64,20260329,20260329,cp1_mbt2048_mns64,75,75,75,266.3567916066053,266.3567916066053,257.2859674692154,326.60217725788243,332.76816397556104,333.2542929565534,68.94874084073624,68.94874084073624,68.89287749387174,69.85747931026413,69.97702863032778,5368.563613821088,5368.563613821088,5370.374874502886,5431.505137763452,5439.445311692543,1774786148.3795266,1774786153.828148,1774786148.5120432,1774786153.828148,76,38.5,4256,2156.0,5,280,214.14014760012617,236.85,90.776,1138.3914345152382,156.72870315568173,833.1861877123519,57.41144444444444
125,4,40,200,1,True,2048,64,20260329,20260329,cp1_mbt2048_mns64,200,200,200,227.86201200506184,227.86201200506184,233.07477647904307,243.2338493061252,244.52226160443388,244.5975620066747,67.8582195205738,67.8582195205738,67.85009266579308,68.04649069997126,68.06833383401425,13731.647696599248,13731.647696599248,13738.012336951217,13773.084910021862,13775.74881905457,1774786154.8351097,1774786168.6265018,1774786154.9432983,1774786168.6265018,201,101.0,8040,4040.0,13,520,226.49791374762395,235.928,100.454,3099.2170367993035,169.0864693031795,2313.6445616031806,57.41144444444444
126,5,60,20,1,True,2048,64,20260329,20260329,cp1_mbt2048_mns64,20,20,20,296.2819527698836,296.2819527698836,309.8579299985431,333.86867617373355,338.7452757440042,341.0919989692047,70.88261209081107,70.88261209081107,70.52227352611035,73.43660314616405,73.58473368828479,1643.0515824952938,1643.0515824952938,1659.6314354683273,1713.6327636253554,1726.793076545,1774786169.624504,1774786171.364528,1774786169.7580829,1774786171.364528,21,11.0,1260,660.0,2,120,161.6585372642503,237.711,91.597,259.6955608713627,104.24709281980589,167.4672287476858,57.41144444444444
127,1,60,75,1,True,2048,64,20260329,20260329,cp1_mbt2048_mns64,75,75,75,362.3323107662145,362.3323107662145,377.4611695553176,390.7143869146239,397.01533749350347,398.9261380629614,69.12861064095826,69.12861064095826,69.05937848008566,69.8666113621486,69.92511054985476,5477.849498197126,5477.849498197126,5487.71472403314,5549.340638983995,5561.014060165035,1774786172.298069,1774786177.8630245,1774786172.5025947,1774786177.8630245,76,38.5,4560,2310.0,5,300,217.5620834238673,238.476,104.203,1166.22626745832,160.1506389794229,858.4762518759173,57.41144444444444
128,2,64,10,1,True,2048,64,20260329,20260329,cp1_mbt2048_mns64,10,10,10,274.22863664105535,274.22863664105535,272.99671003129333,324.5656539918854,327.3591378016863,329.52092797495425,74.27139581745399,74.27139581745399,73.63792466801695,80.84739184640864,81.77392873395648,942.6711989981412,942.6711989981412,950.2689215005375,1025.209405249916,1028.2346574298572,1774786178.8583229,1774786179.9235623,1774786178.9862416,1774786179.9235623,11,6.0,704,384.0,1,64,121.05143942564598,170.486,93.809,113.4640210555792,63.639994981201546,59.65108523107901,57.41144444444444
129,3,56,50,1,True,2048,64,20260329,20260329,cp1_mbt2048_mns64,50,50,50,291.1299901877231,291.1299901877231,308.79851698409766,324.1550167731475,326.19867852772586,326.7584790010005,69.02598670267014,69.02598670267014,68.96027949001945,69.87671106958723,69.98125960092935,3673.40333861856,3673.40333861856,3683.03700798424,3742.274881689809,3750.822783622425,1774786180.859259,1774786184.614757,1774786180.9723496,1774786184.614757,51,26.0,2856,1456.0,4,224,203.32710880852883,236.681,93.954,740.6001692618134,145.91566436408436,531.4842981796135,57.41144444444444
130,3,60,150,1,True,2048,64,20260329,20260329,cp1_mbt2048_mns64,150,150,150,827.2292748229423,827.2292748229423,1077.775237034075,1222.6886570104398,1226.5851848106831,1226.8302560551092,68.92759669299959,68.92759669299959,68.89519577528719,69.24114688401167,69.36324944058683,11097.44118207988,11097.44118207988,11342.610240972135,11485.838181787403,11492.78069588472,1774786185.5430698,1774786197.0466852,1774786186.4915166,1774786197.0466852,151,76.0,9060,4560.0,10,600,223.74108565807973,238.333,85.097,2361.624888287793,166.32964121363534,1755.637410959864,57.41144444444444
131,2,40,50,1,True,2048,64,20260329,20260329,cp1_mbt2048_mns64,50,50,50,225.6416529766284,225.6416529766284,228.4634659881704,239.6286509523634,239.97543353936635,240.08004600182176,68.39741949504004,68.39741949504004,68.38822188758652,69.20432624007974,69.30495089656503,3577.1152082335902,3577.1152082335902,3582.004136929754,3617.469392466592,3631.6382586502,1774786198.0593095,1774786201.6936123,1774786198.159937,1774786201.6936123,51,26.0,2040,1040.0,4,160,197.7190735583764,234.33,68.119,698.675079851508,140.30762911393194,495.801655402806,57.41144444444444
132,4,12,20,1,True,2048,64,20260329,20260329,cp1_mbt2048_mns64,20,20,20,205.3348573972471,205.3348573972471,231.899825448636,233.482605824247,234.1519042942673,234.3192289117724,68.13171020608901,68.13171020608901,68.13800157856588,68.74144216968776,68.77237685312714,1499.8373513129384,1499.8373513129384,1524.5054019615054,1538.1587936659344,1539.175469095353,1774786202.5672572,1774786204.1078422,1774786202.6810737,1774786204.1078422,21,11.0,252,132.0,2,24,148.25963202602986,211.265,87.509,211.53217892479955,90.8481875815854,129.61933607880331,57.41144444444444
133,3,16,50,1,True,2048,64,20260329,20260329,cp1_mbt2048_mns64,50,50,50,207.7514993798104,207.7514993798104,232.5056244735606,236.51643673656508,236.77582576638088,236.8406730238348,68.05527825855854,68.05527825855854,68.01510115310892,68.2702298966303,68.30448769424966,3542.460134049179,3542.460134049179,3566.451488470193,3581.513781682588,3581.8288387032226,1774786204.998737,1774786208.5821557,1774786205.0974374,1774786208.5821557,51,26.0,816,416.0,4,64,196.69755125780924,229.892,90.695,685.4355609089135,139.2861068133648,485.37284851759,57.41144444444444
134,3,56,100,1,True,2048,64,20260329,20260329,cp1_mbt2048_mns64,100,100,100,296.88501081961607,296.88501081961607,305.9940745588392,319.1233314864803,321.8356109689921,322.86766392644495,68.57584250884176,68.57584250884176,68.5205948339173,69.04628699218544,69.09793600166039,7085.89341919495,7085.89341919495,7089.519438042771,7144.998132251203,7152.219481940847,1774786209.505814,1774786216.6636722,1774786209.62511,1774786216.6636722,101,51.0,5656,2856.0,7,392,219.0459113081306,236.777,85.608,1541.7682928252605,161.63446686368616,1137.6742644951464,57.41144444444444
135,4,48,20,1,True,2048,64,20260329,20260329,cp1_mbt2048_mns64,20,20,20,293.08073652888805,293.08073652888805,298.26613498153165,373.0323807976673,398.9337833679747,399.4040790712461,69.04458560842485,69.04458560842485,69.03231426105393,70.36239540627177,70.6123196844036,1604.9278630889603,1604.9278630889603,1609.393221500795,1706.5907324082218,1735.5702051334083,1774786217.5894728,1774786219.3298304,1774786217.7812629,1774786219.3298304,21,11.0,1008,528.0,2,96,156.23159315624565,234.965,96.269,241.93517286765567,98.8201487118012,153.0296739500496,57.41144444444444
136,1,24,50,1,True,2048,64,20260329,20260329,cp1_mbt2048_mns64,50,50,50,322.91275313279283,322.91275313279283,363.33965096855536,366.7709034343716,368.5063194995746,368.9968260005117,67.4763938052133,67.4763938052133,67.43413062257768,67.83941956343871,67.90664742667495,3629.256049588245,3629.256049588245,3664.76540255826,3688.365703675663,3689.167157387128,1774786220.22585,1774786223.9202626,1774786220.3414743,1774786223.9202626,51,26.0,1224,624.0,4,96,200.81940714145577,232.542,112.272,718.6900928931237,143.40796269701133,513.226702037467,57.41144444444444
137,1,24,300,1,True,2048,64,20260329,20260329,cp1_mbt2048_mns64,300,300,300,226.1494320361332,226.1494320361332,231.76873347256333,236.51224662316963,237.1204592566937,237.28847492020577,67.51635509036707,67.51635509036707,67.51222234456037,67.6086761012407,67.62182611384176,20413.539604055888,20413.539604055888,20422.56003501825,20444.11064259475,20450.008062320994,1774786224.8261712,1774786245.2804627,1774786224.9245665,1774786245.2804627,301,151.0,7224,3624.0,19,456,227.40305356483188,233.984,98.535,4628.99301599408,169.99160912038744,3460.3315965215443,57.41144444444444
138,3,48,75,1,True,2048,64,20260329,20260329,cp1_mbt2048_mns64,75,75,75,248.4919856142369,248.4919856142369,254.42851899424568,279.11440121242777,281.6879282752052,282.07904391456395,68.54040588563998,68.54040588563998,68.5696454736014,69.1019228705979,69.1770520037814,5320.482021151595,5320.482021151595,5322.99644354498,5384.767951269168,5396.786713741021,1774786246.257543,1774786251.6597674,1774786246.4014475,1774786251.6597674,76,38.5,3648,1848.0,5,240,211.7576800882545,235.849,101.756,1113.489613600972,154.34623564381,811.6018753896581,57.41144444444444
139,2,60,75,1,True,2048,64,20260329,20260329,cp1_mbt2048_mns64,75,75,75,289.1097992367577,289.1097992367577,304.2013115482405,320.99096242454834,328.71042962302454,332.4984189821407,69.05824784116048,69.05824784116048,69.03196409473674,69.59375902307157,69.65141351847606,5399.420139482633,5399.420139482633,5411.408036539797,5467.0989216072485,5471.616255618865,1774786252.6701696,1774786258.1552022,1774786252.7945788,1774786258.1552022,76,38.5,4560,2310.0,5,300,214.3104730338148,237.813,98.625,1148.837727969176,156.89902858937035,841.0765977673066,57.41144444444444
140,3,56,40,1,True,2048,64,20260329,20260329,cp1_mbt2048_mns64,40,40,40,363.6490208196587,363.6490208196587,376.56454846728593,392.4310255097225,393.861023458885,394.3455850239843,69.37635810269664,69.37635810269664,69.3027453843313,70.61420162193454,70.87612373303645,3069.326986824828,3069.326986824828,3085.6658164411783,3129.9997157184407,3137.907268787967,1774786259.0790436,1774786262.229632,1774786259.2560775,1774786262.229632,41,21.0,2296,1176.0,3,168,196.1881146250025,236.347,84.834,583.3760261321066,138.77667018055803,412.6599744562836,57.41144444444444
141,1,12,40,1,True,2048,64,20260329,20260329,cp1_mbt2048_mns64,40,40,40,212.3224473228523,212.3224473228523,229.23588252160692,230.81409860169515,230.9415828878992,230.97345395945013,68.30924982901536,68.30924982901536,68.30727591071852,68.62573703133071,68.62933698793849,2876.383190654451,2876.383190654451,2893.424276029691,2905.906954256352,2906.5120756509714,1774786263.1114895,1774786266.0191984,1774786263.205665,1774786266.0191984,41,21.0,492,252.0,3,36,187.27653847319675,229.416,93.597,526.9087337993384,129.8650940287523,365.3797363902861,57.41144444444444
142,1,6,200,1,True,2048,64,20260329,20260329,cp1_mbt2048_mns64,200,200,200,190.89711434207857,190.89711434207857,224.506278987974,225.0369755493012,225.05544956657104,225.0600680708885,67.91059914408908,67.91059914408908,67.90539895210078,67.93209534543848,67.93439665697538,13705.106344015803,13705.106344015803,13737.391654460223,13743.093619530557,13743.43066791771,1774786266.8827152,1774786280.6267612,1774786266.9731674,1774786280.6267612,201,101.0,1206,606.0,13,78,219.5859366299576,228.21,95.502,2998.1371782410893,162.17449218551317,2214.264637553396,57.41144444444444
143,1,6,75,1,True,2048,64,20260329,20260329,cp1_mbt2048_mns64,75,75,75,229.2856785158316,229.2856785158316,240.46854802872983,240.9101065422874,241.0006877442356,241.02333304472268,67.95604937150864,67.95604937150864,67.95104415505193,68.03794174669059,68.0444378953276,5258.033332007472,5258.033332007472,5268.924054980744,5275.353526551044,5275.853913341416,1774786281.489781,1774786286.7659717,1774786281.6628935,1774786286.7659717,76,38.5,456,231.0,5,30,204.0556864376244,227.583,92.205,1041.3121101309057,146.64424199317995,748.3370237523048,57.41144444444444
144,4,2,200,1,True,2048,64,20260329,20260329,cp1_mbt2048_mns64,200,200,200,91.40427550300956,91.40427550300956,91.40427550300956,91.59665275365114,91.61375295370816,91.61802800372244,66.79491656797296,66.79491656797296,66.79491656797296,66.80123443222703,66.80179602016072,13383.59267252963,13383.59267252963,13383.59267252963,13385.04230476683,13385.171160965692,1774786287.6230426,1774786301.008245,1774786287.7144475,1774786301.008245,201,101.0,402,202.0,13,26,221.7240150455017,230.702,111.712,2947.5541553455632,164.31257060105733,2184.3380391215924,57.41144444444444
145,2,24,40,1,True,2048,64,20260329,20260329,cp1_mbt2048_mns64,40,40,40,219.6597682244222,219.6597682244222,228.02148043410853,230.77890133135952,231.84648336376995,232.15756204444915,68.1466963644633,68.1466963644633,68.13642039793567,68.83964817015789,68.85568488132543,2877.380926438491,2877.380926438491,2887.281551025808,2913.5771522240248,2915.006337169325,1774786301.8962946,1774786304.8136787,1774786301.989261,1774786304.8136787,41,21.0,984,504.0,3,72,191.6553883267476,232.571,94.726,541.314895912409,134.24394388230317,379.1609886053935,57.41144444444444
146,4,64,50,1,True,2048,64,20260329,20260329,cp1_mbt2048_mns64,50,50,50,290.8448342986958,290.8448342986958,302.64291702769697,327.4934532935731,329.4433126889635,329.632411012426,69.70355102217879,69.70355102217879,69.5343933671675,70.79857988092972,70.89753868055948,3706.318834385456,3706.318834385456,3716.597600025125,3783.699642214924,3791.5824501845054,1774786305.779847,1774786309.5855353,1774786305.9072783,1774786309.5855353,51,26.0,3264,1664.0,4,256,203.09988994986807,237.374,98.611,747.05358957684,145.68844550542363,535.879542827725,57.41144444444444
147,2,24,100,1,True,2048,64,20260329,20260329,cp1_mbt2048_mns64,100,100,100,221.3835945149185,221.3835945149185,227.0776880905032,230.8456683473196,231.07197927311063,231.0986450174824,67.73239740050792,67.73239740050792,67.71396295957719,67.98644128145011,68.00259835447768,6926.890937165202,6926.890937165202,6932.984532497358,6957.77870080783,6959.702961369185,1774786310.4714563,1774786317.4332936,1774786310.563217,1774786317.4332936,101,51.0,2424,1224.0,7,168,214.0700287454985,232.859,79.214,1470.6775073068147,156.6585843010541,1076.256483022187,57.41144444444444
148,4,48,100,1,True,2048,64,20260329,20260329,cp1_mbt2048_mns64,100,100,100,280.6384285140666,280.6384285140666,285.26285995030776,353.3034193853382,357.2384404356126,357.3057430330664,68.20254805927523,68.20254805927523,68.18221579247032,68.47695991287544,68.50336794641498,7032.690686382314,7032.690686382314,7038.998029485811,7087.544556549983,7123.871236528503,1774786318.3499053,1774786325.4882789,1774786318.5021324,1774786325.4882789,101,51.0,4848,2448.0,7,336,217.56203291105635,236.212,83.583,1519.9202238856549,160.1505884666119,1118.835465088274,57.41144444444444
149,3,6,40,1,True,2048,64,20260329,20260329,cp1_mbt2048_mns64,40,40,40,202.38576115419468,202.38576115419468,224.6184929390438,225.12648269184865,225.1846420869697,225.19918193574995,67.97562374805028,67.97562374805028,67.9734774495069,68.09891939225894,68.11206740736127,2853.435087328156,2853.435087328156,2875.584113469813,2880.8389405021444,2881.293553696014,1774786326.3570888,1774786329.2389317,1774786326.4478283,1774786329.2389317,41,21.0,246,126.0,3,18,186.7718606781174,227.837,90.609,521.2995684593919,129.36041623367296,361.05829279368487,57.41144444444444
150,4,60,10,1,True,2048,64,20260329,20260329,cp1_mbt2048_mns64,10,10,10,278.1122409563977,278.1122409563977,271.24989696312696,333.7855896563269,345.7499892124906,346.80182998999953,73.5278260581523,73.5278260581523,73.0017222231254,78.45834161724068,83.47011104640033,939.8626754797684,939.8626754797684,938.1336429505608,1002.1411183523014,1024.8789259418843,1774786330.2429729,1774786331.283932,1774786330.3838158,1774786331.283932,11,6.0,660,360.0,1,60,117.2271519622892,177.129,100.358,105.51805917251112,59.81570751784476,53.84108766323993,57.41144444444444
151,2,60,10,1,True,2048,64,20260329,20260329,cp1_mbt2048_mns64,10,10,10,364.660891603368,364.660891603368,376.8262039520778,388.039463077439,390.562697914429,391.3227099692449,73.3994251750927,73.3994251750927,73.17050894360162,78.52567742682166,79.50205245766685,1025.2557181792024,1025.2557181792024,1030.8065270073712,1087.0610150974244,1092.323941247305,1774786332.216427,1774786333.31541,1774786332.3579564,1774786333.31541,11,6.0,660,360.0,1,60,124.51412301589376,185.383,108.426,119.21648154914378,67.10267857144932,64.24769373985131,57.41144444444444
152,2,2,100,1,True,2048,64,20260329,20260329,cp1_mbt2048_mns64,100,100,100,90.29962704516949,90.29962704516949,90.29962704516949,90.46133721712977,90.47571145463736,90.47930501401424,66.57369028203038,66.57369028203038,66.57369028203038,66.58624310911905,66.58735891597138,6681.094964966178,6681.094964966178,6681.094964966178,6682.499405019917,6682.6242441358045,1774786334.1795042,1774786340.862159,1774786334.2698388,1774786340.862159,101,51.0,202,102.0,7,14,211.7408620969943,230.195,109.137,1395.8635631680493,154.32941765254986,1017.3889380286804,57.41144444444444
153,1,2,75,1,True,2048,64,20260329,20260329,cp1_mbt2048_mns64,75,75,75,123.12678154557943,123.12678154557943,123.12678154557943,153.04017112357542,155.69913908606395,156.36388107668608,66.56631369559044,66.56631369559044,66.56631369559044,66.57250654156874,66.57305701676681,5049.033995019272,5049.033995019272,5049.033995019272,5078.489113994874,5081.107346792705,1774786341.720941,1774786346.802884,1774786341.8108306,1774786346.802884,76,38.5,152,77.0,5,10,207.3946836920088,230.355,109.523,1035.3253089758152,149.98323924756434,748.7243199819851,57.41144444444444
154,1,6,10,1,True,2048,64,20260329,20260329,cp1_mbt2048_mns64,10,10,10,153.0784104640285,153.0784104640285,164.12159596802667,164.62510768906213,164.70395268988796,164.7236639400944,68.30712696278675,68.30712696278675,68.27716288777688,68.83536858691109,68.88906536623836,767.8425531291092,767.8425531291092,778.8948934758082,783.7021451850887,784.1465865902137,1774786347.664916,1774786348.4500868,1774786347.7620122,1774786348.4500868,11,6.0,66,36.0,1,6,156.99354291190488,197.055,116.03,108.02326747953892,99.58209846746048,68.51991145241263,57.41144444444444
155,3,12,50,1,True,2048,64,20260329,20260329,cp1_mbt2048_mns64,50,50,50,214.2412728474786,214.2412728474786,233.71467302786183,237.2040065936744,237.27607330307364,237.29408998042345,67.91234442324307,67.91234442324307,67.97731032580784,68.17387712119165,68.18945304013086,3541.9461495863893,3541.9461495863893,3562.874346971512,3576.625833444996,3576.639812284848,1774786349.3367207,1774786352.9173844,1774786349.4686663,1774786352.9173844,51,26.0,612,312.0,4,48,195.8306105880813,229.212,92.438,675.3645655869244,138.41916614363686,477.3686796500814,57.41144444444444
156,3,60,75,1,True,2048,64,20260329,20260329,cp1_mbt2048_mns64,75,75,75,297.5785489950795,297.5785489950795,317.60245049372315,333.9229038101621,337.179818325676,337.3647580156103,68.82394459303092,68.82394459303092,68.76382576317425,69.34566148100546,69.4136777917565,5390.550448879367,5390.550448879367,5397.670815989841,5456.128227210138,5462.718720867997,1774786353.8589635,1774786359.3343253,1774786353.9927197,1774786359.3343253,76,38.5,4560,2310.0,5,300,213.29511467599696,237.731,83.538,1139.3383925074347,155.88367023155254,832.6690957247822,57.41144444444444
157,4,2,300,1,True,2048,64,20260329,20260329,cp1_mbt2048_mns64,300,300,300,91.03448753012344,91.03448753012344,91.03448753012344,91.03648960008286,91.03666756185704,91.03671205230056,66.57093830280516,66.57093830280516,66.57093830280516,66.57444323836685,66.57475478819457,19995.74504006887,19995.74504006887,19995.74504006887,19996.79101373185,19996.883989168564,1774786360.1995676,1774786380.19667,1774786360.2906036,1774786380.19667,301,151.0,602,302.0,19,38,224.365813485304,230.8,111.269,4466.2407850984255,166.95436904085952,3323.40475885156,57.41144444444444
158,5,40,150,1,True,2048,64,20260329,20260329,cp1_mbt2048_mns64,150,150,150,333.3625794999534,333.3625794999534,355.46394251286983,360.78224441735074,361.211156968493,361.2931650131941,67.71791492180192,67.71791492180192,67.72225601997089,68.0172246460484,68.04348564599704,10423.33190284844,10423.33190284844,10440.41029352229,10494.093719572991,10495.773901547072,1774786381.0917294,1774786391.59006,1774786381.3120227,1774786391.59006,151,76.0,6040,3040.0,10,400,223.91778947820265,235.654,93.389,2301.435394550561,166.50634503375818,1711.3584265498575,57.41144444444444
159,5,60,300,1,True,2048,64,20260329,20260329,cp1_mbt2048_mns64,300,300,300,295.7499835193933,295.7499835193933,293.412946513854,351.41224492108427,413.594410388032,413.7705590110272,68.9630116470373,68.9630116470373,68.96154869411664,69.06364236216227,69.07960028000983,20915.690465983545,20915.690465983545,20917.277656961232,20987.77483147569,21046.98864658945,1774786392.5209303,1774786413.5822957,1774786392.719208,1774786413.5822957,301,151.0,18060,9060.0,19,1140,233.3206484018289,240.661,95.927,4867.789139122017,175.9092039573845,3670.00914132829,57.41144444444444
160,1,60,100,1,True,2048,64,20260329,20260329,cp1_mbt2048_mns64,100,100,100,294.209273250696,294.209273250696,313.4342585108243,329.4779853953514,334.8713504965417,337.23773900419474,68.7328199068122,68.7328199068122,68.7155501012728,69.13785081300321,69.24771317170293,7098.758444025104,7098.758444025104,7111.841775011271,7167.026429739781,7178.158677992178,1774786414.6222928,1774786421.812996,1774786414.747062,1774786421.812996,101,51.0,6060,3060.0,7,420,221.59431568260223,240.087,99.654,1565.770849544287,164.18287123815782,1160.1053618514543,57.41144444444444
161,4,6,75,1,True,2048,64,20260329,20260329,cp1_mbt2048_mns64,75,75,75,144.30454501416534,144.30454501416534,166.18121101055294,167.41301846923307,167.60812845313922,167.65690594911575,67.70195538751773,67.70195538751773,67.70665202654797,67.73868273680942,67.74279688291466,5154.249243690477,5154.249243690477,5174.666915496346,5180.06322599831,5180.57263478986,1774786422.693499,1774786427.8745415,1774786422.7930484,1774786427.8745415,76,38.5,456,231.0,5,30,207.04873863688667,229.018,101.407,1052.1167448772192,149.63729419244223,760.380883817368,57.41144444444444
162,2,64,150,1,True,2048,64,20260329,20260329,cp1_mbt2048_mns64,150,150,150,308.2072656889068,308.2072656889068,292.1135305077769,422.2767286060844,425.795984051656,426.3829110423103,68.93404786034881,68.93404786034881,68.93472430208735,69.23106772857936,69.28250457791474,10579.38039688088,10579.38039688088,10578.494278539438,10720.534595189383,10734.945153540466,1774786428.8007703,1774786439.5519807,1774786429.0314667,1774786439.5519807,151,76.0,9664,4864.0,10,640,227.5101045021653,239.882,91.192,2393.5232421462533,170.09866005772085,1789.5253364547357,57.41144444444444
163,3,6,10,1,True,2048,64,20260329,20260329,cp1_mbt2048_mns64,10,10,10,263.2223898350882,263.2223898350882,291.33521602489054,291.85151297133416,291.87607856001705,291.8822199571878,67.58757079606531,67.58757079606531,68.10512633011159,68.82481322261609,68.8942125144725,871.510526999676,871.510526999676,904.6139694401064,910.6461213086732,911.127624346409,1774786440.4249966,1774786441.336854,1774786440.5469737,1774786441.336854,11,6.0,66,36.0,1,6,114.42328622911936,163.477,90.636,90.38069687616824,57.01184178467492,45.03252930854426,57.41144444444444
164,3,60,300,1,True,2048,64,20260329,20260329,cp1_mbt2048_mns64,300,300,300,297.6051022434452,297.6051022434452,312.6026800018735,326.43546569743194,330.66776222898625,331.7283350042999,68.98587136328871,68.98587136328871,68.97652299995269,69.14674226772024,69.16413838952938,20924.38063986677,20924.38063986677,20935.14055199921,20993.90719215735,20994.51620735461,1774786442.3152068,1774786463.323213,1774786442.4343235,1774786463.323213,301,151.0,18060,9060.0,19,1140,233.88912026291536,240.847,102.94,4885.684000390654,176.4776758184709,3686.422678417939,57.41144444444444
165,2,60,200,1,True,2048,64,20260329,20260329,cp1_mbt2048_mns64,200,200,200,325.3318340983242,325.3318340983242,327.8741165413521,413.26542487950064,416.0434387717396,418.1092600338161,68.77196200828261,68.77196200828261,68.7661570802228,68.98010608675216,69.01467941562181,14010.952273746563,14010.952273746563,14001.707760500722,14122.165130556095,14134.691661611432,1774786464.2765968,1774786478.4236026,1774786464.481502,1774786478.4236026,201,101.0,12060,6060.0,13,780,230.90733354067245,240.808,95.224,3219.33325616121,173.495889096228,2418.89712643692,57.41144444444444
166,2,24,75,1,True,2048,64,20260329,20260329,cp1_mbt2048_mns64,75,75,75,223.23732941489047,223.23732941489047,234.6965509932488,241.7254607309588,243.09034866746515,243.42183500994,67.60455094712319,67.60455094712319,67.59892889248157,68.0129069292987,68.04836038528387,5225.974099502007,5225.974099502007,5237.417949480005,5264.678386779269,5271.7792371311225,1774786479.4116387,1774786484.6902466,1774786479.517487,1774786484.6902466,76,38.5,1824,924.0,5,120,210.9248571099513,234.442,88.43,1091.0635653470754,153.51341266550688,794.0879687978824,57.41144444444444
167,2,16,75,1,True,2048,64,20260329,20260329,cp1_mbt2048_mns64,75,75,75,220.9264488410554,220.9264488410554,234.0021795243956,236.18167705717497,237.3744290729519,237.67261707689613,68.11372127953831,68.11372127953831,68.12579455436207,68.34164755835789,68.36739596541076,5261.341823526891,5261.341823526891,5276.114903041162,5291.469166317256,5294.572508480633,1774786485.5925684,1774786490.889288,1774786485.6918576,1774786490.889288,76,38.5,1216,616.0,5,80,208.13239303105635,231.351,89.649,1081.753620986222,150.7209485866119,783.3616359166028,57.41144444444444
168,4,48,300,1,True,2048,64,20260329,20260329,cp1_mbt2048_mns64,300,300,300,263.5927612476128,263.5927612476128,254.0279520326294,310.70427463855594,326.1256262974348,328.6219110013917,68.14671563282405,68.14671563282405,68.13857142142265,68.25180192953786,68.27026808685017,20639.46073546201,20639.46073546201,20649.63606599485,20686.26967869932,20693.11554285814,1774786491.8687286,1774786512.5865903,1774786491.992252,1774786512.5865903,301,151.0,14448,7248.0,19,912,231.60249734193823,238.567,91.706,4769.700263712884,174.19105289749382,3587.3495341241905,57.41144444444444
169,4,64,40,1,True,2048,64,20260329,20260329,cp1_mbt2048_mns64,40,40,40,280.9138389075088,280.9138389075088,290.3460939996876,322.43421748280525,335.6397863512393,339.5977331092581,69.42862319061906,69.42862319061906,69.34416355290568,70.54281085117671,70.7091426035652,2988.630143341652,2988.630143341652,2997.367129952181,3065.10046023177,3075.7131726504304,1774786513.602532,1774786516.6966453,1774786513.7365696,1774786516.6966453,41,21.0,2624,1344.0,3,192,196.23270311386844,238.844,94.388,580.8636397132873,138.821258669424,410.9214228859212,57.41144444444444
170,4,16,100,1,True,2048,64,20260329,20260329,cp1_mbt2048_mns64,100,100,100,215.9061005586409,215.9061005586409,231.7167190485634,236.1503250140231,236.2758858536836,236.3072760635987,68.03635977907695,68.03635977907695,68.01692765638833,68.18863794953101,68.19591775520074,6951.505718687258,6951.505718687258,6966.942655970343,6985.757156508043,6987.458078516647,1774786517.5827763,1774786524.5713615,1774786517.6799212,1774786524.5713615,101,51.0,1616,816.0,7,112,213.45404584742624,231.326,88.312,1471.0058332906967,156.0426014029818,1075.3582861095674,57.41144444444444
171,5,12,150,1,True,2048,64,20260329,20260329,cp1_mbt2048_mns64,150,150,150,214.07547917139405,214.07547917139405,225.1125184702687,226.27477913047187,226.36218863888644,226.38404101599008,67.96114763528342,67.96114763528342,67.96022368463744,68.03910933710766,68.04344733849624,10340.286476828624,10340.286476828624,10350.739922490902,10363.978887751,10364.652279174188,1774786525.4508352,1774786535.8173656,1774786525.541675,1774786535.8173656,151,76.0,1812,912.0,10,120,219.7735352853419,231.471,93.139,2258.3248408963696,162.36209084089748,1668.382603436816,57.41144444444444
172,4,56,200,1,True,2048,64,20260329,20260329,cp1_mbt2048_mns64,200,200,200,289.6360125263787,289.6360125263787,303.6539370077662,316.2053033011034,320.02731463871896,322.29952805209905,68.51979255128792,68.51979255128792,68.495165651147,68.75909769517983,68.78729634672573,13925.074730232674,13925.074730232674,13934.2127564596,13997.081605310086,14003.928482183255,1774786536.753591,1774786550.7601306,1774786536.866757,1774786550.7601306,201,101.0,11256,5656.0,13,728,229.4348011352009,239.036,109.649,3187.623438334465,172.02335669075646,2389.9847844150595,57.41144444444444
173,5,60,10,1,True,2048,64,20260329,20260329,cp1_mbt2048_mns64,10,10,10,805.9951104961025,805.9951104961025,889.8820275207981,909.2732439108656,955.5483177362476,959.7164889564738,72.66527865151012,72.66527865151012,72.45444289098182,78.2484508300614,78.50081281426053,1459.9826183596936,1459.9826183596936,1535.0107854465025,1594.6213230665307,1601.2878260377329,1774786551.7245164,1774786553.3380167,1774786552.4174745,1774786553.3380167,11,6.0,660,360.0,1,60,109.91773111658692,147.823,98.259,101.18391443347932,52.50628667214249,48.33425475475526,57.41144444444444
174,2,40,200,1,True,2048,64,20260329,20260329,cp1_mbt2048_mns64,200,200,200,231.9637971231714,231.9637971231714,237.36350651597604,249.1267998528201,252.1608406829182,252.1785580320284,67.8752139928498,67.8752139928498,67.87440933909585,68.05855612950306,68.08314707172313,13739.13138170028,13739.13138170028,13745.550132473,13788.502062368208,13791.79041661322,1774786554.3184853,1774786568.118049,1774786554.428254,1774786568.118049,201,101.0,8040,4040.0,13,520,226.3843733385904,236.105,98.017,3099.1556661121845,168.97292889414592,2313.2047600239384,57.41144444444444
175,5,48,200,1,True,2048,64,20260329,20260329,cp1_mbt2048_mns64,200,200,200,249.70582254900364,249.70582254900364,251.62837654352188,271.42625723499805,276.9312229612842,277.6965859811753,68.35571955349556,68.35571955349556,68.37485085917758,68.59187660434625,68.60745430153551,13852.49401369462,13852.49401369462,13851.399487932213,13901.636623678496,13909.741837689651,1774786569.095714,1774786583.0240788,1774786569.235185,1774786583.0240788,201,101.0,9648,4848.0,13,624,227.1636670207616,237.059,94.394,3132.3357111311,169.75222257631717,2340.695392855568,57.41144444444444
176,1,56,200,1,True,2048,64,20260329,20260329,cp1_mbt2048_mns64,200,200,200,261.47472285291377,261.47472285291377,257.6832270133309,317.70146373310126,323.9913345722016,324.62181500159204,68.67686888172814,68.67686888172814,68.67500344243359,68.8304046745735,68.87062681287799,13928.171630316812,13928.171630316812,13934.084977547172,13973.893926246092,13999.329846602632,1774786584.033534,1774786598.0495925,1774786584.1561396,1774786598.0495925,201,101.0,11256,5656.0,13,728,227.10054282970623,238.132,68.915,3155.210637310281,169.6890983852618,2357.567452677768,57.41144444444444
177,2,56,200,1,True,2048,64,20260329,20260329,cp1_mbt2048_mns64,200,200,200,298.0174597968081,298.0174597968081,309.7569609526545,322.8151520015672,324.4234077457804,324.7328569414094,68.75979832817492,68.75979832817492,68.75121269325945,68.98460354016574,68.9898167271167,13981.217327103615,13981.217327103615,13991.982435050886,14038.422268233262,14049.175681662746,1774786598.9758413,1774786613.027859,1774786599.0903256,1774786613.027859,201,101.0,11256,5656.0,13,728,228.18073988890364,238.608,79.66,3180.276678555484,170.76929544445915,2380.1027552973383,57.41144444444444
178,5,12,300,1,True,2048,64,20260329,20260329,cp1_mbt2048_mns64,300,300,300,198.3344212252026,198.3344212252026,225.9550835005939,228.76772409654225,228.8578000559937,228.8803190458566,68.20262140443745,68.20262140443745,68.19912624922284,68.24120972677365,68.24625629731953,20590.918221152,20590.918221152,20616.907653515227,20631.953014299503,20632.636406040983,1774786613.9099808,1774786634.5445378,1774786614.001212,1774786634.5445378,301,151.0,3612,1812.0,19,228,225.14885592276275,231.548,84.481,4625.3063234657,167.7374114783183,3445.8843097945137,57.41144444444444
179,1,12,20,1,True,2048,64,20260329,20260329,cp1_mbt2048_mns64,20,20,20,299.3887950918482,299.3887950918482,322.01615656958893,323.27313916175626,323.43632943811826,323.4771270072088,68.68579679397507,68.68579679397507,68.60714524028529,69.48749494653097,69.5556863535833,1604.4189341773745,1604.4189341773745,1625.2804990508594,1641.9126937689723,1642.5686299160589,1774786635.4464536,1774786637.091154,1774786635.6336565,1774786637.091154,21,11.0,252,132.0,2,24,137.9277445532407,211.479,69.021,201.02935621021663,80.51630010879627,117.35231390702536,57.41144444444444
180,5,40,20,1,True,2048,64,20260329,20260329,cp1_mbt2048_mns64,20,20,20,228.936849461752,228.936849461752,230.12478894088417,294.51141977333464,298.41290930402465,298.8060020143166,69.67240937427911,69.67240937427911,69.53461184227643,71.9938481104021,72.37375155458913,1552.7126275730552,1552.7126275730552,1558.3361164899543,1601.211213337956,1603.8388416310772,1774786638.0120077,1774786639.6274412,1774786638.1116977,1774786639.6274412,21,11.0,840,440.0,2,80,149.9851796712288,235.546,87.244,227.33906028815764,92.57373522678436,140.31803688840725,57.41144444444444
181,1,16,300,1,True,2048,64,20260329,20260329,cp1_mbt2048_mns64,300,300,300,218.22940151469084,218.22940151469084,226.06736095622185,229.14510522969067,229.3054834473878,229.3455780018121,68.3043659577817,68.3043659577817,68.30125909694237,68.35258096930754,68.35948184204995,20641.23482289142,20641.23482289142,20647.97325851396,20665.5180855887,20667.392388381995,1774786640.507689,1774786661.1772442,1774786640.599158,1774786661.1772442,301,151.0,4816,2416.0,19,304,225.22141996376368,231.673,92.17,4634.625780085563,167.80997551931924,3453.208131013896,57.41144444444444
182,1,24,10,1,True,2048,64,20260329,20260329,cp1_mbt2048_mns64,10,10,10,239.285426044565,239.285426044565,244.84598048729825,247.7995332737919,247.8673067432828,247.87224002648145,75.64980628699738,75.64980628699738,76.28026522514928,79.28942503834453,79.41908657046345,920.1336826275414,920.1336826275414,932.1030710125342,957.3156282946002,957.7393416606355,1774786662.0722847,1774786663.034318,1774786662.182128,1774786663.034318,11,6.0,264,144.0,1,24,114.9186854596256,145.047,87.392,97.93255659592153,57.50724101518115,49.00709673861663,57.41144444444444
183,5,64,150,1,True,2048,64,20260329,20260329,cp1_mbt2048_mns64,150,150,150,303.2997081245412,303.2997081245412,313.30824695760384,328.7814147421159,330.67040309426375,331.8018269492313,69.25500549847288,69.25500549847288,69.2505139795807,69.60054096752533,69.67008088136423,10622.295527397,10622.295527397,10629.765289486386,10691.369880730052,10698.544252578868,1774786663.967788,1774786674.6720607,1774786664.0883603,1774786674.6720607,151,76.0,9664,4864.0,10,640,226.86874589343387,238.774,85.349,2401.110786760896,169.45730144898943,1793.4852718570855,57.41144444444444
184,2,12,40,1,True,2048,64,20260329,20260329,cp1_mbt2048_mns64,40,40,40,206.0371035865197,206.0371035865197,228.4971215412952,229.67094842460932,230.0116809236352,230.0968640483916,68.29591288453199,68.29591288453199,68.28803597436024,68.57726985337929,68.62757442077287,2869.5777060832675,2869.5777060832675,2892.07769051427,2902.877260622336,2905.1029729039874,1774786675.5532193,1774786678.4592412,1774786675.647175,1774786678.4592412,41,21.0,492,252.0,3,36,187.78288240398624,230.2,77.842,528.0578736722471,130.37143795954182,366.6130982503628,57.41144444444444
185,5,64,200,1,True,2048,64,20260329,20260329,cp1_mbt2048_mns64,200,200,200,285.6722787983017,285.6722787983017,300.00920151360333,325.59072797885165,328.5345655598212,330.4043230600655,69.21464307170804,69.21464307170804,69.2073120147659,69.43501361634644,69.48922640022157,14059.3862500682,14059.3862500682,14062.479277490638,14123.685898573603,14128.379581987392,1774786679.5140882,1774786693.6766536,1774786679.6470232,1774786693.6766536,201,101.0,12864,6464.0,13,832,226.9604248706625,239.555,75.649,3184.1708814898902,169.54898042621812,2378.709533907153,57.41144444444444
186,4,24,10,1,True,2048,64,20260329,20260329,cp1_mbt2048_mns64,10,10,10,240.2241882227827,240.2241882227827,246.13023753045127,248.88675244292244,249.0089591266588,249.0284419618547,70.0764593375088,70.0764593375088,69.9418495512671,71.67760558206484,75.12062487399412,870.9123222603617,870.9123222603617,873.6245585605502,890.2675817895215,892.2493780881632,1774786694.5817847,1774786695.4764895,1774786694.6919446,1774786695.4764895,11,6.0,264,144.0,1,24,101.0070200217588,142.476,68.648,79.24454694366455,43.59557557731437,34.202688433223294,57.41144444444444
187,3,24,40,1,True,2048,64,20260329,20260329,cp1_mbt2048_mns64,40,40,40,224.19574727731137,224.19574727731137,232.8242789953947,235.9661923488602,236.68344093719497,236.8705578846857,68.21576769351283,68.21576769351283,68.2283371152619,68.94738353245582,68.9740438437543,2884.610687324312,2884.610687324312,2893.163612461649,2920.275283011142,2923.0364634562284,1774786696.401692,1774786699.3282816,1774786696.500483,1774786699.3282816,41,21.0,984,504.0,3,72,192.900536973236,233.018,95.439,545.4838693499565,135.4890925287915,383.1358668409189,57.41144444444444
188,4,2,20,1,True,2048,64,20260329,20260329,cp1_mbt2048_mns64,20,20,20,123.36549354949966,123.36549354949966,123.36549354949966,153.05916793295182,155.69860565592535,156.35846508666873,66.70173547095864,66.70173547095864,66.70173547095864,66.7149575123882,66.71613280495973,1390.698467497714,1390.698467497714,1390.698467497714,1420.1409230940044,1422.758030258119,1774786700.1886923,1774786701.6122851,1774786700.279065,1774786701.6122851,21,11.0,42,22.0,2,4,148.19748400034197,201.645,107.997,197.57992103123672,90.78603955589752,121.03780740401488,57.41144444444444
189,1,64,40,1,True,2048,64,20260329,20260329,cp1_mbt2048_mns64,40,40,40,296.6379747613246,296.6379747613246,308.74954507453367,333.2330991048366,340.7652055763174,342.341115931049,69.88159642195313,69.88159642195313,69.82303148684784,71.24533831598595,71.31990463266938,3022.0202352174965,3022.0202352174965,3016.916656459216,3104.5164170849603,3112.303751430009,1774786702.5811088,1774786705.7063594,1774786702.709424,1774786705.7063594,41,21.0,2624,1344.0,3,192,193.1045204615604,237.222,67.777,578.7217670116424,135.69307601711589,406.6633786519898,57.41144444444444
190,4,56,300,1,True,2048,64,20260329,20260329,cp1_mbt2048_mns64,300,300,300,281.0887177391643,281.0887177391643,305.04641897277907,320.2551160356961,321.714714250993,321.9384350813925,68.86988173886671,68.86988173886671,68.86362536447464,68.98260381957361,68.99866362041591,20873.18335766031,20873.18335766031,20887.12505652802,20938.21296549868,20940.063029516023,1774786706.627925,1774786727.5800612,1774786706.73874,1774786727.5800612,301,151.0,16856,8456.0,19,1064,231.73541306329383,238.88,94.427,4829.672184003712,174.32396861884942,3633.141828062496,57.41144444444444
191,5,2,10,1,True,2048,64,20260329,20260329,cp1_mbt2048_mns64,10,10,10,90.62826103763656,90.62826103763656,90.62826103763656,90.7937332696747,90.80844191252254,90.8121190732345,66.81350389003961,66.81350389003961,66.81350389003961,66.86008439024187,66.86422487914872,691.949796047993,691.949796047993,691.949796047993,692.5344927818514,692.5864658248611,1774786728.4446723,1774786729.1372714,1774786728.5352976,1774786729.1372714,11,6.0,22,12.0,1,2,98.0702399813437,144.494,88.779,59.03571228731524,40.65879553689926,24.47552851631427,57.41144444444444
192,1,64,200,1,True,2048,64,20260329,20260329,cp1_mbt2048_mns64,200,200,200,275.7387606725388,275.7387606725388,275.2682785503566,324.5311761624179,331.4052048732992,331.9356970023364,69.24906737316377,69.24906737316377,69.21828186183924,69.50616667169409,69.52252195788847,14056.303167932128,14056.303167932128,14053.216247993989,14142.678184312535,14147.9923673335,1774786730.106791,1774786744.279969,1774786730.2442484,1774786744.279969,201,101.0,12864,6464.0,13,832,229.67518773851137,239.582,86.787,3223.656760813235,172.26374329406693,2417.845768107757,57.41144444444444
193,2,48,150,1,True,2048,64,20260329,20260329,cp1_mbt2048_mns64,150,150,150,265.1881549997294,265.1881549997294,295.430863974616,307.25967033649795,313.30058698076755,314.0135840512812,68.17798295637262,68.17798295637262,68.176380198077,68.3386625561882,68.37449789901214,10423.707615499248,10423.707615499248,10436.202652519569,10483.304520504316,10492.437386756064,1774786745.2071905,1774786755.705876,1774786745.307752,1774786755.705876,151,76.0,7248,3648.0,10,480,224.5461613148393,236.879,94.565,2334.85887802386,167.1347168703949,1737.8875471564638,57.41144444444444
194,5,6,40,1,True,2048,64,20260329,20260329,cp1_mbt2048_mns64,40,40,40,162.72198546600217,162.72198546600217,162.3772619641386,230.57366424473005,230.97515205154195,231.0755240032449,67.87382768025287,67.87382768025287,67.8577484885374,67.93396737954865,67.93791189780816,2809.801264995864,2809.801264995864,2809.810362989083,2876.827034750022,2877.539269370027,1774786756.5814724,1774786759.4595432,1774786756.6771092,1774786759.4595432,41,21.0,246,126.0,3,18,185.84991801997955,228.22,89.766,517.1151283174754,128.43847357553508,357.37157407179154,57.41144444444444
195,1,64,100,1,True,2048,64,20260329,20260329,cp1_mbt2048_mns64,100,100,100,307.92707730142865,307.92707730142865,300.1887114951387,398.62583479844034,402.2792328393553,403.8334460929036,69.25268447042926,69.25268447042926,69.2059721820047,69.77912870234564,69.82097455506175,7163.942839873926,7163.942839873926,7160.197844961658,7289.511657739058,7303.795385294361,1774786760.420955,1774786767.734663,1774786760.6283696,1774786767.734663,101,51.0,6464,3264.0,7,448,220.6797195795103,238.76,76.147,1568.2148435591466,163.26827513506586,1160.232272530411,57.41144444444444
196,5,56,20,1,True,2048,64,20260329,20260329,cp1_mbt2048_mns64,20,20,20,273.2634044160867,273.2634044160867,258.8179565500468,328.67156897555105,336.3046667480376,340.3203570051119,69.75487831133572,69.75487831133572,69.76433744727585,71.67553859242042,72.32534093016416,1598.606092331465,1598.606092331465,1598.127267032396,1655.848289025016,1662.8193494514562,1774786768.7730556,1774786770.4528446,1774786768.916148,1774786770.4528446,21,11.0,1176,616.0,2,112,157.52094712454965,236.599,88.048,242.0619152858257,100.1095026801052,153.8379396480984,57.41144444444444
197,5,56,50,1,True,2048,64,20260329,20260329,cp1_mbt2048_mns64,50,50,50,342.80373486191303,342.80373486191303,365.8891915110871,382.8836877073627,384.9151816975791,386.700744042173,68.93784941705086,68.93784941705086,68.86864368380903,69.84259297403659,69.92273766295604,3720.7583562974055,3720.7583562974055,3741.4532019756734,3793.278706492856,3797.5097154791,1774786771.3798697,1774786775.1868668,1774786771.545351,1774786775.1868668,51,26.0,2856,1456.0,4,224,205.1709042959801,236.763,94.771,747.133075703808,147.75945985153564,538.0683975733402,57.41144444444444
198,3,56,150,1,True,2048,64,20260329,20260329,cp1_mbt2048_mns64,150,150,150,372.14335856801233,372.14335856801233,403.6043964442797,418.8670000003185,421.25441672396846,423.0669119860977,68.70842580056528,68.70842580056528,68.6756033960561,69.04391974977206,69.08615138694243,10609.698802852236,10609.698802852236,10628.75396455638,10699.440333992245,10706.971525464904,1774786776.1283014,1774786786.8402812,1774786776.3459864,1774786786.8402812,151,76.0,8456,4256.0,10,560,225.65912851081887,237.895,102.507,2368.133437367201,168.24768406637443,1765.6408097759356,57.41144444444444
199,4,56,40,1,True,2048,64,20260329,20260329,cp1_mbt2048_mns64,40,40,40,282.3424561398237,282.3424561398237,286.2614684854634,333.26535823289305,335.79351091757417,336.72790694981813,69.26433750718871,69.26433750718871,69.21937092183492,70.3047919691576,70.51013893543336,2983.6516189201834,2983.6516189201834,2981.032942945604,3052.093181730015,3065.5232512857765,1774786787.860783,1774786790.9480095,1774786787.9917316,1774786790.9480095,41,21.0,2296,1176.0,3,168,194.1525819039241,236.747,93.088,573.9689768767357,136.74113745947966,404.24479548470185,57.41144444444444
200,1,56,100,1,True,2048,64,20260329,20260329,cp1_mbt2048_mns64,100,100,100,285.60236710888734,285.60236710888734,308.1438099616207,329.60082052159123,330.66053985385224,331.0096759814769,68.65897765024471,68.65897765024471,68.65005810613359,69.0407334742221,69.12194829848077,7082.841154483113,7082.841154483113,7100.2264260314405,7146.498815505765,7156.253294390626,1774786791.985096,1774786799.1580036,1774786792.1125925,1774786799.1580036,101,51.0,5656,2856.0,7,392,218.82355994060129,237.555,75.455,1541.701940318702,161.41211549615684,1137.2147117930103,57.41144444444444
201,5,2,200,1,True,2048,64,20260329,20260329,cp1_mbt2048_mns64,200,200,200,123.61708655953409,123.61708655953409,123.61708655953409,153.4563268884085,156.10870380653068,156.77179803606123,66.79250650726792,66.79250650726792,66.79250650726792,66.79386662453268,66.79398752384512,13415.32588150585,13415.32588150585,13415.32588150585,13444.89445849904,13447.522776453989,1774786800.0235834,1774786813.4719646,1774786800.1140456,1774786813.4719646,201,101.0,402,202.0,13,26,218.88680917544235,231.02,86.732,2923.872262261032,161.4753647309979,2156.97483897727,57.41144444444444
202,3,12,150,1,True,2048,64,20260329,20260329,cp1_mbt2048_mns64,150,150,150,232.66596789471805,232.66596789471805,243.6370720388368,245.5463250633329,245.60481774620712,245.61944091692567,68.19517141345042,68.19517141345042,68.19734875161214,68.29271618243239,68.30216651733171,10393.74650849883,10393.74650849883,10405.884641979355,10418.53269992862,10420.197757636195,1774786814.367987,1774786824.789876,1774786814.4771175,1774786824.789876,151,76.0,1812,912.0,10,120,218.8757978817237,230.468,93.306,2257.213233172772,161.4643534372793,1665.1428745962094,57.41144444444444
204,1,48,50,1,True,2048,64,20260329,20260329,cp1_mbt2048_mns64,50,50,50,271.435076877727,271.435076877727,298.9703934872523,311.8898827175144,314.8274348326959,315.9105860395357,68.43702121940481,68.43702121940481,68.43016958173021,68.91648576806338,69.02538790201237,3624.8491166285626,3624.8491166285626,3637.416377488989,3681.25979694305,3688.9574268856086,1774786828.8537529,1774786832.5524046,1774786828.9706092,1774786832.5524046,51,26.0,2448,1248.0,4,192,201.63871435074253,235.905,94.741,722.2286304169893,144.2272699062981,516.5925796968539,57.41144444444444
205,4,16,40,1,True,2048,64,20260329,20260329,cp1_mbt2048_mns64,40,40,40,205.43501480278792,205.43501480278792,231.09975649276748,233.918003475992,234.6846511063632,234.87631301395595,68.39412493308116,68.39412493308116,68.30113242344501,68.81661197612397,68.84842902147331,2872.8058871929534,2872.8058871929534,2895.039083494339,2917.016740306281,2918.601360055618,1774786833.4303598,1774786836.3503113,1774786833.5259078,1774786836.3503113,41,21.0,656,336.0,3,48,188.0061162737782,229.829,86.87,531.0051374121904,130.59467182933372,368.85205138247534,57.41144444444444
206,3,40,10,1,True,2048,64,20260329,20260329,cp1_mbt2048_mns64,10,10,10,334.9186225357698,334.9186225357698,353.06049208156765,363.313727802597,365.0531547691208,365.2975030709058,72.0543334823257,72.0543334823257,72.20961822248582,75.90954765457556,76.43836768628614,983.4076238767012,983.4076238767012,995.7128554815426,1032.568234705832,1044.9889541894663,1774786837.2706618,1774786838.320695,1774786837.491883,1774786838.320695,11,6.0,440,240.0,1,40,110.47725698467532,165.194,89.584,91.56486349248884,53.06581254023088,43.98157606355349,57.41144444444444
207,2,2,150,1,True,2048,64,20260329,20260329,cp1_mbt2048_mns64,150,150,150,122.96074553159995,122.96074553159995,122.96074553159995,152.98149613081478,155.65000729518945,156.3171350862831,66.55911568141286,66.55911568141286,66.55911568141286,66.5632752370755,66.56364497535661,10040.268982062116,10040.268982062116,10040.268982062116,10069.669958867598,10072.283379028086,1774786839.1819863,1774786849.2551222,1774786839.2715902,1774786849.2551222,151,76.0,302,152.0,10,20,218.94926560009773,230.804,106.541,2185.886988964556,161.5378211556533,1612.7179989484666,57.41144444444444
208,4,40,10,1,True,2048,64,20260329,20260329,cp1_mbt2048_mns64,10,10,10,321.9176326761953,321.9176326761953,353.3537320327014,364.8826346499845,366.28431845572777,366.8429489480332,70.66996228919986,70.66996228919986,70.5038643338614,73.49460442459936,74.26514972842091,957.947293278994,957.947293278994,968.9194145030342,1022.0162574434652,1029.3432323203888,1774786850.1511528,1774786851.185184,1774786850.251772,1774786851.185184,11,6.0,440,240.0,1,40,120.05089088356752,202.155,109.795,112.05695117035847,62.6394464391231,58.4684156802695,57.41144444444444
209,4,40,20,1,True,2048,64,20260329,20260329,cp1_mbt2048_mns64,20,20,20,283.02716367761604,283.02716367761604,296.7890634899959,304.63565539103,306.3205325859599,307.2270470438525,69.67513110108771,69.67513110108771,69.46939557766248,72.30824443548428,72.45359596042698,1606.8546545982829,1606.8546545982829,1621.1312600062229,1669.2287061014213,1671.338757838821,1774786852.1091485,1774786853.7917194,1774786852.2364247,1774786853.7917194,21,11.0,840,440.0,2,80,153.8528593099695,234.392,90.036,239.28654468360173,96.44141486552503,149.99482642747256,57.41144444444444
210,1,24,40,1,True,2048,64,20260329,20260329,cp1_mbt2048_mns64,40,40,40,224.49528357052864,224.49528357052864,232.84937150310725,237.14694349910133,237.5294536375441,237.629996961914,68.00364564858481,68.00364564858481,68.00905687030023,68.7073088854026,68.79468777369206,2876.637463865336,2876.637463865336,2883.5373514448293,2916.4489502552897,2917.627709123772,1774786854.7014043,1774786857.622309,1774786854.799677,1774786857.622309,41,21.0,984,504.0,3,72,188.8460411458236,232.543,101.538,533.0429378777742,131.43459670137912,370.9915396658182,57.41144444444444
211,3,16,300,1,True,2048,64,20260329,20260329,cp1_mbt2048_mns64,300,300,300,224.4562841224252,224.4562841224252,230.09443952469155,237.2517540352419,237.31975082773715,237.33675002586097,68.07407927442416,68.07407927442416,68.08188709529291,68.11758679001791,68.12715950115572,20578.60598717525,20578.60598717525,20586.831717402674,20602.44397146744,20605.26118870476,1774786858.5198991,1774786879.1264093,1774786858.644526,1774786879.1264093,301,151.0,4816,2416.0,19,304,224.2698038926556,230.91,84.348,4593.467948224144,166.85835944821116,3417.573443750272,57.41144444444444
212,3,16,40,1,True,2048,64,20260329,20260329,cp1_mbt2048_mns64,40,40,40,216.10822430375265,216.10822430375265,224.701210972853,226.12870900775303,226.45609545870684,226.5379420714453,68.65309607961441,68.65309607961441,68.65135944770793,69.13810281921775,69.18157531106725,2893.578971408715,2893.578971408715,2901.192008459475,2921.554648957681,2922.887181711849,1774786880.0030951,1774786882.9285822,1774786880.0929475,1774786882.9285822,41,21.0,656,336.0,3,48,187.829957485774,230.166,91.895,532.6171019426585,130.41851304132953,369.8192311043077,57.41144444444444
213,5,12,40,1,True,2048,64,20260329,20260329,cp1_mbt2048_mns64,40,40,40,210.6443136484207,210.6443136484207,227.6235069730319,229.1805969725829,229.23474734998308,229.2482849443332,68.34160783338066,68.34160783338066,68.33330125738985,68.65553442949954,68.68369143921882,2875.9670191502664,2875.9670191502664,2892.9383974755183,2906.288006773684,2906.9920349796303,1774786883.8226306,1774786886.7317405,1774786883.915307,1774786886.7317405,41,21.0,492,252.0,3,36,188.06174690903512,229.671,98.763,529.6633908457756,130.65030246459065,367.96787946404345,57.41144444444444
214,1,2,40,1,True,2048,64,20260329,20260329,cp1_mbt2048_mns64,40,40,40,123.2547250110656,123.2547250110656,123.2547250110656,153.03930076770484,155.68681861273944,156.3486980739981,66.76131428237288,66.76131428237288,66.76131428237288,66.76639000697133,66.76684118249119,2726.945982023608,2726.945982023608,2726.945982023608,2756.532604520908,2759.162526520668,1774786887.5899968,1774786890.350034,1774786887.6801567,1774786890.350034,41,21.0,82,42.0,3,6,185.80414736677795,230.174,104.653,496.0742735772132,128.39270292233348,342.7927618272304,57.41144444444444
215,2,6,20,1,True,2048,64,20260329,20260329,cp1_mbt2048_mns64,20,20,20,169.53714861301705,169.53714861301705,167.32593096094206,221.61650320049367,233.04255499970168,235.8990679495037,67.97388677276965,67.97388677276965,67.93521749970846,68.2055214894813,68.24111175251586,1461.0409972956404,1461.0409972956404,1461.94597997237,1510.222930693999,1520.862080482766,1774786891.2112832,1774786892.7439878,1774786891.32119,1774786892.7439878,21,11.0,126,66.0,2,12,148.1226918077915,227.26,111.639,210.74862224483485,90.71124736334708,129.06375228950708,57.41144444444444
216,5,48,150,1,True,2048,64,20260329,20260329,cp1_mbt2048_mns64,150,150,150,250.16630774431783,250.16630774431783,250.95922499895096,274.472383945249,277.56070400821045,277.8828100999817,68.11581942493653,68.11581942493653,68.12048134208038,68.39457505113826,68.41286723904356,10399.42340205986,10399.42340205986,10403.997757995969,10440.823708154494,10454.427804901496,1774786893.7028756,1774786904.1796112,1774786893.8438654,1774786904.1796112,151,76.0,7248,3648.0,10,480,223.80225208837064,236.865,109.486,2313.1631896182294,166.3908076439262,1719.7730931715564,57.41144444444444
217,1,16,10,1,True,2048,64,20260329,20260329,cp1_mbt2048_mns64,10,10,10,217.4216779239941,217.4216779239941,225.94852052861825,227.6450279459823,228.12873116345145,228.2496569678188,69.76250129729225,69.76250129729225,69.89959588584802,71.36551371917854,71.46031011814355,845.2841895996244,845.2841895996244,855.8534954790957,868.8621621986385,869.2969300493132,1774786905.062318,1774786905.9336529,1774786905.153203,1774786905.9336529,11,6.0,176,96.0,1,16,104.41569360411548,163.564,86.575,81.49121421199564,47.00424915967103,36.68446001678232,57.41144444444444
218,5,60,100,1,True,2048,64,20260329,20260329,cp1_mbt2048_mns64,100,100,100,301.3796957015681,301.3796957015681,282.9838204779662,356.29287224728614,362.1209785132669,364.8559070425108,68.9938902658542,68.9938902658542,68.98063391440012,69.36973228514421,69.76332804433898,7131.774832021135,7131.774832021135,7132.454510952812,7191.727611242095,7196.994922992308,1774786906.909235,1774786914.1160414,1774786907.0640266,1774786914.1160414,101,51.0,6060,3060.0,7,420,218.87098208980532,238.116,76.703,1543.4814110567563,161.45953764536097,1138.6150535532363,57.41144444444444
219,5,60,150,1,True,2048,64,20260329,20260329,cp1_mbt2048_mns64,150,150,150,282.7785451915891,282.7785451915891,293.95009455038235,324.14862973382697,327.8551858582068,330.883814021945,68.98489933272394,68.98489933272394,68.95394173830485,69.30456723117007,69.31954685087635,10561.528545767456,10561.528545767456,10568.867950467393,10620.60753935366,10630.413772965549,1774786915.1451128,1774786925.8012793,1774786915.267284,1774786925.8012793,151,76.0,9060,4560.0,10,600,226.4891574882719,238.696,99.513,2385.835740852478,169.07771304382743,1781.0638497449982,57.41144444444444
220,2,60,50,1,True,2048,64,20260329,20260329,cp1_mbt2048_mns64,50,50,50,393.384872303189,393.384872303189,414.3132120370865,435.8556229388341,437.7057874004822,438.5056309401989,69.21919056813891,69.21919056813891,69.23657470401757,69.91456236431318,69.99581017588474,3785.125210141996,3785.125210141996,3792.710087029264,3851.073889702093,3857.975449732039,1774786926.7326112,1774786930.596932,1774786926.9644551,1774786930.596932,51,26.0,3060,1560.0,4,240,204.5090545111053,238.072,91.126,742.8743972595934,147.09761006666088,534.3286568794122,57.41144444444444
221,2,64,300,1,True,2048,64,20260329,20260329,cp1_mbt2048_mns64,300,300,300,274.9613075484376,274.9613075484376,269.4041054928676,328.5889800754376,335.94178127590567,336.9731940329075,69.41545587244985,69.41545587244985,69.42016888296163,69.52563361241404,69.55538788176123,21030.182613410943,21030.182613410943,21028.44779647421,21090.773157554213,21105.371563652297,1774786931.6240497,1774786952.757592,1774786931.7655325,1774786952.757592,301,151.0,19264,9664.0,19,1216,233.0120051833803,239.916,94.282,4891.401869852422,175.60056073893583,3686.2174138606506,57.41144444444444
222,3,64,50,1,True,2048,64,20260329,20260329,cp1_mbt2048_mns64,50,50,50,300.1855703678302,300.1855703678302,286.50848945835605,357.0243625785224,360.664258680772,361.2892690580338,69.58848233280521,69.58848233280521,69.56748993905755,70.48588214627448,70.8550357971369,3710.021204675286,3710.021204675286,3717.2958820010535,3774.708372895839,3791.441770466045,1774786953.6934905,1774786957.489864,1774786953.847052,1774786957.489864,51,26.0,3264,1664.0,4,256,204.7775934511617,238.53,88.814,745.9662775453331,147.3661490067173,536.8271780034836,57.41144444444444
223,1,12,150,1,True,2048,64,20260329,20260329,cp1_mbt2048_mns64,150,150,150,198.18427898765853,198.18427898765853,231.45712300902235,233.95319008268416,234.08380766399205,234.11646205931905,68.13744501471447,68.13744501471447,68.13105517113894,68.1889995339564,68.19754654893202,10350.663586180111,10350.663586180111,10382.4519799673,10393.713217508048,10394.97083477676,1774786958.3708568,1774786968.7672129,1774786958.4673731,1774786968.7672129,151,76.0,1812,912.0,10,120,219.89855424483216,230.989,102.509,2264.91986668682,162.4871098003877,1673.5911899523992,57.41144444444444
224,1,56,50,1,True,2048,64,20260329,20260329,cp1_mbt2048_mns64,50,50,50,293.5941790035161,293.5941790035161,311.7022844380699,327.8961627802346,329.039826313965,329.8810699488968,69.15994578867753,69.15994578867753,69.11292897979254,70.0982653474131,70.17085955511513,3682.431522648715,3682.431522648715,3689.500508015044,3750.519855762832,3757.095861202106,1774786969.7058263,1774786973.4747665,1774786969.8256853,1774786973.4747665,51,26.0,2856,1456.0,4,224,204.5723636091836,237.318,101.849,746.5011722564698,147.16091916473917,537.0021479376687,57.41144444444444
225,4,12,300,1,True,2048,64,20260329,20260329,cp1_mbt2048_mns64,300,300,300,207.0305628585629,207.0305628585629,229.1956929839216,231.7414820427075,232.17602607328445,232.28466208092868,68.20248201282575,68.20248201282575,68.19908022565181,68.23814265271508,68.2398429039101,20599.57268469346,20599.57268469346,20621.957043011207,20632.37132403883,20634.080952856457,1774786974.362959,1774786994.9992766,1774786974.45758,1774786994.9992766,301,151.0,3612,1812.0,19,228,225.0072543052297,230.878,103.335,4622.0307391406295,167.59580986078527,3442.702268953972,57.41144444444444
226,5,6,100,1,True,2048,64,20260329,20260329,cp1_mbt2048_mns64,100,100,100,173.7798480122971,173.7798480122971,195.6725795171224,229.9109917366877,229.97780314181,229.99450599309057,67.88773156380319,67.88773156380319,67.88672749987907,67.90924060800481,67.91271511900399,6894.665272828813,6894.665272828813,6915.264273469802,6952.772666205419,6953.305970778456,1774786995.8683798,1774787002.8226602,1774786995.9642093,1774787002.8226602,101,51.0,606,306.0,7,42,212.74150402448305,228.575,101.244,1459.0771575288777,155.33005958003858,1065.3235853063798,57.41144444444444
227,3,2,150,1,True,2048,64,20260329,20260329,cp1_mbt2048_mns64,150,150,150,123.5384619794786,123.5384619794786,123.5384619794786,153.54517032392323,156.21243328787386,156.87924902886152,66.78711081231512,66.78711081231512,66.78711081231512,66.78999473865068,66.79025108765829,10074.817973014431,10074.817973014431,10074.817973014431,10104.39497633488,10107.024043296697,1774787003.685354,1774787013.7930343,1774787003.7757194,1774787013.7930343,151,76.0,302,152.0,10,20,219.95837191118767,231.383,111.236,2203.392278720736,162.54692746674323,1628.2837602317463,57.41144444444444
228,5,48,300,1,True,2048,64,20260329,20260329,cp1_mbt2048_mns64,300,300,300,249.23340855699885,249.23340855699885,247.12448799982667,298.3883347711526,306.3601350155659,307.74578906130046,68.4538792405572,68.4538792405572,68.43977774252778,68.64221799169842,68.66636556103657,20716.9433014836,20716.9433014836,20719.545342435595,20769.48438515537,20786.03297375026,1774787014.7975454,1774787035.6119196,1774787014.941174,1774787035.6119196,301,151.0,14448,7248.0,19,912,231.2583241108865,238.32,104.868,4780.281988166445,173.84687966644205,3593.5446248843214,57.41144444444444
229,4,6,100,1,True,2048,64,20260329,20260329,cp1_mbt2048_mns64,100,100,100,174.76983865102133,174.76983865102133,197.24267098354176,231.80318527738564,231.9071562902536,231.93314904347065,67.89554609103374,67.89554609103374,67.89313004037008,67.9186368743287,67.91934525003806,6896.42890166336,6896.42890166336,6917.266848497093,6954.876717500156,6955.229229916586,1774787036.4843552,1774787043.4403946,1774787036.5800974,1774787043.4403946,101,51.0,606,306.0,7,42,212.1660700385576,228.841,89.64,1455.5222968705898,154.75462559411312,1061.6627251245054,57.41144444444444
230,2,64,40,1,True,2048,64,20260329,20260329,cp1_mbt2048_mns64,40,40,40,312.613380534458,312.613380534458,333.8815069873817,353.8225184660405,355.37849351065233,355.9322829823941,69.70605428516417,69.70605428516417,69.73937087101288,70.6349171726451,70.89423205551262,3031.1494976558606,3031.1494976558606,3034.7762124729343,3101.183716877131,3107.099227757426,1774787044.3951228,1774787047.5117953,1774787044.5461197,1774787047.5117953,41,21.0,2624,1344.0,3,192,196.66529805511647,238.174,89.162,583.2455212072131,139.25385361067202,412.9817880046497,57.41144444444444
231,1,12,10,1,True,2048,64,20260329,20260329,cp1_mbt2048_mns64,10,10,10,213.61836233215087,213.61836233215087,227.2496424266137,230.65545586287044,230.92637842404656,230.9941090643406,68.19823368439555,68.19823368439555,68.62135966204934,69.32302461419668,69.37182208419674,827.4024654917108,827.4024654917108,844.3145199562423,852.130644605495,852.1971409441903,1774787048.3916993,1774787049.2458377,1774787048.5184362,1774787049.2458377,11,6.0,132,72.0,1,12,112.97784573043344,169.917,96.12,82.18022694790365,55.566401285989,40.41907011801669,57.41144444444444
232,2,56,50,1,True,2048,64,20260329,20260329,cp1_mbt2048_mns64,50,50,50,286.09461184324965,286.09461184324965,308.14450251637027,326.724329526769,330.9177089657169,332.0095359813422,68.90522702860967,68.90522702860967,68.8452405299117,69.62958418785556,69.70032586428641,3662.450736245124,3662.450736245124,3664.82540400466,3724.93124200264,3730.143020697869,1774787050.204299,1774787053.9520135,1774787050.3316157,1774787053.9520135,51,26.0,2856,1456.0,4,224,203.1845706155396,237.088,100.888,735.6090221465824,145.77312617109513,527.7567409430476,57.41144444444444
233,2,48,200,1,True,2048,64,20260329,20260329,cp1_mbt2048_mns64,200,200,200,326.684673387111,326.684673387111,367.5255869165994,377.1124103514012,378.10917424736544,378.65797395352274,68.19415298992114,68.19415298992114,68.18254472893761,68.35788459374906,68.37477748027777,13897.321118381418,13897.321118381418,13932.53770103911,13972.634893935174,13977.634264908264,1774787054.8719366,1774787068.8633673,1774787055.023094,1774787068.8633673,201,101.0,9648,4848.0,13,624,228.29324713227217,237.459,96.749,3159.6409511823654,170.88180268782773,2365.050864914523,57.41144444444444
234,1,6,20,1,True,2048,64,20260329,20260329,cp1_mbt2048_mns64,20,20,20,141.1407739894154,141.1407739894154,163.3024059701711,164.5591856795363,164.8062770604156,164.86804990563542,67.98457706106107,67.98457706106107,67.98071052425689,68.19996473649027,68.22244566252553,1432.847738149576,1432.847738149576,1453.624134475831,1459.1040359809997,1459.5330135896802,1774787069.7324212,1774787071.192833,1774787069.8285909,1774787071.192833,21,11.0,126,66.0,2,12,145.97701835252636,227.944,113.308,199.1479906930924,88.56557390808192,120.82488248787986,57.41144444444444
235,3,2,50,1,True,2048,64,20260329,20260329,cp1_mbt2048_mns64,50,50,50,89.42896901862696,89.42896901862696,89.42896901862696,89.59749676869251,89.61247701314278,89.61622207425535,66.8062494499894,66.8062494499894,66.8062494499894,66.83345194917875,66.8358699491067,3362.9351920681074,3362.9351920681074,3362.9351920681074,3364.4366422784515,3364.570104519371,1774787072.0512888,1774787075.4158912,1774787072.1407058,1774787075.4158912,51,26.0,102,52.0,4,8,184.14833028262183,230.631,98.623,603.119912943125,126.7368858381774,415.0867913713457,57.41144444444444
236,3,6,150,1,True,2048,64,20260329,20260329,cp1_mbt2048_mns64,150,150,150,204.6177446609363,204.6177446609363,226.085175992921,228.78721525194123,229.08470627153287,229.15907902643085,67.93225510397475,67.93225510397475,67.93607281866302,67.96144762571788,67.96360252895424,10326.523755153175,10326.523755153175,10348.560025973711,10355.042911483906,10355.661483085714,1774787076.2789545,1774787086.635137,1774787076.3730474,1774787086.635137,151,76.0,906,456.0,10,60,217.51186483091948,228.608,110.562,2232.126325943114,160.10042038647504,1642.964917877027,57.41144444444444
237,5,24,40,1,True,2048,64,20260329,20260329,cp1_mbt2048_mns64,40,40,40,274.1893693358482,274.1893693358482,298.3981995494105,302.29993913089857,303.28425666783005,303.55995695572346,68.02449705035417,68.02449705035417,68.0575590649357,68.68452812897232,68.7100260914005,2927.144754299661,2927.144754299661,2954.7583759995177,2975.640749442391,2975.8195551112294,1774787087.5275912,1774787090.510841,1774787087.623934,1774787090.510841,41,21.0,984,504.0,3,72,191.02536543686224,233.206,92.399,551.4724383451937,133.61392099241775,385.7309454063308,57.41144444444444
238,3,12,300,1,True,2048,64,20260329,20260329,cp1_mbt2048_mns64,300,300,300,215.22721165092665,215.22721165092665,226.49719251785427,228.36580034927465,228.66098005441012,228.73477498069408,68.21045205156696,68.21045205156696,68.21372466049715,68.2496007147594,68.25450985811582,20610.152375069447,20610.152375069447,20621.597324032336,20634.91627516341,20635.94497579732,1774787091.4022062,1774787112.0392916,1774787091.493781,1774787112.0392916,301,151.0,3612,1812.0,19,228,224.57489187166692,230.776,92.787,4614.005752286073,167.16344742722254,3434.458329571098,57.41144444444444
239,3,6,100,1,True,2048,64,20260329,20260329,cp1_mbt2048_mns64,100,100,100,201.83016815766072,201.83016815766072,224.02835346292704,224.82529073022303,224.88183011300865,224.895964958705,67.9463187173034,67.9463187173034,67.940789212548,68.01158240955145,68.01785024410971,6928.515721170697,6928.515721170697,6950.353524007369,6957.413141761208,6958.237981173443,1774787112.904398,1774787119.8630233,1774787112.9943123,1774787119.8630233,101,51.0,606,306.0,7,42,211.66923269665688,228.006,96.279,1453.8947858675704,154.25778825221246,1059.552166189232,57.41144444444444
240,4,6,150,1,True,2048,64,20260329,20260329,cp1_mbt2048_mns64,150,150,150,172.47397567067915,172.47397567067915,161.5984754753299,228.5593405249529,228.6398817203008,228.6600170191377,67.91082347763528,67.91082347763528,67.90916502652314,67.9303765540705,67.93268557712936,10291.186673838334,10291.186673838334,10282.794526487123,10346.55181254493,10347.218829730991,1774787120.734723,1774787131.0828218,1774787120.8284938,1774787131.0828218,151,76.0,906,456.0,10,60,217.41147866309169,228.389,120.967,2229.4086158866885,160.00003421864722,1640.6928328838617,57.41144444444444
241,2,56,10,1,True,2048,64,20260329,20260329,cp1_mbt2048_mns64,10,10,10,280.7607238958423,280.7607238958423,294.390877999831,322.3038937721867,326.10349559108727,326.83985598850995,73.29410960664973,73.29410960664973,72.71318417042494,78.82212494668136,79.3578385873439,940.40771035569,940.40771035569,954.5889775035904,1009.8664260003716,1022.755103034433,1774787132.0802236,1774787133.137995,1774787132.21377,1774787133.137995,11,6.0,616,336.0,1,56,101.80114500961052,133.528,67.816,94.08717260551452,44.38970056516608,41.02607508577241,57.41144444444444
242,1,40,20,1,True,2048,64,20260329,20260329,cp1_mbt2048_mns64,20,20,20,236.2257762230001,236.2257762230001,243.44518349971625,255.54513702518307,256.84155736817047,257.2582489810884,69.93715020392924,69.93715020392924,69.85552158010634,72.53461073973756,73.09718603164106,1565.0316300976556,1565.0316300976556,1576.8587810453027,1625.1800455676855,1626.6415636031888,1774787134.0445163,1774787135.6814768,1774787134.184455,1774787135.6814768,21,11.0,840,440.0,2,80,145.47141541059648,233.18,68.502,217.7738966616621,88.05997096615204,131.827706241008,57.41144444444444
244,5,6,75,1,True,2048,64,20260329,20260329,cp1_mbt2048_mns64,75,75,75,202.44525984162465,202.44525984162465,225.2079730387777,225.3137822553981,225.3280860430096,225.3316619899124,67.85707831301994,67.85707831301994,67.86102402052288,67.9453125878747,67.95621202052006,5223.869055005101,5223.869055005101,5246.327031520195,5253.157819533953,5253.949589544209,1774787139.268865,1774787144.5230122,1774787139.359509,1774787144.5230122,76,38.5,456,231.0,5,30,205.7346550036796,227.774,109.395,1062.311543293118,148.32321055923506,765.8673679091794,57.41144444444444
245,4,24,100,1,True,2048,64,20260329,20260329,cp1_mbt2048_mns64,100,100,100,220.94007528115367,220.94007528115367,231.8612710223533,234.6045671903994,235.3603241895325,235.58136797510087,67.71047980231994,67.71047980231994,67.720359519966,67.91608943968465,67.92872791724147,6924.277575710828,6924.277575710828,6936.153128510341,6957.915243337629,6958.410356090171,1774787145.4010568,1774787152.362512,1774787145.499152,1774787152.362512,101,51.0,2424,1224.0,7,168,215.2307277194359,232.782,93.435,1477.2059519320726,157.81928327499142,1083.1705447159477,57.41144444444444
246,3,6,50,1,True,2048,64,20260329,20260329,cp1_mbt2048_mns64,50,50,50,182.3213188132892,182.3213188132892,226.71340900706127,227.76844768668525,227.808207081398,227.81814693007613,68.38610591556953,68.38610591556953,67.96029855126554,69.3761260873562,69.39448206661724,3533.240508676196,3533.240508676196,3552.115814469289,3557.377709512366,3557.865446707001,1774787153.22901,1774787156.787808,1774787153.3219478,1774787156.787808,51,26.0,306,156.0,4,24,194.480787415772,227.378,113.95,674.0432068446875,137.0693429713275,475.0631706306802,57.41144444444444
247,1,24,100,1,True,2048,64,20260329,20260329,cp1_mbt2048_mns64,100,100,100,216.48953942834245,216.48953942834245,227.33273700578133,230.7011185446754,232.0962801657152,232.48016007710248,67.7369862903844,67.7369862903844,67.74140605608923,67.97715934708414,68.00513775608823,6922.451182176398,6922.451182176398,6933.1881975522265,6959.502976021031,6962.348378084134,1774787157.6870074,1774787164.6503224,1774787157.780194,1774787164.6503224,101,51.0,2424,1224.0,7,168,214.8756493366705,232.692,112.152,1476.223299509392,157.46420489222606,1081.7993049385277,57.41144444444444
248,2,6,300,1,True,2048,64,20260329,20260329,cp1_mbt2048_mns64,300,300,300,203.042260351746,203.042260351746,225.5239765509032,226.13761798129417,226.2628627766389,226.2941739754752,67.9287864208074,67.9287864208074,67.92881720552197,67.94320008122553,67.94423318832465,20513.74940017316,20513.74940017316,20536.57319297781,20540.512121049687,20540.95914266072,1774787165.5166488,1774787186.058364,1774787165.6078014,1774787186.058364,301,151.0,1806,906.0,19,114,222.2702132603927,228.783,91.524,4545.550883082628,164.85876881594825,3371.454551570283,57.41144444444444
249,2,16,300,1,True,2048,64,20260329,20260329,cp1_mbt2048_mns64,300,300,300,255.7271248078905,255.7271248078905,278.7846839637496,282.0712687098421,282.2113729198463,282.2463989723474,68.29596285826123,68.29596285826123,68.29528884267603,68.34487534542008,68.35114931651503,20676.220019428,20676.220019428,20697.36956001725,20715.2820637275,20715.880702395225,1774787186.943545,1774787207.6619706,1774787187.0878832,1774787207.6619706,301,151.0,4816,2416.0,19,304,225.0775578889589,231.026,88.483,4630.765343591211,167.66611344451448,3449.577268900948,57.41144444444444
250,5,56,40,1,True,2048,64,20260329,20260329,cp1_mbt2048_mns64,40,40,40,314.1246021384307,314.1246021384307,308.08449001051486,379.1282178135589,386.2364200642333,387.8764039836824,69.15425788840379,69.15425788840379,69.10946346126879,70.42758709613759,70.67100418185314,3011.1406597861787,3011.1406597861787,3018.518222554121,3074.083835759666,3082.3016777227167,1774787208.5754197,1774787211.668027,1774787208.7018478,1774787211.668027,41,21.0,2296,1176.0,3,168,197.1577889530767,237.273,85.83,584.805319394874,139.7463445086323,414.5126909192875,57.41144444444444
251,4,24,40,1,True,2048,64,20260329,20260329,cp1_mbt2048_mns64,40,40,40,226.5475659708803,226.5475659708803,233.5452225524932,239.9622242024634,241.402622620808,241.7831789935008,67.89561800592038,67.89561800592038,68.02148002540119,68.57293511140877,68.63666366117124,2874.476668201775,2874.476668201775,2887.3204589472152,2909.738052083412,2912.3598868993577,1774787212.570767,1774787215.4838784,1774787212.70829,1774787215.4838784,41,21.0,984,504.0,3,72,192.92433053692304,233.174,84.159,535.4785556047289,135.51288609247862,376.1280099232523,57.41144444444444
252,5,60,200,1,True,2048,64,20260329,20260329,cp1_mbt2048_mns64,200,200,200,294.5427324913908,294.5427324913908,309.46763092651963,329.45794397965074,335.1462246652227,337.6788510940969,69.01311351869128,69.01311351869128,68.98923750513995,69.22269789730176,69.23970875802951,14028.152322710956,14028.152322710956,14037.50036249403,14093.14500701148,14101.81640732335,1774787216.4392831,1774787230.5505545,1774787216.5589783,1774787230.5505545,201,101.0,12060,6060.0,13,780,230.07597442612328,239.729,92.243,3219.1255267674896,172.66452998167884,2415.848927371632,57.41144444444444
253,1,6,100,1,True,2048,64,20260329,20260329,cp1_mbt2048_mns64,100,100,100,184.69411763362584,184.69411763362584,228.8691554567777,229.98988619656305,230.1279827777762,230.1625069230795,67.90121544292825,67.90121544292825,67.89723008099679,67.93453599028808,67.93819342879814,6906.914446483522,6906.914446483522,6950.028424966149,6954.78781402926,6955.312518862775,1774787231.4209063,1774787238.3773494,1774787231.5162768,1774787238.3773494,101,51.0,606,306.0,7,42,212.35312210067863,228.579,97.089,1456.9701748883726,154.94167765623422,1063.0660899126,57.41144444444444
254,4,60,200,1,True,2048,64,20260329,20260329,cp1_mbt2048_mns64,200,200,200,266.36074919370003,266.36074919370003,262.128384958487,315.3356663475279,328.139249907108,332.87175197619945,69.02601047056505,69.02601047056505,69.01957711348797,69.22052023615268,69.24192743188696,14002.536832836146,14002.536832836146,14001.963191025425,14074.83260994195,14090.991163167637,1774787239.3871806,1774787253.5008025,1774787239.522143,1774787253.5008025,201,101.0,12060,6060.0,13,780,230.535736362561,240.256,98.768,3222.5805361585653,173.12429191811657,2420.045509101209,57.41144444444444
255,3,40,200,1,True,2048,64,20260329,20260329,cp1_mbt2048_mns64,200,200,200,249.8340900434414,249.8340900434414,233.4021454444155,301.3517995539587,302.5799082417507,303.1100609805435,67.78471852122132,67.78471852122132,67.77388693696946,67.94185952532654,67.94555275478102,13738.993075766484,13738.993075766484,13741.526076453738,13787.823164369913,13792.485375520771,1774787254.421649,1774787268.217051,1774787254.5271635,1774787268.217051,201,101.0,8040,4040.0,13,520,228.7869014388652,236.983,125.932,3132.06694758272,171.37545699442074,2346.11073056793,57.41144444444444
256,2,40,75,1,True,2048,64,20260329,20260329,cp1_mbt2048_mns64,75,75,75,256.93688460160047,256.93688460160047,259.4305635429919,300.85834438796155,304.0600181336049,305.0764240324497,67.78655677642107,67.78655677642107,67.80909480467263,68.10357846631165,68.13483266134722,5273.14208605676,5273.14208605676,5277.998662553728,5324.904122162843,5330.152132294606,1774787269.1467698,1774787274.4805024,1774787269.2506497,1774787274.4805024,76,38.5,3040,1540.0,5,200,212.8899257044898,235.96,91.005,1113.3829477224351,155.47848126004536,813.1295513391497,57.41144444444444
257,2,48,100,1,True,2048,64,20260329,20260329,cp1_mbt2048_mns64,100,100,100,266.6141204487455,266.6141204487455,289.3896130262874,305.00256302184425,306.1201138177421,306.6102899610996,68.24250945404249,68.24250945404249,68.24110161614219,68.54241078441981,68.57365160272693,7022.622556398953,7022.622556398953,7034.624784020707,7084.239386970876,7090.88296209462,1774787275.391599,1774787282.4885194,1774787275.4918456,1774787282.4885194,101,51.0,4848,2448.0,7,336,219.77693869656343,237.125,101.337,1537.7075537461042,162.365494252119,1136.0184032953182,57.41144444444444
258,2,16,50,1,True,2048,64,20260329,20260329,cp1_mbt2048_mns64,50,50,50,217.4257118895184,217.4257118895184,225.47384450444952,228.42337377369404,228.4611035138369,228.47053594887257,68.53056920880015,68.53056920880015,68.55281701012115,68.9557011420981,69.00790324874166,3575.4236031207256,3575.4236031207256,3583.640213997569,3604.030919290381,3605.351704737405,1774787283.3780138,1774787286.9862733,1774787283.4690485,1774787286.9862733,51,26.0,816,416.0,4,64,198.8961158680833,230.867,103.71,699.5623965210916,141.48467142363893,497.63342728002885,57.41144444444444
259,3,2,200,1,True,2048,64,20260329,20260329,cp1_mbt2048_mns64,200,200,200,123.35030949907376,123.35030949907376,123.35030949907376,153.10516307945363,155.75003895326518,156.41125792171806,66.80742317334463,66.80742317334463,66.80742317334463,66.80856159874753,66.80866279211666,13418.027520994656,13418.027520994656,13418.027520994656,13447.55582791986,13450.18056631321,1774787287.872888,1774787301.3239317,1774787287.9631765,1774787301.3239317,201,101.0,402,202.0,13,26,222.7536223107489,231.399,104.232,2976.1566187553403,165.3421778663045,2209.0963635587955,57.41144444444444
260,4,6,10,1,True,2048,64,20260329,20260329,cp1_mbt2048_mns64,10,10,10,202.21447915537283,202.21447915537283,224.6224744594656,225.6219457485713,225.7299771648832,225.7569850189612,68.3839268922047,68.3839268922047,68.30473283642075,69.01553497300483,69.0684863708965,817.669821185215,817.669821185215,839.3108695163392,846.535903023323,847.3011830064934,1774787302.1898234,1774787303.0373144,1774787302.2791622,1774787303.0373144,11,6.0,66,36.0,1,6,119.11701929686303,129.819,110.128,90.3088357733488,61.70557485241859,46.78222019440598,57.41144444444444
261,1,56,40,1,True,2048,64,20260329,20260329,cp1_mbt2048_mns64,40,40,40,275.2975208069464,275.2975208069464,283.2425995147787,333.38173272204585,340.91271216166206,343.0174180539325,69.11319215389031,69.11319215389031,69.1316259609989,69.86164587821501,70.0090601046283,2970.7120148086688,2970.7120148086688,2973.1140615185723,3023.886564275017,3042.319854121888,1774787304.0248413,1774787307.102207,1774787304.1691518,1774787307.102207,41,21.0,2296,1176.0,3,168,193.3690372852409,236.975,74.183,567.1620530635581,135.95759284079645,398.7711195532281,57.41144444444444
262,1,48,20,1,True,2048,64,20260329,20260329,cp1_mbt2048_mns64,20,20,20,282.54113590325386,282.54113590325386,298.9594164537266,312.1476236381568,313.816924020648,314.43357199896127,70.36362098631542,70.36362098631542,70.08119386706599,73.18618084353051,73.4237246424891,1619.449934643247,1619.449934643247,1634.9296300322749,1688.732368167257,1693.4083198336884,1774787308.0296185,1774787309.7351325,1774787308.1370728,1774787309.7351325,21,11.0,1008,528.0,2,96,158.35254670645108,234.203,79.633,253.0568160370759,100.94110226200664,161.3099029790069,57.41144444444444
263,2,48,50,1,True,2048,64,20260329,20260329,cp1_mbt2048_mns64,50,50,50,311.9662136984213,311.9662136984213,306.4394100802019,374.3526485457551,379.9320848600473,380.10838790796697,68.39131996291769,68.39131996291769,68.42278985648738,69.09100726503422,69.13718891902636,3663.140891881388,3663.140891881388,3676.377232943196,3724.409276066581,3729.399166742805,1774787310.66208,1774787314.405258,1774787310.769115,1774787314.405258,51,26.0,2448,1248.0,4,192,202.38822896949,236.077,96.761,735.912535802381,144.9767845250455,527.1563157380323,57.41144444444444
264,2,56,40,1,True,2048,64,20260329,20260329,cp1_mbt2048_mns64,40,40,40,370.674354485735,370.674354485735,385.7064039329998,397.9402980767191,400.46300745452754,400.521928910166,69.36817202784655,69.36817202784655,69.17183611464375,70.62155187789661,70.79342424672527,3076.0330635717505,3076.0330635717505,3091.8990109930746,3135.435560252517,3146.43037384958,1774787315.3291378,1774787318.4877665,1774787315.5187626,1774787318.4877665,41,21.0,2296,1176.0,3,168,199.4432367687088,236.558,96.629,592.1477033925058,142.03179232426436,421.6929137139322,57.41144444444444
265,5,6,10,1,True,2048,64,20260329,20260329,cp1_mbt2048_mns64,10,10,10,172.59689199272543,172.59689199272543,194.970237032976,229.2312462523114,229.29840925498863,229.315200005658,67.75788638818389,67.75788638818389,67.75990888450502,67.90101447000376,67.90227924486518,782.4178694863804,782.4178694863804,803.7435350124724,839.7669819532894,840.0355915422551,1774787319.357943,1774787320.1983714,1774787319.4518826,1774787320.1983714,11,6.0,66,36.0,1,6,109.87730516304092,177.169,104.327,82.02217873162896,52.46586071859648,39.16517791170747,57.41144444444444
266,1,48,200,1,True,2048,64,20260329,20260329,cp1_mbt2048_mns64,200,200,200,269.4195135579018,269.4195135579018,261.0603275243193,326.0185416787863,335.4578944284003,341.75759297795594,68.26181380634728,68.26181380634728,68.26721744473798,68.41332905825774,68.48298495019384,13853.520461021011,13853.520461021011,13852.776204468682,13918.123413214926,13930.194225938758,1774787321.1815765,1774787335.122018,1774787321.3239422,1774787335.122018,201,101.0,9648,4848.0,13,624,226.9127929517962,236.546,90.21,3130.959943093541,169.50134850735176,2338.792474294718,57.41144444444444
267,2,48,40,1,True,2048,64,20260329,20260329,cp1_mbt2048_mns64,40,40,40,262.22959888643044,262.22959888643044,254.13206696975976,306.0039300704375,314.5076202217024,318.4454329311848,68.50214949596332,68.50214949596332,68.52815952599765,69.13240100660074,69.24579857257552,2933.813429229,2933.813429229,2934.21534949448,2987.923217791831,3000.574196415255,1774787336.1103077,1774787339.126457,1774787336.2267125,1774787339.126457,41,21.0,1968,1008.0,3,144,188.34038519598508,235.44,68.452,546.1389981058838,130.92894075154064,379.66047722958217,57.41144444444444
268,5,6,50,1,True,2048,64,20260329,20260329,cp1_mbt2048_mns64,50,50,50,201.2654603264916,201.2654603264916,223.70339301414788,224.30480443290435,224.37960642273532,224.3983069201932,68.0011266499574,68.0011266499574,68.01141456258958,68.10966350033651,68.11908548365214,3533.3206661744043,3533.3206661744043,3555.982214515097,3560.997196822427,3561.352044227533,1774787339.9954135,1774787343.558167,1774787340.0846417,1774787343.558167,51,26.0,306,156.0,4,24,195.504800998859,227.576,90.558,679.0909163613317,138.09335655441456,479.67079870584246,57.41144444444444
269,4,60,20,1,True,2048,64,20260329,20260329,cp1_mbt2048_mns64,20,20,20,289.4239617783266,289.4239617783266,312.9846260417253,331.4267907233443,333.70517732342705,334.1553419595584,70.61742791934593,70.61742791934593,70.59427181344577,73.06067764967385,73.39852723850575,1631.1550922458991,1631.1550922458991,1632.5001600198448,1714.0680180920754,1720.6169140746351,1774787344.5026295,1774787346.231372,1774787344.6289697,1774787346.231372,21,11.0,1260,660.0,2,120,133.8547744668289,236.208,80.424,214.48918645623385,76.44333002238446,122.49296098563794,57.41144444444444
270,5,40,10,1,True,2048,64,20260329,20260329,cp1_mbt2048_mns64,10,10,10,329.18259311118163,329.18259311118163,362.53056896384805,376.3647701649461,377.4007827765308,377.9591309139505,69.26835971147132,69.26835971147132,69.39061172306538,71.93680356786999,72.18932855085262,952.5978305144235,952.5978305144235,978.2527505303732,1012.0078726729844,1012.9407325142528,1774787347.1547153,1774787348.1792948,1774787347.2814474,1774787348.1792948,11,6.0,440,240.0,1,40,103.98171664501844,134.205,68.502,93.35971539474951,46.570272200574,41.81299846534028,57.41144444444444
271,4,16,20,1,True,2048,64,20260329,20260329,cp1_mbt2048_mns64,20,20,20,211.8306883276091,211.8306883276091,232.9458065214567,236.85943344025875,236.8764698680025,236.8807289749384,68.64498054921185,68.64498054921185,68.53396102393927,69.55165589399832,69.62155286394255,1516.0853187626344,1516.0853187626344,1536.047994508408,1557.151988032274,1559.4481928041205,1774787349.0575898,1774787350.617804,1774787349.154559,1774787350.617804,21,11.0,336,176.0,2,32,149.5271071207092,221.588,88.417,218.79485045039647,92.11566267626476,134.78781892785764,57.41144444444444
272,1,60,50,1,True,2048,64,20260329,20260329,cp1_mbt2048_mns64,50,50,50,269.7667706815992,269.7667706815992,271.57896949211136,315.35449043731205,324.67588071129285,329.6761619858444,69.12503675284454,69.12503675284454,69.17098002052124,69.93844329773886,70.03341777228789,3656.893571570981,3656.893571570981,3660.585394478403,3714.621728874045,3717.5361709308345,1774787351.6158128,1774787355.3899324,1774787351.7586143,1774787355.3899324,51,26.0,3060,1560.0,4,240,199.8558920857808,237.562,67.813,725.7403167930837,142.44444764133632,517.2610998742443,57.41144444444444
273,5,64,10,1,True,2048,64,20260329,20260329,cp1_mbt2048_mns64,10,10,10,293.93466200599505,293.93466200599505,312.4181610182859,339.5434532489162,344.58656129427254,345.68078501615673,72.3798570650413,72.3798570650413,72.34524799666056,76.32624117864502,77.22805742045037,945.3533755913668,945.3533755913668,948.5818414832464,1012.978120497428,1027.5302351394205,1774787356.4374108,1774787357.4799447,1774787356.576695,1774787357.4799447,11,6.0,704,384.0,1,64,113.78862043804097,162.537,86.428,102.77954189395903,56.37717599359652,50.92266959200964,57.41144444444444
274,1,64,150,1,True,2048,64,20260329,20260329,cp1_mbt2048_mns64,150,150,150,366.2267807703756,366.2267807703756,407.57072548149154,428.0469717748929,432.4463151989039,433.5970019455999,68.93031279288464,68.93031279288464,68.92001700990727,69.2310427509689,69.28574096302083,10636.843386910186,10636.843386910186,10647.986870026216,10735.974561492912,10742.537848585052,1774787358.4207685,1774787369.1699057,1774787358.6505623,1774787369.1699057,151,76.0,9664,4864.0,10,640,225.21353951609748,238.183,76.927,2369.0985014350417,167.80209507165304,1765.1678172905713,57.41144444444444
275,3,64,40,1,True,2048,64,20260329,20260329,cp1_mbt2048_mns64,40,40,40,285.4677332088613,285.4677332088613,276.3034139643423,336.49133229628205,344.8134585050866,345.7524810219184,69.44699584766148,69.44699584766148,69.45092938482188,70.31220830962037,70.98534883047716,2993.900571267659,2993.900571267659,2995.9560444694944,3064.927893830464,3078.0688877415378,1774787370.2087374,1774787373.3070538,1774787370.3498473,1774787373.3070538,41,21.0,2624,1344.0,3,192,193.13386784200617,237.392,87.805,571.1367269684075,135.7224233975617,401.3592309916151,57.41144444444444
276,5,16,40,1,True,2048,64,20260329,20260329,cp1_mbt2048_mns64,40,40,40,209.0674303035485,209.0674303035485,230.3657709853724,232.163177075563,232.924776285654,233.11517608817667,68.3113824503753,68.3113824503753,68.2674480888706,68.7875297317544,68.8144346845384,2873.211345868185,2873.211345868185,2892.548123432789,2914.3828528176527,2916.588932223385,1774787374.199067,1774787377.1170683,1774787374.293362,1774787377.1170683,41,21.0,656,336.0,3,48,182.07410924513425,229.919,96.96,514.1238688609599,124.6626648006898,352.01079272373505,57.41144444444444
277,1,24,75,1,True,2048,64,20260329,20260329,cp1_mbt2048_mns64,75,75,75,304.5289539635026,304.5289539635026,293.1818695506081,362.63604953419417,366.2029818841256,367.2349270200357,67.44626515530793,67.44626515530793,67.44759493960521,67.76661357922617,67.79674980772118,5295.552575456289,5295.552575456289,5298.969432478771,5352.2359547321685,5353.700452662306,1774787378.0223713,1774787383.3821034,1774787378.147543,1774787383.3821034,76,38.5,1824,924.0,5,120,210.22728478099472,232.897,87.307,1100.4474387619484,152.8158403365503,799.9237600190629,57.41144444444444
278,5,12,50,1,True,2048,64,20260329,20260329,cp1_mbt2048_mns64,50,50,50,194.6482328348793,194.6482328348793,227.52545500406995,230.61802978627384,230.88045147247607,230.9460568940267,68.02050707993243,68.02050707993243,67.96689416348403,68.23246221376431,68.27136584628867,3527.6530797515684,3527.6530797515684,3557.738456991501,3572.2982139268424,3572.794459591387,1774787384.2805898,1774787387.857698,1774787384.3756993,1774787387.857698,51,26.0,612,312.0,4,48,196.4868757146484,229.551,114.173,684.1670422730447,139.0754312702039,484.2604683845044,57.41144444444444
279,5,16,75,1,True,2048,64,20260329,20260329,cp1_mbt2048_mns64,75,75,75,215.13712404703256,215.13712404703256,231.82974144583568,234.2809124966152,234.67716571176425,234.7762290155515,68.17079919110748,68.17079919110748,68.166435148718,68.43232306395342,68.45405038510688,5259.776264188986,5259.776264188986,5276.335310016293,5295.330067514442,5296.239195833914,1774787388.7501135,1774787394.05003,1774787388.8482797,1774787394.05003,76,38.5,1216,616.0,5,80,207.3728042979096,229.81,112.442,1078.7015919458868,149.96135985346515,780.0615811315115,57.41144444444444
280,3,2,75,1,True,2048,64,20260329,20260329,cp1_mbt2048_mns64,75,75,75,90.34621901810168,90.34621901810168,90.34621901810168,90.53753742482512,90.55454350542276,90.55879502557218,66.60779919616903,66.60779919616903,66.60779919616903,66.62480054239151,66.62631177316685,5019.32335953461,5019.32335953461,5019.32335953461,5020.772777561797,5020.901614719769,1774787394.9108694,1774787399.9318016,1774787395.0012102,1774787399.9318016,76,38.5,152,77.0,5,10,206.89917707267136,230.449,95.753,1020.1352917276612,149.48773262822692,737.0629206555012,57.41144444444444
281,3,48,150,1,True,2048,64,20260329,20260329,cp1_mbt2048_mns64,150,150,150,282.30078008346027,282.30078008346027,286.5088799735531,357.45150822913274,370.7501921232324,377.9736780561507,68.10652163566347,68.10652163566347,68.10282544590746,68.44237978439685,68.46583758998855,10430.172503797316,10430.172503797316,10421.34709545644,10540.19749868894,10565.123717363458,1774787401.4333584,1774787412.018216,1774787401.6212628,1774787412.018216,151,76.0,7248,3648.0,10,480,222.87771410424352,236.749,80.211,2317.249141897916,165.46626965979905,1720.345046265522,57.41144444444444
282,2,2,300,1,True,2048,64,20260329,20260329,cp1_mbt2048_mns64,300,300,300,91.16908645955846,91.16908645955846,91.16908645955846,91.37298730784096,91.39111182768828,91.39564295765013,66.57854958210004,66.57854958210004,66.57854958210004,66.58256618589488,66.5829232173433,19998.15541150747,19998.15541150747,19998.15541150747,19999.560276890406,19999.68515381333,1774787412.8836331,1774787432.8833475,1774787412.9748166,1774787432.8833475,301,151.0,602,302.0,19,38,225.02519109110125,231.369,99.391,4479.920981489777,167.6137466466568,3336.943462851987,57.41144444444444
283,5,6,20,1,True,2048,64,20260329,20260329,cp1_mbt2048_mns64,20,20,20,174.11767966890088,174.11767966890088,196.24222250422463,230.86967851850204,230.9862069261726,231.01533902809024,67.74789925354223,67.74789925354223,67.73562555348403,67.868516327029,67.87410431639536,1461.3277654862031,1461.3277654862031,1481.558518949896,1519.552916259272,1520.0057872512843,1774787433.7514567,1774787435.2719903,1774787433.8468466,1774787435.2719903,21,11.0,126,66.0,2,12,147.85736596466035,227.777,117.334,210.71803162288663,90.44592152021592,128.8984585023191,57.41144444444444
284,5,2,50,1,True,2048,64,20260329,20260329,cp1_mbt2048_mns64,50,50,50,123.48092650063336,123.48092650063336,123.48092650063336,153.3144402084872,155.96630809362978,156.62927506491542,66.79005590766403,66.79005590766403,66.79005590766403,66.79509839753392,66.79554661885568,3396.1936659761705,3396.1936659761705,3396.1936659761705,3425.780097680399,3428.410002720775,1774787436.1287792,1774787439.5580497,1774787436.2191112,1774787439.5580497,51,26.0,102,52.0,4,8,194.61322925452453,230.208,103.083,649.8015988348155,137.20178481008014,458.10831809373326,57.41144444444444
285,4,24,300,1,True,2048,64,20260329,20260329,cp1_mbt2048_mns64,300,300,300,221.39584820736977,221.39584820736977,231.3638380146585,237.5311556446832,237.7363934740424,237.77690494898707,67.7311505070849,67.7311505070849,67.72538863377875,67.81819686213785,67.82413760749515,20473.00984982576,20473.00984982576,20481.495452520903,20509.616910398472,20511.642743920675,1774787440.465283,1774787460.9862893,1774787440.5678637,1774787460.9862893,301,151.0,7224,3624.0,19,456,227.4729686974192,234.218,90.651,4644.639932493691,170.06152425297478,3472.388614124912,57.41144444444444
286,2,12,50,1,True,2048,64,20260329,20260329,cp1_mbt2048_mns64,50,50,50,211.7768473399337,211.7768473399337,223.0440999846905,224.08871286315843,224.15453377878293,224.17098900768903,68.2894263573333,68.2894263573333,68.30112353128817,68.52056596283231,68.53432932429072,3557.958738849265,3557.958738849265,3569.779905024916,3580.2657165913843,3580.622596188914,1774787461.860014,1774787465.4421325,1774787461.948207,1774787465.4421325,51,26.0,612,312.0,4,48,199.4325280338524,230.378,115.173,696.8024094747307,142.02108358940797,496.2110956368846,57.41144444444444
287,3,16,10,1,True,2048,64,20260329,20260329,cp1_mbt2048_mns64,10,10,10,208.5257991857361,208.5257991857361,229.8632034799084,232.28091676719487,232.4868073221296,232.5382799608633,69.59177339740563,69.59177339740563,69.27653539201452,71.37538699316792,71.52268086598876,834.8517597623868,834.8517597623868,853.4709145314991,872.2461121797096,873.5611352080014,1774787466.344802,1774787467.2199688,1774787466.4396906,1774787467.2199688,11,6.0,176,96.0,1,16,143.52518300402647,188.468,118.976,111.98957229177223,86.11373855958203,67.19267342416514,57.41144444444444
288,4,24,75,1,True,2048,64,20260329,20260329,cp1_mbt2048_mns64,75,75,75,223.34437963824408,223.34437963824408,229.30258605629209,232.37698674201965,233.9440201502293,234.3954250682145,67.906808687546,67.906808687546,67.91934352037748,68.29725046944175,68.31103372738407,5248.448222516648,5248.448222516648,5256.286145071499,5282.030536449747,5285.703077808721,1774787468.117116,1774787473.4071813,1774787468.2133534,1774787473.4071813,76,38.5,1824,924.0,5,120,210.8452595645444,233.167,88.824,1095.0939848582743,153.43381512009992,796.9088247888352,57.41144444444444
289,4,56,50,1,True,2048,64,20260329,20260329,cp1_mbt2048_mns64,50,50,50,280.3280427594603,280.3280427594603,296.9217444187961,314.96552427415736,320.20947496639565,324.1579970344901,69.05977748330675,69.05977748330675,68.99692569455436,69.88449363342049,69.99032073084037,3664.257139441491,3664.257139441491,3674.4761565350927,3727.990063314792,3743.9409363782033,1774787474.4148383,1774787478.1705165,1774787474.5327787,1774787478.1705165,51,26.0,2856,1456.0,4,224,203.9800809824721,236.789,102.656,742.0259924107789,146.56863653802765,533.1782273033327,57.41144444444444
290,4,48,150,1,True,2048,64,20260329,20260329,cp1_mbt2048_mns64,150,150,150,346.2415738952889,346.2415738952889,369.8027859791182,382.5584383448586,383.8600404397585,384.8206020193175,68.24392996835134,68.24392996835134,68.22186562071724,68.53779938647011,68.58185740411218,10514.58713917964,10514.58713917964,10534.535291488282,10583.949003351154,10591.391288738232,1774787479.0784855,1774787489.6747153,1774787479.2129118,1774787489.6747153,151,76.0,7248,3648.0,10,480,225.33285973089687,236.729,83.19,2357.3880862393376,167.92141528645243,1756.7608394686908,57.41144444444444
291,5,16,300,1,True,2048,64,20260329,20260329,cp1_mbt2048_mns64,300,300,300,220.87574106262764,220.87574106262764,229.23537448514253,231.16492203553207,232.1021412557457,232.33644606079903,68.31791616868607,68.31791616868607,68.3211060552344,68.36769089471069,68.36946951540772,20647.93267549976,20647.93267549976,20657.4065774912,20671.75081698224,20672.06691140309,1774787490.5551243,1774787511.229582,1774787490.6488025,1774787511.229582,301,151.0,4816,2416.0,19,304,225.2112420781036,231.203,87.566,4635.022979639633,167.7997976336591,3453.450684052279,57.41144444444444
292,5,24,10,1,True,2048,64,20260329,20260329,cp1_mbt2048_mns64,10,10,10,215.35058962763287,215.35058962763287,220.8247045055032,239.43930201930925,240.61668561422263,240.77102297451347,71.1043406007337,71.1043406007337,70.97913400502875,74.34351088660252,74.80169500159617,855.2896550342363,855.2896550342363,859.0535494731739,899.2256169498432,905.0304556556512,1774787512.215234,1774787513.130141,1774787512.3199542,1774787513.130141,11,6.0,264,144.0,1,24,116.23681613633222,136.197,96.357,94.17354142427446,58.82537169188778,47.65954335265691,57.41144444444444
293,3,12,200,1,True,2048,64,20260329,20260329,cp1_mbt2048_mns64,200,200,200,217.74748167566327,217.74748167566327,228.7675840780139,230.89539190405048,231.0623815760482,231.10412899404764,68.18789144803597,68.18789144803597,68.18634905266205,68.24077470277801,68.24741749364962,13787.13787983482,13787.13787983482,13798.036036023404,13810.847509955056,13812.002435666507,1774787514.0276885,1774787527.8399787,1774787514.1227708,1774787527.8399787,201,101.0,2412,1212.0,13,156,222.084977855218,230.81,90.752,3046.385814623597,164.67353341077356,2258.8610948443707,57.41144444444444
294,3,16,100,1,True,2048,64,20260329,20260329,cp1_mbt2048_mns64,100,100,100,227.4919118062826,227.4919118062826,235.0727684679441,240.55341148050505,241.11099984729665,241.25039693899453,68.25309493065978,68.25309493065978,68.23694471192236,68.42915040694855,68.45143729764403,6984.5483099416015,6984.5483099416015,6992.532143020071,7009.747111733304,7010.367638344178,1774787528.7210746,1774787535.7338562,1774787528.8254275,1774787535.7338562,101,51.0,1616,816.0,7,112,214.46854989801903,230.785,99.547,1481.640678709148,157.0571054535746,1085.017809981835,57.41144444444444
295,4,60,100,1,True,2048,64,20260329,20260329,cp1_mbt2048_mns64,100,100,100,297.4178309785202,297.4178309785202,311.55477749416605,326.1212510173209,333.5956618748605,334.2414899962023,69.06653650172419,69.06653650172419,69.0278903030875,69.58125933982441,69.62499053242165,7135.004944649215,7135.004944649215,7148.816860513762,7197.046969051007,7208.267536436906,1774787536.689934,1774787543.913057,1774787536.8120606,1774787543.913057,101,51.0,6060,3060.0,7,420,221.38330208253905,239.046,96.541,1572.0421047650575,163.97185763809463,1164.363625344793,57.41144444444444
296,2,2,20,1,True,2048,64,20260329,20260329,cp1_mbt2048_mns64,20,20,20,90.8863939694129,90.8863939694129,90.8863939694129,91.04731220868416,91.06161605217494,91.06519201304764,66.77359826311371,66.77359826311371,66.77359826311371,66.80629024141173,66.80919619503824,1359.5847609685734,1359.5847609685734,1359.5847609685734,1360.3668267955072,1360.436343757901,1774787544.7778563,1774787546.1383097,1774787544.868744,1774787546.1383097,21,11.0,42,22.0,2,4,141.90697385014272,201.199,98.026,180.160176051736,84.49552940569826,107.27259584430864,57.41144444444444
297,2,60,100,1,True,2048,64,20260329,20260329,cp1_mbt2048_mns64,100,100,100,366.8001815133418,366.8001815133418,385.2102844975889,478.1797276868019,479.49741552816704,479.96787796728313,69.01634224211901,69.01634224211901,68.95998420753526,69.47085992386094,69.56379957448908,7199.418063483124,7199.418063483124,7199.498631991446,7333.083769050427,7353.360001944238,1774787547.0834198,1774787554.443163,1774787547.3462763,1774787554.443163,101,51.0,6060,3060.0,7,420,220.2595790305262,238.667,87.077,1563.157157586336,162.84813458608173,1155.714672198375,57.41144444444444
298,1,64,20,1,True,2048,64,20260329,20260329,cp1_mbt2048_mns64,20,20,20,282.67212864193425,282.67212864193425,285.88789951754734,326.7473072744906,330.18184802494943,330.8898370014504,70.96543084538241,70.96543084538241,70.87541813043094,73.42740175602222,73.80738524824234,1631.0153147042,1631.0153147042,1643.6452740454115,1695.7723675004672,1707.7057951572351,1774787555.5217776,1774787557.2649784,1774787555.6531923,1774787557.2649784,21,11.0,1344,704.0,2,128,158.964513034812,236.105,85.992,256.2167589091063,101.55306859036756,163.68180290528147,57.41144444444444
299,4,48,10,1,True,2048,64,20260329,20260329,cp1_mbt2048_mns64,10,10,10,347.3084174571947,347.3084174571947,367.40877147531137,378.5617902933154,384.4323836045805,384.9896719912067,71.48904983424237,71.48904983424237,70.76796472150211,76.24816575359242,76.677267996258,990.709865965376,990.709865965376,1006.7894580424764,1054.6483242767863,1060.3824364452155,1774787558.1906886,1774787559.257498,1774787558.3298988,1774787559.257498,11,6.0,528,288.0,1,48,113.34400129851272,211.175,68.242,105.1378039846507,55.93255685406826,51.8829945256267,57.41144444444444
300,1,16,150,1,True,2048,64,20260329,20260329,cp1_mbt2048_mns64,150,150,150,220.42818622867344,220.42818622867344,232.6994669856504,236.29204247845337,236.50197883835065,236.5544629283249,68.25779743930919,68.25779743930919,68.25754155706451,68.36562487921809,68.36580388066703,10390.840004685742,10390.840004685742,10403.890134999529,10420.370079227723,10422.188300662674,1774787560.156569,1774787570.5796883,1774787560.2544389,1774787570.5796883,151,76.0,2416,1216.0,10,160,218.14503462027776,230.397,80.739,2252.401895137669,160.7335901758333,1659.61441091025,57.41144444444444
301,3,64,10,1,True,2048,64,20260329,20260329,cp1_mbt2048_mns64,10,10,10,272.2233740896627,272.2233740896627,272.42144400952384,326.01160697522573,352.3048396827652,375.8816900663078,73.7560894142209,73.7560894142209,73.21311865881499,80.22981858488896,81.29219095028627,936.0281788176508,936.0281788176508,936.436696560122,1022.4288014229388,1037.531495641451,1774787571.609512,1774787572.6756382,1774787571.7733004,1774787572.6756382,11,6.0,704,384.0,1,64,109.55083407357792,148.66,72.577,98.8518574597251,52.13938962913348,47.04734158568365,57.41144444444444
302,4,60,40,1,True,2048,64,20260329,20260329,cp1_mbt2048_mns64,40,40,40,344.34758808929473,344.34758808929473,371.07311049476266,388.14727049320936,391.7290624801535,395.1509710168466,69.33181026948489,69.33181026948489,69.27096612829095,70.3205103026285,70.4772034956393,3048.288188599205,3048.288188599205,3066.259423503652,3124.392420455115,3132.3811181576457,1774787573.6144936,1774787576.7543623,1774787573.757602,1774787576.7543623,41,21.0,2460,1260.0,3,180,194.8127282881485,237.758,76.665,583.8070633835088,137.4012838437041,411.75872198283247,57.41144444444444
303,5,64,100,1,True,2048,64,20260329,20260329,cp1_mbt2048_mns64,100,100,100,283.8764925218129,283.8764925218129,288.4829665417783,336.7133126303088,372.4596975126768,397.2662989981473,69.06969466362712,69.06969466362712,69.03144208105243,69.43609184118674,69.48754371764758,7121.776264220898,7121.776264220898,7120.660988031887,7185.925453272648,7211.613583766157,1774787577.7480235,1774787584.998566,1774787577.884625,1774787584.998566,101,51.0,6464,3264.0,7,448,220.5885857833917,238.234,93.845,1569.2541744353778,163.17714133894734,1160.8325485617856,57.41144444444444
304,5,56,75,1,True,2048,64,20260329,20260329,cp1_mbt2048_mns64,75,75,75,280.2380329750512,280.2380329750512,297.1062815049663,313.5391427204013,317.0998342218809,318.6228309059516,68.8204078137372,68.8204078137372,68.80707437144216,69.34948510889944,69.4959211471566,5372.948211191605,5372.948211191605,5379.270867037121,5432.087451801635,5447.27302819374,1774787585.9235566,1774787591.3773715,1774787586.0292869,1774787591.3773715,76,38.5,4256,2156.0,5,280,208.7666460457625,236.778,103.296,1116.5017031214238,151.3552016013181,809.4604361614122,57.41144444444444
305,2,6,50,1,True,2048,64,20260329,20260329,cp1_mbt2048_mns64,50,50,50,194.1032718168572,194.1032718168572,227.3473534733057,228.41587528819213,228.44755911501125,228.455480071716,67.9196520379054,67.9196520379054,67.89691117473365,67.9936598521914,67.99925255781629,3522.166221674221,3522.166221674221,3554.2674264870584,3559.8794562974945,3560.365784098394,1774787592.2497687,1774787595.8111024,1774787592.3431711,1774787595.8111024,51,26.0,306,156.0,4,24,193.90411651856192,227.556,96.708,672.4461491726638,136.49267207411748,473.34720569349673,57.41144444444444
306,3,12,100,1,True,2048,64,20260329,20260329,cp1_mbt2048_mns64,100,100,100,206.3838143270308,206.3838143270308,228.72323245974252,230.4517752956599,230.79974223859608,230.88673397433013,68.17347821324863,68.17347821324863,68.17056047565521,68.29787185521458,68.30347975304426,6955.558157438645,6955.558157438645,6977.962571545504,6990.658567630453,6990.716017571976,1774787596.6839423,1774787603.6765635,1774787596.778304,1774787603.6765635,101,51.0,1212,612.0,7,84,212.3122254014893,229.389,97.514,1464.5848555104735,154.9007809570449,1068.5458054401877,57.41144444444444
307,3,16,20,1,True,2048,64,20260329,20260329,cp1_mbt2048_mns64,20,20,20,332.78237700869795,332.78237700869795,367.0214205048978,372.6011062972248,374.581884406507,375.0770789338276,68.67908159888191,68.67908159888191,68.6959176030206,69.31255511498374,69.36272727570643,1637.684927387454,1637.684927387454,1666.0010474734008,1688.0852216854692,1689.323465153575,1774787604.58132,1774787606.2749896,1774787604.819271,1774787606.2749896,21,11.0,336,176.0,2,32,147.13347274058808,229.354,90.932,214.1849207836389,89.72202829614362,130.61001800072188,57.41144444444444
308,1,16,75,1,True,2048,64,20260329,20260329,cp1_mbt2048_mns64,75,75,75,217.25891128153307,217.25891128153307,225.4621965112165,228.52250502910465,229.00451140012592,229.12501299288124,68.35783350706569,68.35783350706569,68.33037979133124,68.61005558843121,68.63759365735096,5275.738590804394,5275.738590804394,5282.862665480934,5304.134945239639,5305.845862597926,1774787607.1619315,1774787612.470456,1774787607.2538087,1774787612.470456,76,38.5,1216,616.0,5,80,206.78068361464543,229.837,91.244,1078.7018634671929,149.369239170201,779.2066155359241,57.41144444444444
309,5,64,300,1,True,2048,64,20260329,20260329,cp1_mbt2048_mns64,300,300,300,293.12591259076726,293.12591259076726,302.3142640013248,334.6748598967678,339.87967917113565,346.4040190447122,69.44299061918882,69.44299061918882,69.4378406287523,69.60501334015561,69.63066593555027,21056.580107728223,21056.580107728223,21053.1370890094,21131.06525507756,21146.66971211089,1774787613.4425638,1774787634.6636834,1774787613.645272,1774787634.6636834,301,151.0,19264,9664.0,19,1216,232.3185520292028,239.493,86.32,4882.966901922109,174.90710758475834,3676.269543639146,57.41144444444444
310,2,24,10,1,True,2048,64,20260329,20260329,cp1_mbt2048_mns64,10,10,10,227.18149749562144,227.18149749562144,232.91578399948776,236.45296456525105,237.4823817505967,237.7835150109604,70.24726049092823,70.24726049092823,70.2648161095567,72.5069114459782,72.70692568427573,859.4068419139754,859.4068419139754,866.1279009538703,888.9842429663986,889.8396722320467,1774787635.571007,1774787636.4635618,1774787635.667695,1774787636.4635618,11,6.0,264,144.0,1,24,107.69824709992818,155.403,80.744,85.71345151233672,50.28680265548373,40.02159308240147,57.41144444444444
311,4,24,20,1,True,2048,64,20260329,20260329,cp1_mbt2048_mns64,20,20,20,281.01011422889616,281.01011422889616,303.7503374507651,308.4883104020264,309.4231833273079,309.67652902472764,68.76379421048209,68.76379421048209,68.57844736843714,70.32172700396346,70.54964685683923,1587.522204228056,1587.522204228056,1607.925897988025,1640.0646212743595,1640.8610961947124,1774787637.388077,1774787639.0348,1774787637.488964,1774787639.0348,21,11.0,504,264.0,2,48,155.35207766129437,232.408,106.882,240.1488299477101,97.94063321684992,151.40015393063766,57.41144444444444
312,2,16,10,1,True,2048,64,20260329,20260329,cp1_mbt2048_mns64,10,10,10,218.57811581139688,218.57811581139688,227.02753444900736,230.2714522520546,230.82275691558607,230.9605830814689,70.42403411873642,70.42403411873642,70.34287294502266,72.66071449784148,72.67888849730501,852.3944228800246,852.3944228800246,861.640949966386,882.7509390248451,884.4212766562123,1774787639.9405663,1774787640.82582,1774787640.0336804,1774787640.82582,11,6.0,176,96.0,1,16,117.69295925295424,173.73,104.583,93.2292454483509,60.28151480850981,47.75137081906529,57.41144444444444
313,3,56,20,1,True,2048,64,20260329,20260329,cp1_mbt2048_mns64,20,20,20,298.2148977586933,298.2148977586933,303.33179247099906,384.44245199207217,386.0232441627886,386.35933597106487,70.39810627606116,70.39810627606116,70.42883326434284,72.35830253768272,72.61843887788831,1635.7789170038554,1635.7789170038554,1636.3753994810395,1729.6038757776842,1760.697489825543,1774787641.767642,1774787643.541619,1774787641.9470212,1774787643.541619,21,11.0,1176,616.0,2,112,155.6263222771413,235.622,96.084,248.1613936879636,98.21487783269689,156.6132297366196,57.41144444444444
314,4,6,200,1,True,2048,64,20260329,20260329,cp1_mbt2048_mns64,200,200,200,185.85380252140263,185.85380252140263,196.9237010343932,231.2392745516263,231.36432616738605,231.395589071326,67.91416551850321,67.91416551850321,67.91208547261547,67.92830093705268,67.9300422172984,13700.772740703542,13700.772740703542,13711.547158076428,13747.902269504266,13748.42933389009,1774787644.4158068,1774787658.1651356,1774787644.5118768,1774787658.1651356,201,101.0,1206,606.0,13,78,219.24696584836903,228.13,102.394,2993.4355659536127,161.83552140392462,2209.5822568427066,57.41144444444444
315,3,6,200,1,True,2048,64,20260329,20260329,cp1_mbt2048_mns64,200,200,200,165.04832619102672,165.04832619102672,164.9223460117355,232.9357665439602,232.9686341516208,232.976851053536,67.92215221359471,67.92215221359471,67.92403396245925,67.93613135042465,67.93810739556336,13681.556616696374,13681.556616696374,13681.45007203566,13749.923338065855,13750.390721275471,1774787659.0291262,1774787672.7800136,1774787659.1267483,1774787672.7800136,201,101.0,1206,606.0,13,78,219.7672723168805,228.342,96.66,3000.540859532,162.3558278724361,2216.687180846308,57.41144444444444
316,4,48,50,1,True,2048,64,20260329,20260329,cp1_mbt2048_mns64,50,50,50,285.8864074320688,285.8864074320688,303.51543449796736,314.027940138476,314.79998666327447,315.2224099030718,68.69022603481129,68.69022603481129,68.58208459179505,69.54796115763259,69.69051295644319,3651.707483137822,3651.707483137822,3662.0585399796255,3714.6592132223295,3719.832800779259,1774787673.7196214,1774787677.449482,1774787673.8365405,1774787677.449482,51,26.0,2448,1248.0,4,192,200.62166509816856,235.85,95.984,724.834340339422,143.2102206537241,517.4101499287815,57.41144444444444
317,4,24,150,1,True,2048,64,20260329,20260329,cp1_mbt2048_mns64,150,150,150,217.66077016460864,217.66077016460864,228.61216648016125,232.6518697314896,234.1314756858628,234.5335179707036,67.7018388620733,67.7018388620733,67.6970296709692,67.88692055141159,67.9077647491077,10305.23476061353,10305.23476061353,10316.710412502289,10347.551157302223,10349.11045747227,1774787678.3462105,1774787688.6973045,1774787678.4402306,1774787688.6973045,151,76.0,3624,1824.0,10,240,220.9929047468385,233.403,109.668,2266.7405507766007,163.5814603023941,1677.8671235959396,57.41144444444444
318,2,40,300,1,True,2048,64,20260329,20260329,cp1_mbt2048_mns64,300,300,300,251.6225389961619,251.6225389961619,251.26703397836536,302.51600691117346,315.8705249405466,322.0219840295613,67.94801269808588,67.94801269808588,67.93491267556337,68.07419546808967,68.1379939568732,20568.07833572384,20568.07833572384,20573.72846995713,20621.289814752527,20631.35759897763,1774787689.7422247,1774787710.3966515,1774787689.8803651,1774787710.3966515,301,151.0,12040,6040.0,19,760,229.44651275869057,236.879,91.196,4707.390363075256,172.03506831424613,3529.5207277575064,57.41144444444444
319,5,2,300,1,True,2048,64,20260329,20260329,cp1_mbt2048_mns64,300,300,300,91.4119790541008,91.4119790541008,91.4119790541008,91.41599754802884,91.4163547474891,91.41644404735416,66.81111143289888,66.81111143289888,66.81111143289888,66.81478450306065,66.81511099818614,20067.934297490865,20067.934297490865,20067.934297490865,20069.036563963164,20069.134543205146,1774787711.2623987,1774787731.331745,1774787711.3538055,1774787731.331745,301,151.0,602,302.0,19,38,225.37922314537644,231.584,111.906,4502.612454646225,167.96777870093197,3355.650098546328,57.41144444444444
320,2,12,150,1,True,2048,64,20260329,20260329,cp1_mbt2048_mns64,150,150,150,235.2866516448557,235.2866516448557,246.6797015513293,247.5460237415973,247.5649895251263,247.5697309710085,68.1908994799681,68.1908994799681,68.1848663925787,68.27161140480524,68.27707816255999,10395.7306741601,10395.7306741601,10406.499435484877,10419.35231485404,10419.6982173156,1774787732.2298765,1774787742.6511495,1774787732.3416224,1774787742.6511495,151,76.0,1812,912.0,10,120,219.74027191493883,231.033,91.767,2265.418301175356,162.3288274704944,1673.5334554530243,57.41144444444444
321,5,64,50,1,True,2048,64,20260329,20260329,cp1_mbt2048_mns64,50,50,50,322.03002717687923,322.03002717687923,346.594060480129,367.46809488977306,370.2436363440938,370.3029250027612,69.8094550010939,69.8094550010939,69.66496216328055,71.04222242511354,71.12872565165162,3742.69332223048,3742.69332223048,3745.7388620241545,3836.3738583168015,3847.699399900157,1774787743.6102862,1774787747.4612794,1774787743.774522,1774787747.4612794,51,26.0,3264,1664.0,4,256,205.4514548347408,238.681,78.8,757.4496562752456,148.0400103902963,545.7875928662086,57.41144444444444
322,5,6,200,1,True,2048,64,20260329,20260329,cp1_mbt2048_mns64,200,200,200,202.76915604093423,202.76915604093423,224.99228204833344,225.56837779120545,225.5750763986725,225.5767510505393,67.93840162138575,67.93840162138575,67.93965328889595,67.96551527146568,67.96685055590903,13722.511078696698,13722.511078696698,13744.833662058229,13750.689170294208,13750.94819329097,1774787748.3351157,1774787762.0869005,1774787748.42582,1774787762.0869005,201,101.0,1206,606.0,13,78,220.4092082992245,229.246,94.695,3011.027959300276,162.9977638547801,2226.725589449402,57.41144444444444
323,2,2,50,1,True,2048,64,20260329,20260329,cp1_mbt2048_mns64,50,50,50,123.97266598418356,123.97266598418356,123.97266598418356,153.7850949098356,156.4350885921158,157.09758701268584,66.78560268423729,66.78560268423729,66.78560268423729,66.7884506977743,66.78870385453314,3396.467197511811,3396.467197511811,3396.467197511811,3426.1400737741496,3428.7776627752464,1774787762.944801,1774787766.3744414,1774787763.0356486,1774787766.3744414,51,26.0,102,52.0,4,8,199.13681481396063,231.149,111.522,664.8765636956695,141.72537036951618,473.1916462950974,57.41144444444444
324,2,2,200,1,True,2048,64,20260329,20260329,cp1_mbt2048_mns64,200,200,200,154.81703344266862,154.81703344266862,154.81703344266862,215.2658813050948,220.63911222619936,221.9824199564755,66.79755866839949,66.79755866839949,66.79755866839949,66.80146767608657,66.80181514343654,13447.531208454166,13447.531208454166,13447.531208454166,13507.20216378686,13512.506248705322,1774787767.2325735,1774787780.7464046,1774787767.3204172,1774787780.7464046,201,101.0,402,202.0,13,26,223.0392106895637,231.411,100.902,2994.521650729061,165.62776624511926,2223.7163162903403,57.41144444444444
325,3,24,10,1,True,2048,64,20260329,20260329,cp1_mbt2048_mns64,10,10,10,219.384788084426,219.384788084426,225.4749889834784,227.6886396401096,227.8500786714721,227.8895549243316,71.35955692016675,71.35955692016675,71.37757205378472,74.61973773638925,74.92954009419513,861.6208003659267,861.6208003659267,866.1378195392899,899.1612397192512,900.6094884395134,1774787781.645146,1774787782.548456,1774787781.735607,1774787782.548456,11,6.0,264,144.0,1,24,119.16862486797288,156.185,94.744,96.8661313060522,61.757180423528425,50.199279840853485,57.41144444444444
326,1,56,300,1,True,2048,64,20260329,20260329,cp1_mbt2048_mns64,300,300,300,281.97557996359785,281.97557996359785,292.49257600167766,319.34836649452336,324.3350346980151,325.0740399817005,68.9338932004172,68.9338932004172,68.90675055005596,69.10429998344966,69.13488385188518,20893.209646888343,20893.209646888343,20904.850160470232,20965.61155573,20974.09486307879,1774787783.5575442,1774787804.5524137,1774787783.679327,1774787804.5524137,301,151.0,16856,8456.0,19,1064,231.9514189119364,239.031,90.748,4841.54201972521,174.53997446749187,3643.1879764743294,57.41144444444444
327,1,60,20,1,True,2048,64,20260329,20260329,cp1_mbt2048_mns64,20,20,20,293.12656568945386,293.12656568945386,298.85285103227943,348.43990021036,358.62651481758803,362.502992968075,70.113912268987,70.113912268987,70.0818304995712,71.83723097152419,72.05294438705191,1625.2908988002066,1625.2908988002066,1631.9483094848692,1679.7239098115824,1699.010100378655,1774787806.567623,1774787808.2992604,1774787806.717457,1774787808.2992604,21,11.0,1260,660.0,2,120,138.99396639951735,233.182,73.102,219.86111776624853,81.5825219550729,129.0475042324868,57.41144444444444
328,1,2,50,1,True,2048,64,20260329,20260329,cp1_mbt2048_mns64,50,50,50,91.00542904343456,91.00542904343456,91.00542904343456,91.01481698453426,91.01565146818756,91.0158600891009,66.79584251061006,66.79584251061006,66.79584251061006,66.82074923966347,66.82296317113487,3364.0017120633274,3364.0017120633274,3364.0017120633274,3365.2127538458444,3365.3204020042904,1774787809.165026,1774787812.5305903,1774787809.2560418,1774787812.5305903,51,26.0,102,52.0,4,8,194.74290495708132,230.459,87.757,637.6951396981481,137.33146051263694,449.69856496624186,57.41144444444444
329,5,40,300,1,True,2048,64,20260329,20260329,cp1_mbt2048_mns64,300,300,300,355.2513227041345,355.2513227041345,367.4853610573337,375.63223431352526,376.5271580440458,376.701365923509,67.97458416203942,67.97458416203942,67.98027135469923,68.10309455163907,68.12360863311895,20679.65198715392,20679.65198715392,20692.655698978346,20735.161849157885,20738.50632138317,1774787813.4405437,1774787834.1843517,1774787813.6002116,1774787834.1843517,301,151.0,12040,6040.0,19,760,230.61090098586865,237.093,108.378,4746.927085793732,173.19945654142418,3565.1618721684863,57.41144444444444
330,2,12,200,1,True,2048,64,20260329,20260329,cp1_mbt2048_mns64,200,200,200,199.07305809708,199.07305809708,232.6715895324014,234.78851810796183,234.8240907653235,234.8329839296639,68.15927814192277,68.15927814192277,68.15125769847798,68.20836025076665,68.21560247384137,13762.769408339713,13762.769408339713,13793.51520095952,13806.266520428471,13807.822748045435,1774787835.059529,1774787848.868395,1774787835.1569946,1774787848.868395,201,101.0,2412,1212.0,13,156,222.42332565870265,231.43,91.226,3049.7353006236544,165.0118812142582,2262.543992052528,57.41144444444444
331,3,2,10,1,True,2048,64,20260329,20260329,cp1_mbt2048_mns64,10,10,10,90.44451947556809,90.44451947556809,90.44451947556809,90.62811537296513,90.64443500828928,90.64851491712034,66.90773539270998,66.90773539270998,66.90773539270998,67.03037004594485,67.04127090401016,692.614138009958,692.614138009958,692.614138009958,693.9014457864687,694.0158731443807,1774787849.7293582,1774787850.423401,1774787849.819796,1774787850.423401,11,6.0,22,12.0,1,2,108.71427964220128,140.59,100.076,65.62048623871802,51.30283519775685,30.966649479548124,57.41144444444444
332,2,2,75,1,True,2048,64,20260329,20260329,cp1_mbt2048_mns64,75,75,75,123.16162296338008,123.16162296338008,123.16162296338008,153.1276278954465,155.79127277829684,156.45718399900943,66.78314683833034,66.78314683833034,66.78314683833034,66.78770545955017,66.78811067032527,5065.114488999825,5065.114488999825,5065.114488999825,5094.743155961623,5097.376815247117,1774787851.2866552,1774787856.3848836,1774787851.3765209,1774787856.3848836,76,38.5,152,77.0,5,10,208.7561028963952,231.272,109.217,1045.5262937734135,151.34465845195072,757.9889528413091,57.41144444444444
333,2,56,300,1,True,2048,64,20260329,20260329,cp1_mbt2048_mns64,300,300,300,261.9093450069028,261.9093450069028,261.8843225063756,307.1367554657627,318.06985005387105,324.7984499903396,68.95975755684245,68.95975755684245,68.94827988617789,69.13097722062227,69.15284231810108,20880.8768545028,20880.8768545028,20887.10341748083,20941.326113272225,20952.34888728009,1774787857.4073532,1774787878.3773568,1774787857.5557988,1774787878.3773568,301,151.0,16856,8456.0,19,1064,231.92351959045368,239.199,104.351,4829.0090144053465,174.5120751460092,3633.6132941186593,57.41144444444444
334,1,6,150,1,True,2048,64,20260329,20260329,cp1_mbt2048_mns64,150,150,150,191.5560583389985,191.5560583389985,236.0286035691388,236.7821697553154,236.82910918141715,236.8408440379426,67.90420831995235,67.90420831995235,67.90073730532805,67.92696555701379,67.93012491821142,10309.283098011898,10309.283098011898,10352.258038066791,10357.598497939762,10358.169656328391,1774787879.248311,1774787889.6066225,1774787879.3505218,1774787889.6066225,151,76.0,906,456.0,10,60,217.39468401886387,229.162,96.382,2229.621761072876,159.98323957441943,1640.80420812456,57.41144444444444
335,2,12,10,1,True,2048,64,20260329,20260329,cp1_mbt2048_mns64,10,10,10,214.5321459878081,214.5321459878081,225.61295347986743,227.97424148302525,228.1520714750513,228.19652897305787,69.57995557415954,69.57995557415954,69.5032436051406,71.10510902712122,71.2211421621032,840.751746155244,840.751746155244,851.8304769531824,865.408601477975,866.6643131070305,1774787890.5004067,1774787891.3691664,1774787890.591879,1774787891.3691664,11,6.0,132,72.0,1,12,114.9585322209203,172.471,98.997,89.3558281841278,57.54708777647587,44.73063102414873,57.41144444444444
336,2,6,75,1,True,2048,64,20260329,20260329,cp1_mbt2048_mns64,75,75,75,214.34983219175288,214.34983219175288,247.84858553903177,248.73635606491007,248.7798152782489,248.7906800815836,67.92440809239214,67.92440809239214,67.9150578641408,67.97753887469692,67.984622012355,5240.756031028771,5240.756031028771,5273.312355042435,5278.965584759135,5279.446277732495,1774787892.2325408,1774787897.5127175,1774787892.3465106,1774787897.5127175,76,38.5,456,231.0,5,30,205.8159950913401,228.286,99.23,1063.2880500135425,148.40455064689567,766.6886395318511,57.41144444444444
337,1,24,20,1,True,2048,64,20260329,20260329,cp1_mbt2048_mns64,20,20,20,222.95422364065112,222.95422364065112,233.08188951341435,245.23679301491936,248.48532367963344,249.37492504250253,68.81141585906511,68.81141585906511,68.80735436846551,70.02030329711393,70.25928116746638,1530.371124962888,1530.371124962888,1538.9277480426244,1574.4656851165928,1577.2394530894237,1774787898.5111988,1774787900.0944242,1774787898.6224308,1774787900.0944242,21,11.0,504,264.0,2,48,150.71871331236798,232.609,93.974,221.8569582381249,93.30726886792354,137.34768827040995,57.41144444444444
338,1,12,200,1,True,2048,64,20260329,20260329,cp1_mbt2048_mns64,200,200,200,212.1166854146092,212.1166854146092,222.9585900204256,225.62838559388183,225.7932922418695,225.8345189038664,68.18867068715515,68.18867068715515,68.18302409798281,68.25670368540048,68.26053540644719,13781.662152158484,13781.662152158484,13793.37242996553,13804.81163059012,13805.43441496906,1774787900.9868386,1774787914.7971177,1774787901.0761845,1774787914.7971177,201,101.0,2412,1212.0,13,156,221.667785848289,230.751,100.652,3041.488881978836,164.25634140384457,2253.7502879026,57.41144444444444
339,4,40,50,1,True,2048,64,20260329,20260329,cp1_mbt2048_mns64,50,50,50,262.7813212777255,262.7813212777255,248.00276255700737,336.8913621874526,338.3449721953366,338.9770280336961,68.4817827089894,68.4817827089894,68.56572727449428,69.29637053530018,69.40689938679832,3618.388674018206,3618.388674018206,3616.3298280444,3703.188837040216,3719.526248383336,1774787915.705826,1774787919.4412165,1774787915.901599,1774787919.4412165,51,26.0,2040,1040.0,4,160,198.9095231282253,235.18,89.044,704.0636366298195,141.49807868378085,500.8490809663928,57.41144444444444
340,2,16,40,1,True,2048,64,20260329,20260329,cp1_mbt2048_mns64,40,40,40,206.189045762585,206.189045762585,235.5308310361579,238.32819802919403,238.930809230078,239.081462030299,68.38146666641711,68.38146666641711,68.31570526955124,68.75924505696345,68.83832015177737,2873.0662457528524,2873.0662457528524,2898.8001245306805,2918.438199762022,2920.5551960214507,1774787920.3224285,1774787923.244852,1774787920.422441,1774787923.244852,41,21.0,656,336.0,3,48,187.73515382753072,230.088,100.68,529.8657745761872,130.32370938308628,367.8270787864792,57.41144444444444
341,3,24,50,1,True,2048,64,20260329,20260329,cp1_mbt2048_mns64,50,50,50,213.6500917210166,213.6500917210166,224.1761574987322,236.86439503799195,238.1259433995001,238.41060197446487,67.98648019984513,67.98648019984513,67.96672960211123,68.6117316770833,68.62436539906895,3544.987621513428,3544.987621513428,3552.583646029234,3590.7374860253185,3592.8765298018698,1774787924.2422163,1774787927.8505025,1774787924.348591,1774787927.8505025,51,26.0,1224,624.0,4,96,193.44786827014923,232.755,68.27,677.437249417642,136.0364238257048,476.3874712147374,57.41144444444444
342,5,12,20,1,True,2048,64,20260329,20260329,cp1_mbt2048_mns64,20,20,20,214.0143053159894,214.0143053159894,231.1489920248277,233.00879827002063,233.59780601458624,233.74505795072764,68.65452718461472,68.65452718461472,68.6211715250178,69.42355908073583,69.49388891323714,1518.450321823669,1518.450321823669,1535.32212250866,1549.169750942383,1549.3121486273594,1774787928.7415698,1774787930.2962248,1774787928.839111,1774787930.2962248,21,11.0,252,132.0,2,24,146.32989838295646,229.403,93.67,213.2193059204846,88.918453938512,129.56430122485716,57.41144444444444
343,1,2,10,1,True,2048,64,20260329,20260329,cp1_mbt2048_mns64,10,10,10,122.97654949361458,122.97654949361458,122.97654949361458,152.92416872107424,155.58617931907065,156.25168196856976,66.55197955357531,66.55197955357531,66.55197955357531,66.60164795272674,66.60606292154019,721.9443654757924,721.9443654757924,721.9443654757924,751.4449691108894,754.0672449895646,1774787931.1554754,1774787931.9104264,1774787931.2451768,1774787931.9104264,11,6.0,22,12.0,1,2,109.7576501848036,163.136,96.202,73.01623135733603,52.34620574035916,34.82329170295925,57.41144444444444
344,2,64,50,1,True,2048,64,20260329,20260329,cp1_mbt2048_mns64,50,50,50,277.6882997586654,277.6882997586654,284.48997798841447,323.158541333396,329.3409713392612,333.80497491452843,69.60763152955576,69.60763152955576,69.59760240730544,70.51328208050406,70.62452664938566,3688.4622447068978,3688.4622447068978,3685.2130095358007,3759.535847080406,3773.82562472485,1774787932.9265554,1774787936.7288878,1774787933.0630715,1774787936.7288878,51,26.0,3264,1664.0,4,256,202.41815828323644,237.044,102.298,742.0277854813336,145.006713838792,531.567976224568,57.41144444444444
345,2,2,40,1,True,2048,64,20260329,20260329,cp1_mbt2048_mns64,40,40,40,89.72082199761644,89.72082199761644,89.72082199761644,89.91463250131346,89.93186010164209,89.93616700172424,66.58909069105553,66.58909069105553,66.58909069105553,66.62227606821735,66.62522587952061,2686.695358948782,2686.695358948782,2686.695358948782,2688.1833991617896,2688.315669402946,1774787937.5939207,1774787940.282269,1774787937.6836128,1774787940.282269,41,21.0,82,42.0,3,6,183.8688157944812,230.193,84.493,477.8118340177537,126.45737135003677,328.61922925180875,57.41144444444444
346,3,64,200,1,True,2048,64,20260329,20260329,cp1_mbt2048_mns64,200,200,200,390.8610787984799,390.8610787984799,406.2731509911828,420.0018040311989,424.2792244569864,425.3827639622614,69.25067950788758,69.25067950788758,69.2040047636981,69.51984151181104,69.55913693512481,14171.746300868108,14171.746300868108,14184.618204482833,14241.047266527312,14254.986986424774,1774787941.2079818,1774787955.4687648,1774787941.4270265,1774787955.4687648,201,101.0,12864,6464.0,13,832,228.4113684488149,238.647,90.552,3207.292654042122,170.99992400437046,2401.136177352227,57.41144444444444
347,4,64,150,1,True,2048,64,20260329,20260329,cp1_mbt2048_mns64,150,150,150,299.76328298107546,299.76328298107546,302.9969275230542,353.9206323737744,359.0106476086657,362.20848793163896,69.12941335674425,69.12941335674425,69.12140502678793,69.37480079617208,69.42471450642408,10600.045873135969,10600.045873135969,10605.338935449254,10673.175240959972,10691.450863945063,1774787956.5474584,1774787967.2535694,1774787956.7124858,1774787967.2535694,151,76.0,9664,4864.0,10,640,225.4485422051484,238.78,80.13,2376.4719250874523,168.03709776070392,1771.2930910775665,57.41144444444444
348,3,48,50,1,True,2048,64,20260329,20260329,cp1_mbt2048_mns64,50,50,50,336.8199955997018,336.8199955997018,367.99582897219807,379.67022695811465,383.645727597177,385.2563489926979,68.45217517434166,68.45217517434166,68.36148851066447,69.24244011633516,69.36175155793126,3690.9765791424434,3690.9765791424434,3719.5564249996096,3760.780657333089,3765.429754555226,1774787968.1804862,1774787971.958929,1774787968.315663,1774787971.958929,51,26.0,2448,1248.0,4,192,198.33511120102173,236.259,68.261,722.587559827309,140.92366675657732,513.422398419123,57.41144444444444
349,5,12,100,1,True,2048,64,20260329,20260329,cp1_mbt2048_mns64,100,100,100,205.73365703846017,205.73365703846017,233.6649925564416,235.4486040654592,235.78539287438616,235.8695900766179,68.14142312777702,68.14142312777702,68.12798306098998,68.25927167671092,68.26896954333701,6951.734546688385,6951.734546688385,6976.247391023208,6991.354897501878,6992.121307528578,1774787972.8483915,1774787979.8426125,1774787972.9469323,1774787979.8426125,101,51.0,1212,612.0,7,84,212.3934371079252,229.904,108.741,1464.59721656692,154.9819926634808,1068.7062564818723,57.41144444444444
350,4,16,50,1,True,2048,64,20260329,20260329,cp1_mbt2048_mns64,50,50,50,218.6828266858356,218.6828266858356,226.40320454956964,231.1455965100322,231.3587128941436,231.41199199017137,68.5440400422002,68.5440400422002,68.5395057032797,68.95083129674444,68.96677785184785,3577.340788753645,3577.340788753645,3585.123217490036,3604.7009655449074,3607.89136592648,1774787980.7354376,1774787984.3466785,1774787980.831031,1774787984.3466785,51,26.0,816,416.0,4,64,195.2827433156997,230.078,99.091,686.545224459436,137.87129887125528,484.7068421046202,57.41144444444444
351,4,64,75,1,True,2048,64,20260329,20260329,cp1_mbt2048_mns64,75,75,75,289.3980267454026,289.3980267454026,299.83454948524013,323.0955447303131,331.4428902929649,335.5702710105106,69.39351010800779,69.39351010800779,69.31546436562958,70.09892401598533,70.1827623765299,5424.5177747379785,5424.5177747379785,5431.714128470048,5497.719419316854,5503.4521290508565,1774787985.3999786,1774787990.9283056,1774787985.5335362,1774787990.9283056,76,38.5,4864,2464.0,5,320,212.8625883584533,237.483,96.118,1148.3445845010272,155.4511439140089,838.6230790707791,57.41144444444444
352,4,24,200,1,True,2048,64,20260329,20260329,cp1_mbt2048_mns64,200,200,200,231.01633883197792,231.01633883197792,236.3297480624169,240.9138568677008,240.9996723011136,241.0134640522301,67.6845101882599,67.6845101882599,67.68684323389205,67.81036564705884,67.81929990597274,13700.2338662957,13700.2338662957,13706.155863474123,13730.142350093229,13732.183641528243,1774787991.8208177,1774788005.55548,1774787991.922103,1774788005.55548,201,101.0,4824,2424.0,13,312,224.40993436617595,233.094,98.193,3059.465254633908,166.99848992173153,2276.75338409117,57.41144444444444
353,4,64,200,1,True,2048,64,20260329,20260329,cp1_mbt2048_mns64,200,200,200,304.4471375978901,304.4471375978901,318.998365488369,339.51195655972697,340.3716533712577,340.4042199254036,69.25224099058457,69.25224099058457,69.22769684949421,69.51070729240625,69.52950448077992,14085.64309472422,14085.64309472422,14095.924455032218,14156.384621845791,14157.644471341046,1774788006.501011,1774788020.6765056,1774788006.6273797,1774788020.6765056,201,101.0,12864,6464.0,13,832,229.79376339616056,239.322,104.592,3228.401515240668,172.38231895171614,2421.820903576876,57.41144444444444
354,3,64,75,1,True,2048,64,20260329,20260329,cp1_mbt2048_mns64,75,75,75,276.0542073283432,276.0542073283432,273.4264960163273,327.2538573946804,338.2921700552106,342.0895989984274,69.40760431238282,69.40760431238282,69.33337365547698,70.08211722973469,70.17060124488371,5412.216926444671,5412.216926444671,5422.068425978068,5474.078848439967,5490.629029478878,1774788021.7571144,1774788027.2920272,1774788021.8956993,1774788027.2920272,76,38.5,4864,2464.0,5,320,213.83497931566183,238.497,94.079,1153.9236803612707,156.42353487121738,844.1126967691314,57.41144444444444
355,1,2,200,1,True,2048,64,20260329,20260329,cp1_mbt2048_mns64,200,200,200,91.25630150083452,91.25630150083452,91.25630150083452,91.2647709948942,91.26552383881062,91.26571204978973,66.80169325888194,66.80169325888194,66.80169325888194,66.80656722711689,66.80700046873777,13384.79326001834,13384.79326001834,13384.79326001834,13385.771649191156,13385.858617117628,1774788028.1586106,1774788041.544672,1774788028.2498572,1774788041.544672,201,101.0,402,202.0,13,26,222.412433035206,231.195,90.687,2956.9321119936726,165.00098859076155,2193.65758926568,57.41144444444444
356,3,60,20,1,True,2048,64,20260329,20260329,cp1_mbt2048_mns64,20,20,20,289.90794152293046,289.90794152293046,306.98941252194345,327.0549457287416,329.7969411406666,330.16791893169284,71.29415891188393,71.29415891188393,70.75566331255496,74.615143255735,75.10123544317474,1644.4969608487252,1644.4969608487252,1653.1435109791346,1730.9454000729602,1736.7527760961093,1774788042.467571,1774788044.220095,1774788042.5907023,1774788044.220095,21,11.0,1260,660.0,2,120,166.56110534553812,237.696,110.61,271.3933967676163,109.14966090109368,177.84762635027042,57.41144444444444
357,4,64,100,1,True,2048,64,20260329,20260329,cp1_mbt2048_mns64,100,100,100,273.4564491602214,273.4564491602214,271.17402997100726,323.43817858491093,330.21324085071683,333.02370295859873,69.23237735206541,69.23237735206541,69.18301727773263,69.7445936866735,69.80119920048787,7127.461807014697,7127.461807014697,7139.4086864893325,7205.158354778541,7221.928745119367,1774788045.228253,1774788052.4768376,1774788045.3627155,1774788052.4768376,101,51.0,6464,3264.0,7,448,220.56474983331265,238.571,69.893,1569.1245728119611,163.15330538886818,1160.6925440925625,57.41144444444444
358,2,64,20,1,True,2048,64,20260329,20260329,cp1_mbt2048_mns64,20,20,20,327.6854741779971,327.6854741779971,345.5270204576664,371.16048700991087,373.3450877293944,373.5294049838558,70.67873733476996,70.67873733476996,70.67088262901004,73.03819639338671,73.32583227556347,1670.5814835386263,1670.5814835386263,1679.141704516951,1736.2194977758918,1742.232678604778,1774788053.4261694,1774788055.185151,1774788053.61599,1774788055.185151,21,11.0,1344,704.0,2,128,166.2161854692823,237.289,103.702,260.82002480351923,108.8047410248378,170.73220139613414,57.41144444444444
359,3,40,75,1,True,2048,64,20260329,20260329,cp1_mbt2048_mns64,75,75,75,262.05844651849475,262.05844651849475,251.00176595151424,384.8131325561553,388.1113846646622,389.7873889654875,68.04959688400945,68.04959688400945,68.06313433775654,68.55910562003987,68.60082640081355,5297.728615935193,5297.728615935193,5290.861247456633,5429.685633810004,5449.320654714247,1774788056.101657,1774788061.5680175,1774788056.34964,1774788061.5680175,76,38.5,3040,1540.0,5,200,212.24863640176733,235.028,69.617,1107.5935277451274,154.83719195732286,807.9989326364064,57.41144444444444
360,4,40,300,1,True,2048,64,20260329,20260329,cp1_mbt2048_mns64,300,300,300,356.4964956662152,356.4964956662152,362.4368420569226,433.183764689602,436.86200267635286,438.2375759305432,67.92785810785762,67.92785810785762,67.91855258023037,68.03924035536744,68.05591213056681,20666.926069915644,20666.926069915644,20677.203922939952,20740.738544915803,20741.759915552106,1774788062.4803853,1774788083.2291737,1774788062.7179422,1774788083.2291737,301,151.0,12040,6040.0,19,760,229.71996084668496,236.811,90.1,4711.839279276608,172.3085164022405,3534.259855980951,57.41144444444444
361,1,64,50,1,True,2048,64,20260329,20260329,cp1_mbt2048_mns64,50,50,50,270.7185865383508,270.7185865383508,271.8217634828761,318.2579983666073,323.7207459739875,327.5154010625556,69.5870171702878,69.5870171702878,69.56108661287712,70.5355789189284,70.63296665713115,3680.4824278824526,3680.4824278824526,3678.068056411576,3755.5541424255352,3782.27986828424,1774788084.2707586,1774788088.0665913,1774788084.3970196,1774788088.0665913,51,26.0,3264,1664.0,4,256,203.59195438965224,238.356,85.147,747.0952615751029,146.1805099452078,536.4198533389966,57.41144444444444
362,2,56,100,1,True,2048,64,20260329,20260329,cp1_mbt2048_mns64,100,100,100,292.525979767171,292.525979767171,286.9369374238886,346.12343899789266,352.8578857483808,353.52810798212886,68.8224490551998,68.8224490551998,68.76245541897875,69.40524682321474,69.53516654473862,7105.948436231951,7105.948436231951,7108.711527544074,7158.501947822515,7167.19983125804,1774788090.0587797,1774788097.2504752,1774788090.2366858,1774788097.2504752,101,51.0,5656,2856.0,7,392,214.8458425154834,237.239,75.577,1506.883496169091,157.43439807103894,1104.2117148041466,57.41144444444444
363,3,48,100,1,True,2048,64,20260329,20260329,cp1_mbt2048_mns64,100,100,100,403.4191161578444,403.4191161578444,435.2150929626077,448.08595057111233,450.4730543214828,451.3927859952673,68.21483029981586,68.21483029981586,68.18177759050006,68.65061548552616,68.68549794071552,7156.687315839615,7156.687315839615,7182.222894509323,7236.516595381545,7240.845396913355,1774788098.1794977,1774788105.4260511,1774788098.354968,1774788105.4260511,101,51.0,4848,2448.0,7,336,219.34028196027103,236.658,79.675,1550.9733540855436,161.9288375158266,1145.0122613163448,57.41144444444444
364,1,40,200,1,True,2048,64,20260329,20260329,cp1_mbt2048_mns64,200,200,200,355.66784945258405,355.66784945258405,367.22534196451306,426.5834782097954,432.0193798770197,433.0751820234582,67.8334525243605,67.8334525243605,67.83445801757904,68.04065400244313,68.05964604479345,13854.524901800323,13854.524901800323,13871.502898982726,13911.09237690107,13915.64929537708,1774788106.3373184,1774788120.2591052,1774788106.5053203,1774788120.2591052,201,101.0,8040,4040.0,13,520,227.6098263154071,236.428,96.396,3130.4965911175,170.19838187096266,2340.871933720627,57.41144444444444
365,3,48,200,1,True,2048,64,20260329,20260329,cp1_mbt2048_mns64,200,200,200,344.5306559102998,344.5306559102998,369.57898194668815,382.5730367214419,384.7112756804563,385.1800169795752,68.27190253267447,68.27190253267447,68.25101344954999,68.48007840746148,68.50814876616371,13930.63925991252,13930.63925991252,13952.2907154751,13997.31912779389,14002.362677834462,1774788121.167883,1774788135.1791618,1774788121.2710073,1774788135.1791618,201,101.0,9648,4848.0,13,624,227.67490565706103,237.079,87.743,3166.537760830406,170.26346121261662,2368.050522140242,57.41144444444444
366,1,60,300,1,True,2048,64,20260329,20260329,cp1_mbt2048_mns64,300,300,300,283.73081363194314,283.73081363194314,288.9810799970292,327.4580573430285,401.500490225153,405.2551310742274,69.23917703155439,69.23917703155439,69.22142144333864,69.40329036101882,69.42215998699098,20986.244746066703,20986.244746066703,20991.96789547568,21055.9232929314,21103.96372909192,1774788136.1078362,1774788157.2674465,1774788136.3081596,1774788157.2674465,301,151.0,18060,9060.0,19,1140,233.10038836962752,240.719,74.046,4885.617867333025,175.68894392518308,3682.314943948784,57.41144444444444
367,2,6,200,1,True,2048,64,20260329,20260329,cp1_mbt2048_mns64,200,200,200,319.14531099998084,319.14531099998084,354.4309720746241,354.78476571734063,354.7888859116938,354.7899159602821,67.88664216078566,67.88664216078566,67.93479407299778,67.96030618321156,67.96318646663703,13828.587100996325,13828.587100996325,13873.160193499643,13878.857906500343,13879.427792516071,1774788158.1386178,1774788172.0181875,1774788158.282062,1774788172.0181875,201,101.0,1206,606.0,13,78,220.8582609107524,229.486,84.821,3033.73678278112,163.44681646630798,2245.12597852378,57.41144444444444
368,3,40,300,1,True,2048,64,20260329,20260329,cp1_mbt2048_mns64,300,300,300,249.7580404189648,249.7580404189648,233.4902950096876,306.1162227473687,315.1487705868203,317.77557311579585,67.90498130999383,67.90498130999383,67.90192901677791,67.99901042440766,68.013269972581,20553.34745210712,20553.34745210712,20553.71241999092,20603.70729532442,20606.348961805925,1774788172.9454274,1774788193.5575442,1774788173.0479426,1774788193.5575442,301,151.0,12040,6040.0,19,760,230.5560297269918,237.088,111.397,4728.612314568519,173.14458528254735,3551.126462133301,57.41144444444444
369,2,60,300,1,True,2048,64,20260329,20260329,cp1_mbt2048_mns64,300,300,300,303.757403511554,303.757403511554,314.7265875013545,329.4144796091132,331.73668388975784,332.6507318997756,69.25701565339428,69.25701565339428,69.24097760374903,69.43472615539727,69.4500740830799,21011.60508387645,21011.60508387645,21023.114591953345,21079.45447753882,21090.74976516422,1774788194.4955077,1774788215.589403,1774788194.6199956,1774788215.589403,301,151.0,18060,9060.0,19,1140,233.9164374051556,240.955,100.323,4905.088999027249,176.50499296071112,3701.2050493288007,57.41144444444444
370,5,40,100,1,True,2048,64,20260329,20260329,cp1_mbt2048_mns64,100,100,100,273.3443502773298,273.3443502773298,262.9419034929015,385.1057424850296,387.59743358707055,387.7559370594099,67.93625149637757,67.93625149637757,67.94146342424092,68.27618485184934,68.30818692245755,6999.033248418709,6999.033248418709,6985.600563522894,7137.177210871596,7142.629314024234,1774788216.5178478,1774788223.666773,1774788216.7600052,1774788223.666773,101,51.0,4040,2040.0,7,280,217.3890483309706,236.658,77.486,1501.455740730523,159.97760388652617,1104.928208609845,57.41144444444444
371,4,40,75,1,True,2048,64,20260329,20260329,cp1_mbt2048_mns64,75,75,75,326.63083319494035,326.63083319494035,319.58654150366783,391.8937746551819,397.1508051641285,398.21001200471073,67.7703546196131,67.7703546196131,67.74938574321945,68.10591697434869,68.17041412947661,5341.63707504631,5341.63707504631,5344.618900504429,5411.922243714798,5417.952430684818,1774788224.605437,1774788230.029192,1774788224.7918575,1774788230.029192,76,38.5,3040,1540.0,5,200,210.7572136708008,236.348,72.582,1103.805973888516,153.34576922635637,803.1230494770602,57.41144444444444
372,3,24,75,1,True,2048,64,20260329,20260329,cp1_mbt2048_mns64,75,75,75,230.75444365288908,230.75444365288908,233.63416851498187,241.22022145893425,241.65885434718805,241.7762930272147,67.74318012583797,67.74318012583797,67.78331573681302,68.10366072097315,68.15149309989883,5243.749772964899,5243.749772964899,5252.196661022026,5275.124181812862,5275.644913966535,1774788230.9171553,1774788236.1969,1774788231.0804746,1774788236.1969,76,38.5,1824,924.0,5,120,211.9193960804604,234.117,114.013,1084.2697545388926,154.50795163601595,790.5283890629996,57.41144444444444
373,2,12,75,1,True,2048,64,20260329,20260329,cp1_mbt2048_mns64,75,75,75,214.35508999275044,214.35508999275044,225.1850314787589,226.9998213101644,227.0331970753614,227.04154101666063,68.21275350002169,68.21275350002169,68.21437498611222,68.35695745122959,68.36521679782498,5262.098848994356,5262.098848994356,5272.588889987674,5284.43456114037,5285.863217802253,1774788237.0715046,1774788242.3582244,1774788237.1635108,1774788242.3582244,76,38.5,912,462.0,5,60,207.9519381553487,230.567,92.11,1080.2507597284016,150.54049371090426,782.0147489061055,57.41144444444444
374,4,12,100,1,True,2048,64,20260329,20260329,cp1_mbt2048_mns64,100,100,100,215.47823823251144,215.47823823251144,226.30922502139583,228.852028894471,229.15999850840308,229.2369909118861,68.18818581907504,68.18818581907504,68.18582360618606,68.3047686612958,68.31878541684192,6966.108634320942,6966.108634320942,6978.109849034809,6987.980722804787,6990.178299766267,1774788243.2488225,1774788250.2415867,1774788243.341852,1774788250.2415867,101,51.0,1212,612.0,7,84,212.44351510245176,230.4,96.525,1465.8039004817456,155.03207065800737,1069.6801630338216,57.41144444444444
375,5,2,100,1,True,2048,64,20260329,20260329,cp1_mbt2048_mns64,100,100,100,124.30846801726148,124.30846801726148,124.30846801726148,154.3279031815473,156.9962974183727,157.66339597757906,66.78295172245308,66.78295172245308,66.78295172245308,66.78560489907419,66.78584073699606,6735.820688540116,6735.820688540116,6735.820688540116,6765.577459218912,6768.222505501472,1774788251.09982,1774788257.868703,1774788251.190992,1774788257.868703,101,51.0,202,102.0,7,14,208.5151631713516,231.197,96.716,1392.403901429176,151.10371872690712,1009.0268941396072,57.41144444444444
376,3,24,300,1,True,2048,64,20260329,20260329,cp1_mbt2048_mns64,300,300,300,284.7989694176552,284.7989694176552,295.3615745063871,298.4902180440258,299.0656982548535,299.22149796038866,67.71650175100211,67.71650175100211,67.72317733778385,67.79361238773603,67.7993239648134,20532.032992967288,20532.032992967288,20542.59404557524,20564.22083558864,20565.160353116225,1774788258.765276,1774788279.3343728,1774788258.873467,1774788279.3343728,301,151.0,7224,3624.0,19,456,228.41417246476965,234.225,101.881,4673.560863977607,171.0027280203252,3498.870707913124,57.41144444444444
377,1,60,200,1,True,2048,64,20260329,20260329,cp1_mbt2048_mns64,200,200,200,353.3380203026657,353.3380203026657,375.3461395390332,390.1705637108535,393.7123685330153,395.0252099893987,69.01847244617865,69.01847244617865,69.01436549992812,69.22375773390914,69.26956145412255,14088.014037092216,14088.014037092216,14102.925224520732,14157.106342236511,14162.921112534825,1774788280.2581398,1774788294.430786,1774788280.369793,1774788294.430786,201,101.0,12060,6060.0,13,780,230.07438984933188,239.853,81.556,3235.07437506461,172.6629454048874,2427.8124591282194,57.41144444444444
378,3,2,40,1,True,2048,64,20260329,20260329,cp1_mbt2048_mns64,40,40,40,90.68111394299194,90.68111394299194,90.68111394299194,90.88978702784516,90.90833574649878,90.91297292616218,66.79725820700136,66.79725820700136,66.79725820700136,66.80858530677283,66.80959216008583,2695.774184016045,2695.774184016045,2695.774184016045,2696.424613991985,2696.4824299898464,1774788295.2965102,1774788297.9930062,1774788295.3871417,1774788297.9930062,41,21.0,82,42.0,3,6,186.64763906261132,231.1,85.396,486.3785057789088,129.23619461816696,336.7720456932784,57.41144444444444
379,5,16,20,1,True,2048,64,20260329,20260329,cp1_mbt2048_mns64,20,20,20,244.9309245857876,244.9309245857876,295.2794360462576,300.03673254395835,301.0645577625837,301.32151406724006,68.33247647629928,68.33247647629928,68.2953326552371,69.08244920716818,69.1185021365527,1543.247977635474,1543.247977635474,1593.9597095712088,1608.1814542412758,1609.545509237796,1774788298.904197,1774788300.5187836,1774788299.033692,1774788300.5187836,21,11.0,336,176.0,2,32,159.30703889009743,230.344,106.724,236.5855210348368,101.895594445653,151.3242758828137,57.41144444444444
380,5,16,150,1,True,2048,64,20260329,20260329,cp1_mbt2048_mns64,150,150,150,243.58716937422287,243.58716937422287,251.65943952742964,255.85390723426823,256.2514654418919,256.35085499379784,68.26731110147541,68.26731110147541,68.26326530895527,68.37570818938822,68.38445372886537,10415.41652349406,10415.41652349406,10422.723608964588,10442.529268475482,10445.274039247306,1774788301.416263,1774788311.8622222,1774788301.5368216,1774788311.8622222,151,76.0,2416,1216.0,10,160,219.6797876285601,230.631,108.086,2268.281808987976,162.2683431841157,1675.4856465970818,57.41144444444444
381,2,60,20,1,True,2048,64,20260329,20260329,cp1_mbt2048_mns64,20,20,20,315.02810359816067,315.02810359816067,303.8361345534213,385.54343924624845,388.5556807788089,390.10024000890553,70.90571393930811,70.90571393930811,70.95580357800876,73.36353034111916,73.67353593624246,1662.2366684450146,1662.2366684450146,1653.5631470615044,1754.1590629261918,1762.7156859915704,1774788312.7934434,1774788314.5806355,1774788312.9794683,1774788314.5806355,21,11.0,1260,660.0,2,120,177.5636283454406,237.825,133.033,284.3090579741001,120.15218390099618,192.3837361104488,57.41144444444444
382,5,24,100,1,True,2048,64,20260329,20260329,cp1_mbt2048_mns64,100,100,100,318.34788150930154,318.34788150930154,365.8845100435428,369.40418874146417,369.7106075100601,369.78551000356674,67.65395614219773,67.65395614219773,67.62101270218446,67.87457984767505,67.8851331223268,7016.0895395868765,7016.0895395868765,7048.430403519888,7086.680689256173,7089.619110389613,1774788315.4713116,1774788322.5634298,1774788315.703668,1774788322.5634298,101,51.0,2424,1224.0,7,168,215.59523964559287,233.14,95.756,1478.9320222450503,158.18379520114843,1085.1031799579605,57.41144444444444
383,5,56,150,1,True,2048,64,20260329,20260329,cp1_mbt2048_mns64,150,150,150,340.6788395472436,340.6788395472436,370.87480450281873,389.2670829955023,393.6668039008509,394.9129839893431,68.63051813476083,68.63051813476083,68.60662701355307,68.8358407868807,68.85222707673495,10566.626041626609,10566.626041626609,10579.015426978003,10639.458879013546,10644.540971063543,1774788323.51029,1774788334.1643996,1774788323.6424184,1774788334.1643996,151,76.0,8456,4256.0,10,560,225.9007919522167,237.57,108.297,2376.9238948684942,168.48934750777224,1772.8417535018534,57.41144444444444
384,5,64,40,1,True,2048,64,20260329,20260329,cp1_mbt2048_mns64,40,40,40,278.75630566995824,278.75630566995824,272.31339551508427,339.2855059588328,343.18295610835776,344.83777394052595,69.73175247758962,69.73175247758962,69.67308007640382,70.84607199052326,70.93424403693717,2998.2946522959537,2998.2946522959537,2992.7111280267127,3071.161462640157,3083.169956075726,1774788335.2121525,1774788338.3288407,1774788335.3742168,1774788338.3288407,41,21.0,2624,1344.0,3,192,196.0262966643537,237.612,73.921,579.1839885249137,138.61485221990927,409.5547604767746,57.41144444444444
385,1,40,75,1,True,2048,64,20260329,20260329,cp1_mbt2048_mns64,75,75,75,228.48934326902963,228.48934326902963,234.4277465599589,246.2667192623485,250.5099411366973,250.8352299919352,68.00565563934396,68.00565563934396,67.98440451353059,68.45674548664671,68.49578707368818,5260.9078605804825,5260.9078605804825,5269.330586481374,5299.917152454145,5305.076499773422,1774788339.3453553,1774788344.6648614,1774788339.4539163,1774788344.6648614,76,38.5,3040,1540.0,5,200,211.12305245156435,234.829,84.955,1100.1506418753854,153.7116080071199,800.9827550761029,57.41144444444444
386,1,16,20,1,True,2048,64,20260329,20260329,cp1_mbt2048_mns64,20,20,20,274.9849142055609,274.9849142055609,296.1494839983061,298.43329422874376,298.6301861121319,298.67940908297896,69.1034269709091,69.1034269709091,69.05095194662479,70.14643969657635,70.19004280170377,1587.950026652834,1587.950026652834,1604.1805805871263,1624.8883412336,1627.5803954922594,1774788345.54455,1774788347.1760964,1774788345.705503,1774788347.1760964,21,11.0,336,176.0,2,32,152.3732045276872,229.502,94.161,224.07903690779204,94.96176008324277,139.65014261188767,57.41144444444444
387,3,56,75,1,True,2048,64,20260329,20260329,cp1_mbt2048_mns64,75,75,75,288.355461766644,288.355461766644,310.9204445499927,328.83201097138226,329.8692661279347,330.6809769710526,68.78800617307775,68.78800617307775,68.72944411510173,69.3745601794846,69.46631251776125,5378.667918574398,5378.667918574398,5394.678639539052,5450.198977690889,5457.982049364364,1774788348.1194952,1774788353.589126,1774788348.241238,1774788353.589126,76,38.5,4256,2156.0,5,280,213.690702461835,236.829,89.076,1142.7938909333948,156.27925801739056,835.7639302242203,57.41144444444444
388,4,2,75,1,True,2048,64,20260329,20260329,cp1_mbt2048_mns64,75,75,75,124.419943545945,124.419943545945,124.419943545945,154.25424651475623,156.90618455642834,157.56916906684637,66.77671187837306,66.77671187837306,66.77671187837306,66.77948662742179,66.77973327178168,5065.896622545552,5065.896622545552,5065.896622545552,5095.525594084756,5098.159280443797,1774788354.4532611,1774788359.5522642,1774788354.544531,1774788359.5522642,76,38.5,152,77.0,5,10,207.5199066588411,230.151,111.059,1039.2043068567511,150.10846221439664,751.7031158138245,57.41144444444444
389,5,24,75,1,True,2048,64,20260329,20260329,cp1_mbt2048_mns64,75,75,75,225.48626142088324,225.48626142088324,231.78989702137187,237.93416720582167,238.06953249848448,238.09623206034303,67.48529968047535,67.48529968047535,67.59097206097951,67.91363540176314,67.92066498192317,5219.39843777606,5219.39843777606,5229.863051965367,5257.4688077264,5259.613041114062,1774788360.4336483,1774788365.6975138,1774788360.5829165,1774788365.6975138,76,38.5,1824,924.0,5,120,211.9241848345276,232.906,117.537,1083.9069184424882,154.51274039008317,790.2704848296912,57.41144444444444
390,5,16,50,1,True,2048,64,20260329,20260329,cp1_mbt2048_mns64,50,50,50,228.9647916913964,228.9647916913964,254.09443891840056,256.4318767981604,256.75822340417653,256.8398100556806,68.12183462898247,68.12183462898247,68.0960249595287,68.38743010659378,68.42831250289645,3566.9346885115374,3566.9346885115374,3589.341050479561,3605.865261954023,3607.94226033031,1774788366.5750103,1774788370.1845286,1774788366.694455,1774788370.1845286,51,26.0,816,416.0,4,64,197.09412897468323,229.871,94.694,687.8730791809562,139.6826845302388,487.5028942562742,57.41144444444444
391,5,56,100,1,True,2048,64,20260329,20260329,cp1_mbt2048_mns64,100,100,100,333.28155826893635,333.28155826893635,315.6051799887791,397.2433089220431,400.9799578168895,402.0481980405748,68.43937088518362,68.43937088518362,68.4381485046499,68.7164633262625,68.74411468202427,7108.779275902115,7108.779275902115,7110.264607530553,7184.833569772309,7192.25627813139,1774788371.1348672,1774788378.337804,1774788371.3292348,1774788378.337804,101,51.0,5656,2856.0,7,392,218.36448537051496,237.113,75.892,1530.422615400704,160.95304092607054,1128.0505318106734,57.41144444444444
392,3,64,100,1,True,2048,64,20260329,20260329,cp1_mbt2048_mns64,100,100,100,270.1300060161884,270.1300060161884,268.8201975543052,319.9290849384852,341.7510684742592,347.0320680644363,69.21700679731198,69.21700679731198,69.23182169151859,69.5778297697843,70.03185734585529,7122.613678950074,7122.613678950074,7126.095385465305,7193.295992101776,7211.270172726363,1774788379.403243,1774788386.6401927,1774788379.5551012,1774788386.6401927,101,51.0,6464,3264.0,7,448,219.75328780386457,237.892,93.441,1556.9721714876894,162.3418433594201,1150.2068292340043,57.41144444444444
393,4,40,150,1,True,2048,64,20260329,20260329,cp1_mbt2048_mns64,150,150,150,266.6604055295465,266.6604055295465,238.4545520762913,364.83447765931487,370.55574137717485,374.02518291492015,67.71271714779327,67.71271714779327,67.69426508717576,67.8855493184626,67.92751382883239,10355.855260550745,10355.855260550745,10350.61540704919,10435.794127674308,10441.1499772151,1774788387.554218,1774788398.0003755,1774788387.692486,1774788398.0003755,151,76.0,6040,3040.0,10,400,224.04138259620112,235.749,106.735,2309.3938600227825,166.62993815175668,1717.6030231754507,57.41144444444444
394,3,24,150,1,True,2048,64,20260329,20260329,cp1_mbt2048_mns64,150,150,150,218.50842087587807,218.50842087587807,229.8127039684914,233.6796700372361,234.2656956950668,234.4374960521236,67.69136147783502,67.69136147783502,67.69262372098876,67.86312563333115,67.87789783345991,10304.521281073296,10304.521281073296,10317.262508440765,10338.845452223904,10345.048414018238,1774788398.9036417,1774788409.251132,1774788398.9988613,1774788409.251132,151,76.0,3624,1824.0,10,240,221.6185136772888,233.201,110.749,2272.092994029286,164.20706923284433,1683.4953243902282,57.41144444444444
395,4,6,50,1,True,2048,64,20260329,20260329,cp1_mbt2048_mns64,50,50,50,163.54147218711054,163.54147218711054,162.9844355629757,231.8784205126576,232.04397851368407,232.08536801394075,67.92831576118867,67.92831576118867,67.920633142681,67.9952249991736,67.9982263054366,3492.028944485355,3492.028944485355,3491.89052748261,3561.15742601105,3561.454110807972,1774788410.1228356,1774788413.6861734,1774788410.2194493,1774788413.6861734,51,26.0,306,156.0,4,24,194.520928071534,227.744,89.641,674.3504004524946,137.10948362708956,475.32075908953607,57.41144444444444
396,4,16,200,1,True,2048,64,20260329,20260329,cp1_mbt2048_mns64,200,200,200,217.090995691251,217.090995691251,223.3541514724493,235.78153547714464,236.807908670744,237.0645019691437,68.28789600983862,68.28789600983862,68.29203861056541,68.38517960575736,68.39292853659407,13806.382301649135,13806.382301649135,13816.680579038804,13832.283650786849,13842.51491255709,1774788414.691616,1774788428.5425386,1774788414.794979,1774788428.5425386,201,101.0,3216,1616.0,13,208,221.285705681556,230.594,78.463,3042.1384158510023,163.87426123711154,2252.87116464736,57.41144444444444
397,1,48,100,1,True,2048,64,20260329,20260329,cp1_mbt2048_mns64,100,100,100,310.76998254138744,310.76998254138744,302.6356835034676,377.5282352988143,378.6875427071936,378.71597392950207,68.23503329228102,68.23503329228102,68.21091299008748,68.62158448702297,68.67991513912472,7066.038278477208,7066.038278477208,7074.545625539031,7123.806370567763,7131.552739040926,1774788429.467836,1774788436.6049452,1774788429.598321,1774788436.6049452,101,51.0,4848,2448.0,7,336,219.0377061482625,236.211,111.341,1534.714897386312,161.6262617038181,1132.4544801332418,57.41144444444444
398,4,2,40,1,True,2048,64,20260329,20260329,cp1_mbt2048_mns64,40,40,40,91.17548953508958,91.17548953508958,91.17548953508958,91.1788514640648,91.17915030219592,91.1792250117287,66.8034523841925,66.8034523841925,66.8034523841925,66.81692621428877,66.8181238880751,2696.510132518597,2696.510132518597,2696.510132518597,2697.0322499633767,2697.0786604029126,1774788437.4683812,1774788440.165654,1774788437.5595603,1774788440.165654,41,21.0,82,42.0,3,6,186.55780203102293,230.293,112.007,486.1870578372478,129.1463575865785,336.56747100276414,57.41144444444444
399,5,24,50,1,True,2048,64,20260329,20260329,cp1_mbt2048_mns64,50,50,50,234.62922790592225,234.62922790592225,237.7821239642799,247.07865987438709,249.64263007044792,250.35962997935712,68.01898095613824,68.01898095613824,68.04179735671805,68.78495887218861,68.87429782507789,3567.559294756696,3567.559294756696,3571.794578980189,3605.178440123564,3608.309118024772,1774788441.0763507,1774788444.68952,1774788441.2341475,1774788444.68952,51,26.0,1224,624.0,4,96,199.87226239178915,232.685,95.474,690.6331333612204,142.4608179473447,492.255202912132,57.41144444444444
400,1,16,40,1,True,2048,64,20260329,20260329,cp1_mbt2048_mns64,40,40,40,214.2831807941548,214.2831807941548,227.00997244101012,228.70265974779613,229.40922631532885,229.58586795721203,68.4566569823521,68.4566569823521,68.44004697482794,68.79552841061152,68.8108130868596,2884.0928031058866,2884.0928031058866,2896.553718019277,2909.963207435794,2910.864132666029,1774788445.569883,1774788448.4844763,1774788445.6615777,1774788448.4844763,41,21.0,656,336.0,3,48,188.640580563754,229.839,96.74,532.513235743046,131.22913611930957,370.4465480853454,57.41144444444444
401,2,12,300,1,True,2048,64,20260329,20260329,cp1_mbt2048_mns64,300,300,300,215.29985488935685,215.29985488935685,226.62742948159573,228.0230921460316,228.22986401151863,228.28155697789043,68.2063595599917,68.2063595599917,68.20724895835252,68.24035087252273,68.24432078061352,20609.00136332687,20609.00136332687,20620.600033027586,20629.833137063542,20630.34458819893,1774788449.3745494,1774788470.008853,1774788449.4677672,1774788470.008853,301,151.0,3612,1812.0,19,228,224.29495788108645,230.61,106.147,4607.26195641315,166.883513436642,3427.9685547672248,57.41144444444444
402,5,16,200,1,True,2048,64,20260329,20260329,cp1_mbt2048_mns64,200,200,200,208.15693617623765,208.15693617623765,237.3179699643515,240.4739485355094,241.7800608323887,242.1065889066085,68.23409828266723,68.23409828266723,68.22674941469273,68.29504007660788,68.30449449974837,13786.742494427015,13786.742494427015,13814.84566803556,13829.132845246932,13830.934129859088,1774788470.8937116,1774788484.7275426,1774788470.9952602,1774788484.7275426,201,101.0,3216,1616.0,13,208,221.96945860819463,230.783,112.789,3048.147289811968,164.55801416375022,2259.757121701412,57.41144444444444
403,5,48,20,1,True,2048,64,20260329,20260329,cp1_mbt2048_mns64,20,20,20,280.15556081421283,280.15556081421283,299.0306225256063,312.8577617928386,313.95579301868565,314.60529402829707,69.65686623599348,69.65686623599348,69.50074949877728,71.79711855837684,72.10909649110889,1603.636019298089,1603.636019298089,1622.8644525981508,1673.3541006047744,1675.4938965314068,1774788485.6522317,1774788487.3351183,1774788485.7663105,1774788487.3351183,21,11.0,1008,528.0,2,96,155.75625392014078,233.582,84.644,244.3516323330402,98.34480947569634,154.28410816293288,57.41144444444444
404,2,6,10,1,True,2048,64,20260329,20260329,cp1_mbt2048_mns64,10,10,10,164.77256380797675,164.77256380797675,186.9420990115032,188.2923947123345,188.48852931405412,188.5375629644841,68.15152202249953,68.15152202249953,68.17031855462119,68.5270039183605,68.58456362711473,778.1362620104725,778.1362620104725,798.7325424910523,803.9899622672237,804.4253428583033,1774788488.2053106,1774788489.0104346,1774788488.3250532,1774788489.0104346,11,6.0,66,36.0,1,6,98.57021344711684,155.01,81.821,67.55819212341306,41.15876900267241,28.209455236064045,57.41144444444444
405,4,2,10,1,True,2048,64,20260329,20260329,cp1_mbt2048_mns64,10,10,10,123.06334648746996,123.06334648746996,123.06334648746996,152.94451781082898,155.6006219284609,156.26464795786887,66.68808238787784,66.68808238787784,66.68808238787784,66.71732443824618,66.71992373161225,723.2560879783705,723.2560879783705,723.2560879783705,752.8740808484145,755.5067913257517,1774788489.8680053,1774788490.6243598,1774788489.957867,1774788490.6243598,11,6.0,22,12.0,1,2,118.88533770766604,125.106,114.768,79.23623813223838,61.47389326322159,40.9719157924917,57.41144444444444
406,1,56,150,1,True,2048,64,20260329,20260329,cp1_mbt2048_mns64,150,150,150,1134.5010204864334,1134.5010204864334,1167.792757449206,1238.767469447339,1253.935326251667,1260.248570004478,68.42516843132817,68.42516843132817,68.5991858153279,68.90608929371112,68.96051827043875,11329.851116754333,11329.851116754333,11393.938862951472,11448.30872595776,11457.40856709308,1774788491.5707753,1774788503.0433688,1774788492.538651,1774788503.0433688,151,76.0,8456,4256.0,10,560,234.6101398341533,238.298,165.159,2464.5133182740205,177.19869538970883,1861.422294353644,57.41144444444444
407,3,24,200,1,True,2048,64,20260329,20260329,cp1_mbt2048_mns64,200,200,200,342.9866007257563,342.9866007257563,363.0295075126924,367.2364329919219,367.34612877015024,367.36970697529614,67.63456557532504,67.63456557532504,67.64661780401747,67.74921436283981,67.75410295236533,13802.26515021544,13802.26515021544,13825.643822026905,13846.876177733066,13847.663477656895,1774788503.9318972,1774788517.7834992,1774788504.0838485,1774788517.7834992,201,101.0,4824,2424.0,13,312,224.95909177161693,233.618,114.896,3081.8609935624586,167.54764732717248,2295.3442547900663,57.41144444444444
408,4,64,300,1,True,2048,64,20260329,20260329,cp1_mbt2048_mns64,300,300,300,356.62329879232857,356.62329879232857,379.6881755115464,398.92224551877007,400.4167515772861,401.0151759721339,69.43074987242026,69.43074987242026,69.41270657361837,69.60744112272542,69.61691937185466,21116.417510645988,21116.417510645988,21124.32066554902,21195.319819345605,21201.629338477505,1774788518.7144651,1774788539.9266443,1774788518.8474376,1774788539.9266443,301,151.0,19264,9664.0,19,1216,232.78523414422824,240.421,79.452,4906.928068419749,175.3737896997838,3696.74036373732,57.41144444444444
409,2,12,100,1,True,2048,64,20260329,20260329,cp1_mbt2048_mns64,100,100,100,223.2886761000069,223.2886761000069,227.9581429902464,231.5109836519696,231.9006863725372,231.99811205267903,68.12000590645448,68.12000590645448,68.17817012544232,68.30058188461041,68.3073074311004,6967.169260839,6967.169260839,6978.403171058744,6990.872959169792,6991.379564633826,1774788540.8115897,1774788547.804427,1774788540.9799097,1774788547.804427,101,51.0,1212,612.0,7,84,215.1663607575383,230.897,81.24,1468.406489323018,157.75491631309387,1076.601110048941,57.41144444444444
410,4,16,75,1,True,2048,64,20260329,20260329,cp1_mbt2048_mns64,75,75,75,208.88186120282623,208.88186120282623,225.61772249173373,227.53472055774185,228.43947128858417,228.6656589712948,68.32624537649257,68.32624537649257,68.31792045252499,68.54292628987741,68.5462387934692,5265.024019063276,5265.024019063276,5280.33521049656,5297.790980228456,5298.57236086973,1774788548.7514253,1774788554.052117,1774788548.842967,1774788554.052117,76,38.5,1216,616.0,5,80,208.9787379709988,231.04,83.76,1088.6016087657215,151.56729352655435,789.5367785796991,57.41144444444444
411,3,16,75,1,True,2048,64,20260329,20260329,cp1_mbt2048_mns64,75,75,75,204.090507068031,204.090507068031,228.36228099185973,231.89226925023831,232.309973082738,232.4143990408629,68.27885231748066,68.27885231748066,68.23516399300708,68.48704187841331,68.49611352160069,5256.7255785616,5256.7255785616,5280.398554983549,5297.537910955725,5298.968248575693,1774788554.9472232,1774788560.251051,1774788555.0431728,1774788560.251051,76,38.5,1216,616.0,5,80,209.6981983121099,231.013,106.257,1092.0826572817566,152.28675386766548,793.090852335705,57.41144444444444
412,3,48,10,1,True,2048,64,20260329,20260329,cp1_mbt2048_mns64,10,10,10,252.1811735641677,252.1811735641677,244.20773348538205,304.86105366726406,313.7821140768938,319.1669599618763,72.21461868795342,72.21461868795342,71.60976972793125,77.85478871082887,79.77211286585468,902.1127417557484,902.1127417557484,903.8860319997184,953.040203556884,957.215961992042,1774788561.2002168,1774788562.1817777,1774788561.3280349,1774788562.1817777,11,6.0,528,288.0,1,48,114.96976171312112,160.11,84.286,98.15458322739602,57.55831726867667,49.13998740707504,57.41144444444444
413,2,40,20,1,True,2048,64,20260329,20260329,cp1_mbt2048_mns64,20,20,20,241.4519888756331,241.4519888756331,238.48351452033967,288.7793092580977,307.4749556579627,311.9233140023425,69.26123781702604,69.26123781702604,68.95033839330273,71.49983786083268,72.24276118636081,1557.4155073991278,1557.4155073991278,1566.390811058227,1595.728374121245,1606.9392665021587,1774788563.1872663,1774788564.8159752,1774788563.3075228,1774788564.8159752,21,11.0,840,440.0,2,80,156.69369090083185,234.216,86.728,236.3649765276909,99.2822464563874,149.76254448005892,57.41144444444444
414,3,56,200,1,True,2048,64,20260329,20260329,cp1_mbt2048_mns64,200,200,200,280.0742900352426,280.0742900352426,280.0637675682083,332.7349709288683,342.86440663272515,346.874890034087,68.69562527805226,68.69562527805226,68.70297191696167,68.85184103405996,68.88396045776322,13950.503720367644,13950.503720367644,13949.813977524173,14017.304423963653,14028.061474557036,1774788565.805776,1774788579.8651755,1774788565.9536524,1774788579.8651755,201,101.0,11256,5656.0,13,728,228.59737072745548,238.39,86.779,3180.137604323269,171.18592628301104,2381.456968516788,57.41144444444444
415,1,2,100,1,True,2048,64,20260329,20260329,cp1_mbt2048_mns64,100,100,100,90.22198698949067,90.22198698949067,90.22198698949067,90.39853187277912,90.41422475129366,90.41814797092228,66.8046521516799,66.8046521516799,66.8046521516799,66.81126276080525,66.81185037050528,6703.882550005801,6703.882550005801,6703.882550005801,6704.713545192499,6704.787411431316,1774788580.7308452,1774788587.4356506,1774788580.821068,1774788587.4356506,101,51.0,202,102.0,7,14,213.7423448641433,230.89,88.044,1413.816382098794,156.33090041969888,1034.063644160496,57.41144444444444
416,1,16,50,1,True,2048,64,20260329,20260329,cp1_mbt2048_mns64,50,50,50,213.98691882495768,213.98691882495768,226.8854739959352,229.46293774293736,229.510867560748,229.52285001520067,68.42752926396705,68.42752926396705,68.4219694895936,68.73397005137474,68.7566327361143,3566.935852759343,3566.935852759343,3579.629036015831,3594.4432142714504,3594.824963650899,1774788588.3415716,1774788591.9394891,1774788588.4342265,1774788591.9394891,51,26.0,816,416.0,4,64,198.0794887611584,230.594,94.725,694.3206736412045,140.6680443167139,493.07847016678886,57.41144444444444
417,5,12,75,1,True,2048,64,20260329,20260329,cp1_mbt2048_mns64,75,75,75,214.035774183382,214.035774183382,224.70348951173943,228.94147747429088,229.1106314607896,229.15291995741427,68.21748637253427,68.21748637253427,68.20808026414188,68.38958169816603,68.39489033934974,5262.129765750918,5262.129765750918,5275.202938530128,5284.124978375621,5285.337866102345,1774788592.8332517,1774788598.1237714,1774788592.9250426,1774788598.1237714,76,38.5,912,462.0,5,60,207.75534390968332,230.076,90.942,1080.0636896997685,150.34389946523893,781.5971600271723,57.41144444444444
418,3,48,40,1,True,2048,64,20260329,20260329,cp1_mbt2048_mns64,40,40,40,251.35768415930207,251.35768415930207,247.04883096273988,314.788236154709,330.02987344400026,338.6741909198463,69.16486811336591,69.16486811336591,69.12481215280982,70.60260138047548,70.8109209191305,2948.787540580573,2948.787540580573,2951.951906550676,3010.0165842159186,3021.042326184688,1774788599.0782557,1774788602.114366,1774788599.2085297,1774788602.114366,41,21.0,1968,1008.0,3,144,195.0561429238129,235.785,99.721,566.8012756876947,137.64469847936846,399.97300018501295,57.41144444444444
419,5,24,200,1,True,2048,64,20260329,20260329,cp1_mbt2048_mns64,200,200,200,226.36091253662016,226.36091253662016,237.1276350459084,249.9761246086564,253.3800087077543,254.39226906746623,67.64499967131168,67.64499967131168,67.64484423647949,67.74604512827854,67.74841171513246,13687.715847127643,13687.715847127643,13701.6797925462,13726.288687885972,13727.577311523492,1774788603.1035173,1774788616.840524,1774788603.218016,1774788616.840524,201,101.0,4824,2424.0,13,312,224.51375558668812,233.315,96.893,3058.440389065149,167.10231114224374,2276.3525387032987,57.41144444444444
420,4,56,75,1,True,2048,64,20260329,20260329,cp1_mbt2048_mns64,75,75,75,335.42057504070857,335.42057504070857,332.90656202007085,402.09979843348265,409.6047098166309,413.5802990058437,68.78553404955734,68.78553404955734,68.765767864927,69.2000045571665,69.83034901621411,5425.550094707952,5425.550094707952,5429.717454535421,5506.680708436761,5508.526611601701,1774788617.7854435,1774788623.305838,1774788617.989446,1774788623.305838,76,38.5,4256,2156.0,5,280,213.8192496902604,237.091,90.689,1136.746987693191,156.40780524581595,831.5252332165642,57.41144444444444
421,5,60,50,1,True,2048,64,20260329,20260329,cp1_mbt2048_mns64,50,50,50,277.117920088737,277.117920088737,278.6563924746588,324.33290990884416,336.5310116834007,337.999937008135,69.26631334453162,69.26631334453162,69.31398706083016,69.96030585617018,70.0018902716455,3671.1672739707865,3671.1672739707865,3676.634352072142,3730.5417571915314,3743.044974887744,1774788624.332327,1774788628.1099195,1774788624.4699705,1774788628.1099195,51,26.0,3060,1560.0,4,240,202.95095942900693,238.181,100.026,738.731158734202,145.5395149845625,529.7564241560959,57.41144444444444
422,2,48,300,1,True,2048,64,20260329,20260329,cp1_mbt2048_mns64,300,300,300,265.5973236663461,265.5973236663461,295.36104504950345,308.3952282264363,311.5348553506192,312.5720259267837,68.39223845568283,68.39223845568283,68.39283929112209,68.49300348683475,68.49941453842342,20714.87662191551,20714.87662191551,20732.299781986512,20786.64438981796,20788.90956860385,1774788629.0365698,1774788649.8304272,1774788629.1426322,1774788649.8304272,301,151.0,14448,7248.0,19,912,230.9015226059429,237.744,108.457,4776.843347260841,173.4900781614985,3589.1271583160515,57.41144444444444
423,2,16,200,1,True,2048,64,20260329,20260329,cp1_mbt2048_mns64,200,200,200,208.26577201660257,208.26577201660257,233.1025890307501,235.41957346606068,236.07782269245945,236.2423849990592,68.24903818895694,68.24903818895694,68.24170919831366,68.3224904384574,68.32439656010781,13789.824371619034,13789.824371619034,13814.376178430392,13829.724392533535,13832.258582516806,1774788650.7236643,1774788664.5574589,1774788650.8221643,1774788664.5574589,201,101.0,3216,1616.0,13,208,222.2975993081135,231.323,84.867,3053.3230110259096,164.88615486366905,2264.759909291775,57.41144444444444
424,2,56,150,1,True,2048,64,20260329,20260329,cp1_mbt2048_mns64,150,150,150,285.1141858742007,285.1141858742007,286.6758445161395,341.5361557272263,366.15767381154,374.3640610482544,68.65137719460728,68.65137719460728,68.65124342238042,68.86390623505284,68.87928403436594,10514.169387870685,10514.169387870685,10512.192860012874,10576.59628649708,10595.029347098898,1774788665.6171658,1774788676.255629,1774788665.7914407,1774788676.255629,151,76.0,8456,4256.0,10,560,225.47536440021025,238.316,85.631,2359.416678511021,168.06391995576578,1758.6525111264232,57.41144444444444
425,1,48,10,1,True,2048,64,20260329,20260329,cp1_mbt2048_mns64,10,10,10,283.8890565908514,283.8890565908514,301.6287049977109,315.291108150268,317.0676893310156,318.2602729648352,72.25178070452615,72.25178070452615,71.94754955384673,76.69794162825887,77.30691915610805,934.1550829315868,934.1550829315868,943.2801059447228,999.1686525463592,1005.5487198138144,1774788677.188841,1774788678.1998832,1774788677.3001657,1774788678.1998832,11,6.0,528,288.0,1,48,115.68394063660254,159.405,83.903,104.08287388253213,58.27249619215811,52.428788634035335,57.41144444444444
426,2,40,40,1,True,2048,64,20260329,20260329,cp1_mbt2048_mns64,40,40,40,270.2640714123845,270.2640714123845,240.21760548930607,374.6060268837027,378.2154614839237,380.3562510292977,68.02476228823743,68.02476228823743,67.93414173014939,68.93478997517377,69.0950360310634,2923.229800653644,2923.229800653644,2920.4927000100724,3008.818564476678,3013.846355105052,1774788679.1387515,1774788682.1582026,1774788679.3324687,1774788682.1582026,41,21.0,1640,840.0,3,120,195.04382783291945,235.283,90.83,551.1419563069342,137.632383388475,388.9124914882712,57.41144444444444
427,4,16,10,1,True,2048,64,20260329,20260329,cp1_mbt2048_mns64,10,10,10,214.17998011020245,214.17998011020245,226.3771505095065,229.5359757263213,229.716683132574,229.76185998413712,69.4187230247836,69.4187230247836,69.57223422230325,70.79342839036447,71.04393279684396,838.9484873332549,838.9484873332549,852.5400585494936,864.103319530841,864.9484015884809,1774788683.0417345,1774788683.9091427,1774788683.1334128,1774788683.9091427,11,6.0,176,96.0,1,16,116.99921320541084,179.876,106.381,90.75978733256945,59.58776876096639,46.224013582661634,57.41144444444444
428,2,16,100,1,True,2048,64,20260329,20260329,cp1_mbt2048_mns64,100,100,100,207.7327063161647,207.7327063161647,226.92300903145224,232.829608488828,232.861649710685,232.86966001614928,68.2505552946958,68.2505552946958,68.21160372687655,68.42322084368348,68.46317486858673,6964.537680491048,6964.537680491048,6981.100666977,7006.404483487131,7009.686184726888,1774788684.809739,1774788691.8202448,1774788684.9059613,1774788691.8202448,101,51.0,1616,816.0,7,112,212.46554990497253,229.979,90.55,1469.0470490057455,155.05410546052806,1072.088045167286,57.41144444444444
429,5,64,20,1,True,2048,64,20260329,20260329,cp1_mbt2048_mns64,20,20,20,274.9715004320024,274.9715004320024,278.8920949678868,316.2734325393103,334.54380911891343,346.3239510310814,71.31141954156,71.31141954156,70.94327139508862,74.26352635804123,74.93933777674101,1629.8884717216424,1629.8884717216424,1630.9330760268494,1706.2381731753703,1730.5493007483892,1774788692.873499,1774788694.6361196,1774788692.998292,1774788694.6361196,21,11.0,1344,704.0,2,128,159.40625997172737,236.832,93.015,261.0799777436256,101.99481552728292,167.04992747807498,57.41144444444444
430,3,40,50,1,True,2048,64,20260329,20260329,cp1_mbt2048_mns64,50,50,50,318.79960449878126,318.79960449878126,355.9614095138386,372.3475566657726,373.0183383426629,373.1152950786054,67.792337200229,67.792337200229,67.80791269467991,68.19547754403547,68.31760996567769,3640.624127310002,3640.624127310002,3667.4111440079287,3712.322275835322,3715.672192419879,1774788695.552132,1774788699.2736228,1774788695.730849,1774788699.2736228,51,26.0,2040,1040.0,4,160,203.23258597281733,234.861,103.371,720.0070653642416,145.82114152837292,516.611308552411,57.41144444444444
431,1,2,20,1,True,2048,64,20260329,20260329,cp1_mbt2048_mns64,20,20,20,90.68643650971352,90.68643650971352,90.68643650971352,90.8444580156356,90.85850437171756,90.86201596073806,66.77143718422342,66.77143718422342,66.77143718422342,66.8047070837163,66.80766440811566,1359.3437430099584,1359.3437430099584,1359.3437430099584,1360.1338926062454,1360.2041281259153,1774788700.136793,1774788701.497014,1774788700.2274766,1774788701.497014,21,11.0,42,22.0,2,4,139.58044814281251,229.635,93.262,177.20260604917996,82.16900369836806,104.31662733248864,57.41144444444444
432,1,24,150,1,True,2048,64,20260329,20260329,cp1_mbt2048_mns64,150,150,150,225.5985328083625,225.5985328083625,233.73008606722576,237.3267267481424,239.45921490667388,240.09304109495133,67.70631445680382,67.70631445680382,67.71705078817403,67.89569354318427,67.91983725914838,10313.839386872132,10313.839386872132,10320.313778938726,10350.597424455918,10354.14271548274,1774788702.402542,1774788712.7604754,1774788702.5032904,1774788712.7604754,151,76.0,3624,1824.0,10,240,220.9677767448545,232.968,107.789,2266.507361199497,163.55633230041002,1677.6275554318022,57.41144444444444
433,5,12,200,1,True,2048,64,20260329,20260329,cp1_mbt2048_mns64,200,200,200,223.50478549681915,223.50478549681915,231.17357247974724,236.61562262568623,236.7161085316912,236.7412300081924,68.15874954289522,68.15874954289522,68.17882507308224,68.24588096597063,68.25634915406826,13787.09594453297,13787.09594453297,13800.105188041924,13812.847079290075,13813.740193480626,1774788713.6431289,1774788727.4584794,1774788713.784391,1774788727.4584794,201,101.0,2412,1212.0,13,156,221.82543921947024,230.6,90.069,3033.260682577852,164.4139947750258,2248.211511589663,57.41144444444444
434,3,64,20,1,True,2048,64,20260329,20260329,cp1_mbt2048_mns64,20,20,20,291.8289905974234,291.8289905974234,306.3847520388663,323.6179232655559,326.2820869521238,327.7994639938697,71.3051542048848,71.3051542048848,70.99626342288072,74.31512732720492,74.67676215615172,1646.6269204902346,1646.6269204902346,1652.155962481629,1730.522655445384,1739.8041385924444,1774788728.424941,1774788730.1677172,1774788728.546271,1774788730.1677172,21,11.0,1344,704.0,2,128,160.12782511780165,237.401,99.766,259.6386427685022,102.7163806733572,166.54907820363837,57.41144444444444
435,2,16,20,1,True,2048,64,20260329,20260329,cp1_mbt2048_mns64,20,20,20,214.7143698239233,214.7143698239233,231.65751807391644,233.41274776612408,233.4571783489082,233.46828599460423,69.08566920710176,69.08566920710176,69.0589118687632,70.13043444787496,70.19720263717892,1527.3420847588568,1527.3420847588568,1543.2998799951747,1564.4927922985516,1566.2907936493866,1774788731.066969,1774788732.6346295,1774788731.1641088,1774788732.6346295,21,11.0,336,176.0,2,32,149.5354728873015,229.742,99.573,219.8950134669542,92.12402844285704,135.47029399732747,57.41144444444444
436,2,64,100,1,True,2048,64,20260329,20260329,cp1_mbt2048_mns64,100,100,100,287.1340528326982,287.1340528326982,293.63035899586976,337.4254523543641,352.90227427263744,355.4111969424412,69.22500763585508,69.22500763585508,69.24484284874522,69.71728558895516,69.78369700978746,7140.409808782351,7140.409808782351,7141.880606475752,7220.71969784447,7230.129041748587,1774788733.739436,1774788740.99982,1774788733.884842,1774788740.99982,101,51.0,6464,3264.0,7,448,216.38680107614405,238.178,68.48,1539.5873453820946,158.97535663169958,1131.1061769042149,57.41144444444444
437,3,60,10,1,True,2048,64,20260329,20260329,cp1_mbt2048_mns64,10,10,10,429.5758119803698,429.5758119803698,444.977977545932,461.20163197629154,463.211583403172,463.2159729953855,73.51542622717615,73.51542622717615,72.98130322144263,79.5812230615411,80.11356677407295,1091.214648024955,1091.214648024955,1103.367998439353,1164.8101667815354,1170.234500706429,1774788741.9498065,1774788743.1298614,1774788742.13596,1774788743.1298614,11,6.0,660,360.0,1,60,128.20120376654822,191.629,94.764,127.4193370271921,70.78975932210378,70.35803047186798,57.41144444444444
438,3,12,75,1,True,2048,64,20260329,20260329,cp1_mbt2048_mns64,75,75,75,210.4282310271325,210.4282310271325,227.00209851609543,228.9361216709949,229.05152353690937,229.080374003388,68.00612838842343,68.00612838842343,67.99484760110342,68.22464612959192,68.24651108499351,5242.881731770467,5242.881731770467,5259.8574490402825,5275.284678814933,5277.025619735941,1774788744.0197854,1774788749.298495,1774788744.1126225,1774788749.298495,76,38.5,912,462.0,5,60,206.55119900504465,229.616,106.134,1071.1482433226108,149.1397545606002,773.4197955599891,57.41144444444444
439,5,24,150,1,True,2048,64,20260329,20260329,cp1_mbt2048_mns64,150,150,150,226.96327240555547,226.96327240555547,238.82750747725368,253.08808127301745,255.29474143055268,255.92355499975383,67.70676741560388,67.70676741560388,67.69593350312692,67.92027189356475,67.94223894299502,10315.271617330533,10315.271617330533,10325.30724647222,10362.344091339037,10364.762554691406,1774788750.3200831,1774788760.70261,1774788750.4424384,1774788760.70261,151,76.0,3624,1824.0,10,240,219.13458325375936,232.998,68.022,2248.35843903804,161.72313880931492,1659.307164257952,57.41144444444444
440,4,64,10,1,True,2048,64,20260329,20260329,cp1_mbt2048_mns64,10,10,10,315.1226055215375,315.1226055215375,303.5437045036815,413.7741217156872,417.3347649921197,418.2732759509236,75.08682178579167,75.08682178579167,74.42191999871284,82.15305913019822,82.66773836040456,990.9040015936624,990.9040015936624,987.7670140122063,1121.482958929846,1157.7797815483063,1774788761.6606345,1774788762.8220294,1774788761.8685143,1774788762.8220294,11,6.0,704,384.0,1,64,105.91159263884566,144.942,69.354,100.9882978466749,48.50014819440123,46.2456213661697,57.41144444444444
442,2,24,300,1,True,2048,64,20260329,20260329,cp1_mbt2048_mns64,300,300,300,220.6640711228829,220.6640711228829,229.17010047240183,233.13962774118409,233.3946611662396,233.45086304470897,67.48139917198141,67.48139917198141,67.48421258023663,67.55399901712279,67.55701794547969,20397.60242354532,20397.60242354532,20403.681322932243,20429.07036242541,20432.02023342019,1774788766.009041,1774788786.443194,1774788766.10578,1774788786.443194,301,151.0,7224,3624.0,19,456,226.3852823567478,234.143,87.987,4604.091162766581,168.97383791230337,3436.490860942223,57.41144444444444
443,5,48,75,1,True,2048,64,20260329,20260329,cp1_mbt2048_mns64,75,75,75,252.52897451961567,252.52897451961567,247.81014898326248,304.5950989529956,325.6418000650593,339.719827985391,68.2369809430777,68.2369809430777,68.16578172210201,68.86080046187507,69.02821285344936,5302.065564307365,5302.065564307365,5307.055598008446,5354.721719678491,5376.613916177303,1774788787.397802,1774788792.7852583,1774788787.5311708,1774788792.7852583,76,38.5,3648,1848.0,5,240,211.42788916777283,236.669,97.513,1110.8606690672634,154.0164447233284,809.2159057453075,57.41144444444444
444,5,16,10,1,True,2048,64,20260329,20260329,cp1_mbt2048_mns64,10,10,10,292.8701150594861,292.8701150594861,332.1095129940659,336.2912129377946,336.3215322373435,336.3291120622307,69.40554372138448,69.40554372138448,69.12874766728945,70.787989744632,70.9677350092938,917.5200085519464,917.5200085519464,950.5751969991252,972.9196689440868,973.7579865264706,1774788793.666744,1774788794.642048,1774788793.8650258,1774788794.642048,11,6.0,176,96.0,1,16,94.01015625069996,150.373,68.428,73.04797122514246,36.59871180625551,28.43800875908797,57.41144444444444
445,4,60,150,1,True,2048,64,20260329,20260329,cp1_mbt2048_mns64,150,150,150,300.36405325712013,300.36405325712013,312.3779710731469,327.7235584857408,330.22766420035623,332.932151039131,69.03384680591755,69.03384680591755,69.02653500969028,69.40167233540876,69.42393492754148,10586.407227338836,10586.407227338836,10598.199732019566,10662.707332498394,10668.500279171858,1774788795.592076,1774788806.2656417,1774788795.7099988,1774788806.2656417,151,76.0,9060,4560.0,10,600,222.61904440715568,239.383,90.913,2349.887069790242,165.2075999627112,1743.8723808077552,57.41144444444444
446,1,56,75,1,True,2048,64,20260329,20260329,cp1_mbt2048_mns64,75,75,75,296.5695658328644,296.5695658328644,295.43951095547527,349.7631515492685,358.2441756268963,361.8980390019715,68.80802163535897,68.80802163535897,68.74794972277044,69.34298721544847,69.43446412254629,5388.363166849428,5388.363166849428,5384.766103001311,5468.731157772709,5481.878078571754,1774788807.3174417,1774788812.8169975,1774788807.4661446,1774788812.8169975,76,38.5,4256,2156.0,5,280,212.7503194020977,237.131,92.275,1138.3956776558157,155.33887495765327,831.1954798501988,57.41144444444444
447,3,40,40,1,True,2048,64,20260329,20260329,cp1_mbt2048_mns64,40,40,40,238.17824336874764,238.17824336874764,240.59063254389912,257.8297895146534,262.020539714722,262.28114392142743,68.73460743719569,68.73460743719569,68.78939496042827,69.82990215436962,69.9049742192997,2918.8279334193794,2918.8279334193794,2922.4628930096515,2965.9747754980344,2976.676314516226,1774788813.821849,1774788816.8079236,1774788813.9444232,1774788816.8079236,41,21.0,1640,840.0,3,120,192.5866487085225,234.738,70.19,551.471937267542,135.17520426407808,387.07424562369465,57.41144444444444
448,3,60,50,1,True,2048,64,20260329,20260329,cp1_mbt2048_mns64,50,50,50,281.5693523560185,281.5693523560185,288.68592699291185,329.5344746380579,338.1031314190477,339.0008630231023,69.29570089061079,69.29570089061079,69.30484532554425,70.05492863981813,70.09942915345238,3677.0586959959473,3677.0586959959473,3675.312203529757,3741.576203360455,3766.2560322810896,1774788817.8364086,1774788821.6217887,1774788817.9799206,1774788821.6217887,51,26.0,3060,1560.0,4,240,202.99182392346708,238.094,87.811,739.2694510452746,145.58037947902264,530.1845421173042,57.41144444444444
449,1,64,10,1,True,2048,64,20260329,20260329,cp1_mbt2048_mns64,10,10,10,343.9287834407878,343.9287834407878,365.95677997684106,390.2840898896102,393.7006216740701,396.0426240228117,72.68058183318418,72.68058183318418,72.91178083849243,76.12939664977603,76.31664369087149,998.0540199394454,998.0540199394454,1000.6672189920208,1059.7417788696475,1065.3446031059138,1774788822.557567,1774788823.6360736,1774788822.739391,1774788823.6360736,11,6.0,704,384.0,1,64,114.06642617441456,177.668,85.87,102.28136828386783,56.65498172997013,50.80153070263069,57.41144444444444
